[VMM] kmap va=0xFFFF900000000000 pa=0x0000000004901000
[BEFORE SPLIT]
current=0x0xFFFF900000000000
current->size=0x0x0000000000000FE0
request=0x0x0000000000000200
header=0x0x0000000000000020
[AFTER SPLIT]
new_block=0x0xFFFF900000000220
new_block->size=0x0x0000000000000DC0
new_block->magic=0x0x00000000DEADC0DE
new_block->next=0x0x0000000000000000
[heap] SPLIT block=0x0xFFFF900000000000 alloc=0x0x0000000000000200 remainder=0x0xFFFF900000000220 rem_size=0x0x0000000000000DC0
[heap] KMALLOC ptr=0x0xFFFF900000000020 size=0x0x0000000000000200 ra0=0x0xFFFFFFFF8000780D ra1=0x0xFFFFFFFF80006D0C ra2=0x0x0000000000000000
[heap] KFREE ptr=0x0xFFFF900000000020 size=0x0x0000000000000200 ra0=0x0xFFFFFFFF80007836
[MERGE CHECK]
current=0x0xFFFF900000000000
expected_next=0x0xFFFF900000000220
actual_next=0x0xFFFF900000000220
[heap] MERGE into=0x0xFFFF900000000000 absorb=0x0xFFFF900000000220 new_size=0x0x0000000000000FE0
[VMM] kmap va=0xFFFF900000001000 pa=0x0000000004904000
[VMM] kmap va=0xFFFF900000002000 pa=0x0000000004905000
[VMM] kmap va=0xFFFF900000003000 pa=0x0000000004906000
[VMM] kmap va=0xFFFF900000004000 pa=0x0000000004907000
[VMM] kmap va=0xFFFF900000005000 pa=0x0000000004908000
[VMM] kmap va=0xFFFF900000006000 pa=0x0000000004909000
[VMM] kmap va=0xFFFF900000007000 pa=0x000000000490A000
[VMM] kmap va=0xFFFF900000008000 pa=0x000000000490B000
[VMM] kmap va=0xFFFF900000009000 pa=0x000000000490C000
[VMM] kmap va=0xFFFF90000000A000 pa=0x000000000490D000
[VMM] kmap va=0xFFFF90000000B000 pa=0x000000000490E000
[VMM] kmap va=0xFFFF90000000C000 pa=0x000000000490F000
[VMM] kmap va=0xFFFF90000000D000 pa=0x0000000004910000
[VMM] kmap va=0xFFFF90000000E000 pa=0x0000000004911000
[VMM] kmap va=0xFFFF90000000F000 pa=0x0000000004912000
[VMM] kmap va=0xFFFF900000010000 pa=0x0000000004913000
[VMM] kmap va=0xFFFF900000011000 pa=0x0000000004914000
[VMM] kmap va=0xFFFF900000012000 pa=0x0000000004915000
[VMM] kmap va=0xFFFF900000013000 pa=0x0000000004916000
[VMM] kmap va=0xFFFF900000014000 pa=0x0000000004917000
[VMM] kmap va=0xFFFF900000015000 pa=0x0000000004918000
[VMM] kmap va=0xFFFF900000016000 pa=0x0000000004919000
[VMM] kmap va=0xFFFF900000017000 pa=0x000000000491A000
[VMM] kmap va=0xFFFF900000018000 pa=0x000000000491B000
[VMM] kmap va=0xFFFF900000019000 pa=0x000000000491C000
[VMM] kmap va=0xFFFF90000001A000 pa=0x000000000491D000
[VMM] kmap va=0xFFFF90000001B000 pa=0x000000000491E000
[VMM] kmap va=0xFFFF90000001C000 pa=0x000000000491F000
[VMM] kmap va=0xFFFF90000001D000 pa=0x0000000004920000
[VMM] kmap va=0xFFFF90000001E000 pa=0x0000000004921000
[VMM] kmap va=0xFFFF90000001F000 pa=0x0000000004922000
[VMM] kmap va=0xFFFF900000020000 pa=0x0000000004923000
[VMM] kmap va=0xFFFF900000021000 pa=0x0000000004924000
[VMM] kmap va=0xFFFF900000022000 pa=0x0000000004925000
[VMM] kmap va=0xFFFF900000023000 pa=0x0000000004926000
[VMM] kmap va=0xFFFF900000024000 pa=0x0000000004927000
[VMM] kmap va=0xFFFF900000025000 pa=0x0000000004928000
[VMM] kmap va=0xFFFF900000026000 pa=0x0000000004929000
[VMM] kmap va=0xFFFF900000027000 pa=0x000000000492A000
[VMM] kmap va=0xFFFF900000028000 pa=0x000000000492B000
[VMM] kmap va=0xFFFF900000029000 pa=0x000000000492C000
[VMM] kmap va=0xFFFF90000002A000 pa=0x000000000492D000
[VMM] kmap va=0xFFFF90000002B000 pa=0x000000000492E000
[VMM] kmap va=0xFFFF90000002C000 pa=0x000000000492F000
[VMM] kmap va=0xFFFF90000002D000 pa=0x0000000004930000
[VMM] kmap va=0xFFFF90000002E000 pa=0x0000000004931000
[VMM] kmap va=0xFFFF90000002F000 pa=0x0000000004932000
[VMM] kmap va=0xFFFF900000030000 pa=0x0000000004933000
[VMM] kmap va=0xFFFF900000031000 pa=0x0000000004934000
[VMM] kmap va=0xFFFF900000032000 pa=0x0000000004935000
[VMM] kmap va=0xFFFF900000033000 pa=0x0000000004936000
[VMM] kmap va=0xFFFF900000034000 pa=0x0000000004937000
[VMM] kmap va=0xFFFF900000035000 pa=0x0000000004938000
[VMM] kmap va=0xFFFF900000036000 pa=0x0000000004939000
[VMM] kmap va=0xFFFF900000037000 pa=0x000000000493A000
[VMM] kmap va=0xFFFF900000038000 pa=0x000000000493B000
[VMM] kmap va=0xFFFF900000039000 pa=0x000000000493C000
[VMM] kmap va=0xFFFF90000003A000 pa=0x000000000493D000
[VMM] kmap va=0xFFFF90000003B000 pa=0x000000000493E000
[VMM] kmap va=0xFFFF90000003C000 pa=0x000000000493F000
[VMM] kmap va=0xFFFF90000003D000 pa=0x0000000004940000
[VMM] kmap va=0xFFFF90000003E000 pa=0x0000000004941000
[VMM] kmap va=0xFFFF90000003F000 pa=0x0000000004942000
[VMM] kmap va=0xFFFF900000040000 pa=0x0000000004943000
[VMM] kmap va=0xFFFF900000041000 pa=0x0000000004944000
[VMM] kmap va=0xFFFF900000042000 pa=0x0000000004945000
[VMM] kmap va=0xFFFF900000043000 pa=0x0000000004946000
[VMM] kmap va=0xFFFF900000044000 pa=0x0000000004947000
[VMM] kmap va=0xFFFF900000045000 pa=0x0000000004948000
[VMM] kmap va=0xFFFF900000046000 pa=0x0000000004949000
[VMM] kmap va=0xFFFF900000047000 pa=0x000000000494A000
[VMM] kmap va=0xFFFF900000048000 pa=0x000000000494B000
[VMM] kmap va=0xFFFF900000049000 pa=0x000000000494C000
[VMM] kmap va=0xFFFF90000004A000 pa=0x000000000494D000
[VMM] kmap va=0xFFFF90000004B000 pa=0x000000000494E000
[VMM] kmap va=0xFFFF90000004C000 pa=0x000000000494F000
[VMM] kmap va=0xFFFF90000004D000 pa=0x0000000004950000
[VMM] kmap va=0xFFFF90000004E000 pa=0x0000000004951000
[VMM] kmap va=0xFFFF90000004F000 pa=0x0000000004952000
[VMM] kmap va=0xFFFF900000050000 pa=0x0000000004953000
[VMM] kmap va=0xFFFF900000051000 pa=0x0000000004954000
[VMM] kmap va=0xFFFF900000052000 pa=0x0000000004955000
[VMM] kmap va=0xFFFF900000053000 pa=0x0000000004956000
[VMM] kmap va=0xFFFF900000054000 pa=0x0000000004957000
[VMM] kmap va=0xFFFF900000055000 pa=0x0000000004958000
[VMM] kmap va=0xFFFF900000056000 pa=0x0000000004959000
[VMM] kmap va=0xFFFF900000057000 pa=0x000000000495A000
[VMM] kmap va=0xFFFF900000058000 pa=0x000000000495B000
[VMM] kmap va=0xFFFF900000059000 pa=0x000000000495C000
[VMM] kmap va=0xFFFF90000005A000 pa=0x000000000495D000
[VMM] kmap va=0xFFFF90000005B000 pa=0x000000000495E000
[VMM] kmap va=0xFFFF90000005C000 pa=0x000000000495F000
[VMM] kmap va=0xFFFF90000005D000 pa=0x0000000004960000
[VMM] kmap va=0xFFFF90000005E000 pa=0x0000000004961000
[VMM] kmap va=0xFFFF90000005F000 pa=0x0000000004962000
[VMM] kmap va=0xFFFF900000060000 pa=0x0000000004963000
[VMM] kmap va=0xFFFF900000061000 pa=0x0000000004964000
[VMM] kmap va=0xFFFF900000062000 pa=0x0000000004965000
[VMM] kmap va=0xFFFF900000063000 pa=0x0000000004966000
[VMM] kmap va=0xFFFF900000064000 pa=0x0000000004967000
[VMM] kmap va=0xFFFF900000065000 pa=0x0000000004968000
[VMM] kmap va=0xFFFF900000066000 pa=0x0000000004969000
[VMM] kmap va=0xFFFF900000067000 pa=0x000000000496A000
[VMM] kmap va=0xFFFF900000068000 pa=0x000000000496B000
[VMM] kmap va=0xFFFF900000069000 pa=0x000000000496C000
[VMM] kmap va=0xFFFF90000006A000 pa=0x000000000496D000
[VMM] kmap va=0xFFFF90000006B000 pa=0x000000000496E000
[VMM] kmap va=0xFFFF90000006C000 pa=0x000000000496F000
[VMM] kmap va=0xFFFF90000006D000 pa=0x0000000004970000
[VMM] kmap va=0xFFFF90000006E000 pa=0x0000000004971000
[VMM] kmap va=0xFFFF90000006F000 pa=0x0000000004972000
[VMM] kmap va=0xFFFF900000070000 pa=0x0000000004973000
[VMM] kmap va=0xFFFF900000071000 pa=0x0000000004974000
[VMM] kmap va=0xFFFF900000072000 pa=0x0000000004975000
[VMM] kmap va=0xFFFF900000073000 pa=0x0000000004976000
[VMM] kmap va=0xFFFF900000074000 pa=0x0000000004977000
[VMM] kmap va=0xFFFF900000075000 pa=0x0000000004978000
[VMM] kmap va=0xFFFF900000076000 pa=0x0000000004979000
[VMM] kmap va=0xFFFF900000077000 pa=0x000000000497A000
[VMM] kmap va=0xFFFF900000078000 pa=0x000000000497B000
[VMM] kmap va=0xFFFF900000079000 pa=0x000000000497C000
[VMM] kmap va=0xFFFF90000007A000 pa=0x000000000497D000
[VMM] kmap va=0xFFFF90000007B000 pa=0x000000000497E000
[VMM] kmap va=0xFFFF90000007C000 pa=0x000000000497F000
[VMM] kmap va=0xFFFF90000007D000 pa=0x0000000004980000
[VMM] kmap va=0xFFFF90000007E000 pa=0x0000000004981000
[VMM] kmap va=0xFFFF90000007F000 pa=0x0000000004982000
[VMM] kmap va=0xFFFF900000080000 pa=0x0000000004983000
[VMM] kmap va=0xFFFF900000081000 pa=0x0000000004984000
[VMM] kmap va=0xFFFF900000082000 pa=0x0000000004985000
[VMM] kmap va=0xFFFF900000083000 pa=0x0000000004986000
[VMM] kmap va=0xFFFF900000084000 pa=0x0000000004987000
[VMM] kmap va=0xFFFF900000085000 pa=0x0000000004988000
[VMM] kmap va=0xFFFF900000086000 pa=0x0000000004989000
[VMM] kmap va=0xFFFF900000087000 pa=0x000000000498A000
[VMM] kmap va=0xFFFF900000088000 pa=0x000000000498B000
[VMM] kmap va=0xFFFF900000089000 pa=0x000000000498C000
[VMM] kmap va=0xFFFF90000008A000 pa=0x000000000498D000
[VMM] kmap va=0xFFFF90000008B000 pa=0x000000000498E000
[VMM] kmap va=0xFFFF90000008C000 pa=0x000000000498F000
[VMM] kmap va=0xFFFF90000008D000 pa=0x0000000004990000
[VMM] kmap va=0xFFFF90000008E000 pa=0x0000000004991000
[VMM] kmap va=0xFFFF90000008F000 pa=0x0000000004992000
[VMM] kmap va=0xFFFF900000090000 pa=0x0000000004993000
[VMM] kmap va=0xFFFF900000091000 pa=0x0000000004994000
[VMM] kmap va=0xFFFF900000092000 pa=0x0000000004995000
[VMM] kmap va=0xFFFF900000093000 pa=0x0000000004996000
[VMM] kmap va=0xFFFF900000094000 pa=0x0000000004997000
[VMM] kmap va=0xFFFF900000095000 pa=0x0000000004998000
[VMM] kmap va=0xFFFF900000096000 pa=0x0000000004999000
[VMM] kmap va=0xFFFF900000097000 pa=0x000000000499A000
[VMM] kmap va=0xFFFF900000098000 pa=0x000000000499B000
[VMM] kmap va=0xFFFF900000099000 pa=0x000000000499C000
[VMM] kmap va=0xFFFF90000009A000 pa=0x000000000499D000
[VMM] kmap va=0xFFFF90000009B000 pa=0x000000000499E000
[VMM] kmap va=0xFFFF90000009C000 pa=0x000000000499F000
[VMM] kmap va=0xFFFF90000009D000 pa=0x00000000049A0000
[VMM] kmap va=0xFFFF90000009E000 pa=0x00000000049A1000
[VMM] kmap va=0xFFFF90000009F000 pa=0x00000000049A2000
[VMM] kmap va=0xFFFF9000000A0000 pa=0x00000000049A3000
[VMM] kmap va=0xFFFF9000000A1000 pa=0x00000000049A4000
[VMM] kmap va=0xFFFF9000000A2000 pa=0x00000000049A5000
[VMM] kmap va=0xFFFF9000000A3000 pa=0x00000000049A6000
[VMM] kmap va=0xFFFF9000000A4000 pa=0x00000000049A7000
[VMM] kmap va=0xFFFF9000000A5000 pa=0x00000000049A8000
[VMM] kmap va=0xFFFF9000000A6000 pa=0x00000000049A9000
[VMM] kmap va=0xFFFF9000000A7000 pa=0x00000000049AA000
[VMM] kmap va=0xFFFF9000000A8000 pa=0x00000000049AB000
[VMM] kmap va=0xFFFF9000000A9000 pa=0x00000000049AC000
[VMM] kmap va=0xFFFF9000000AA000 pa=0x00000000049AD000
[VMM] kmap va=0xFFFF9000000AB000 pa=0x00000000049AE000
[VMM] kmap va=0xFFFF9000000AC000 pa=0x00000000049AF000
[VMM] kmap va=0xFFFF9000000AD000 pa=0x00000000049B0000
[VMM] kmap va=0xFFFF9000000AE000 pa=0x00000000049B1000
[VMM] kmap va=0xFFFF9000000AF000 pa=0x00000000049B2000
[VMM] kmap va=0xFFFF9000000B0000 pa=0x00000000049B3000
[VMM] kmap va=0xFFFF9000000B1000 pa=0x00000000049B4000
[VMM] kmap va=0xFFFF9000000B2000 pa=0x00000000049B5000
[VMM] kmap va=0xFFFF9000000B3000 pa=0x00000000049B6000
[VMM] kmap va=0xFFFF9000000B4000 pa=0x00000000049B7000
[VMM] kmap va=0xFFFF9000000B5000 pa=0x00000000049B8000
[VMM] kmap va=0xFFFF9000000B6000 pa=0x00000000049B9000
[VMM] kmap va=0xFFFF9000000B7000 pa=0x00000000049BA000
[VMM] kmap va=0xFFFF9000000B8000 pa=0x00000000049BB000
[VMM] kmap va=0xFFFF9000000B9000 pa=0x00000000049BC000
[VMM] kmap va=0xFFFF9000000BA000 pa=0x00000000049BD000
[VMM] kmap va=0xFFFF9000000BB000 pa=0x00000000049BE000
[VMM] kmap va=0xFFFF9000000BC000 pa=0x00000000049BF000
[VMM] kmap va=0xFFFF9000000BD000 pa=0x00000000049C0000
[VMM] kmap va=0xFFFF9000000BE000 pa=0x00000000049C1000
[VMM] kmap va=0xFFFF9000000BF000 pa=0x00000000049C2000
[VMM] kmap va=0xFFFF9000000C0000 pa=0x00000000049C3000
[VMM] kmap va=0xFFFF9000000C1000 pa=0x00000000049C4000
[VMM] kmap va=0xFFFF9000000C2000 pa=0x00000000049C5000
[VMM] kmap va=0xFFFF9000000C3000 pa=0x00000000049C6000
[VMM] kmap va=0xFFFF9000000C4000 pa=0x00000000049C7000
[VMM] kmap va=0xFFFF9000000C5000 pa=0x00000000049C8000
[VMM] kmap va=0xFFFF9000000C6000 pa=0x00000000049C9000
[VMM] kmap va=0xFFFF9000000C7000 pa=0x00000000049CA000
[VMM] kmap va=0xFFFF9000000C8000 pa=0x00000000049CB000
[VMM] kmap va=0xFFFF9000000C9000 pa=0x00000000049CC000
[BEFORE SPLIT]
current=0x0xFFFF900000001000
current->size=0x0x00000000000C8FE0
request=0x0x00000000000C8000
header=0x0x0000000000000020
[AFTER SPLIT]
new_block=0x0xFFFF9000000C9020
new_block->size=0x0x0000000000000FC0
new_block->magic=0x0x00000000DEADC0DE
new_block->next=0x0x0000000000000000
[heap] SPLIT block=0x0xFFFF900000001000 alloc=0x0x00000000000C8000 remainder=0x0xFFFF9000000C9020 rem_size=0x0x0000000000000FC0
[heap] KMALLOC ptr=0x0xFFFF900000001020 size=0x0x00000000000C8000 ra0=0x0xFFFFFFFF8000788E ra1=0x0xFFFFFFFF80006D0C ra2=0x0x0000000000000000

[HEAP_WATCH_DEBUG] serial ready
[HEAP_WATCH] BSP DR0 watch magic @ target (4 bytes)
[smp] BSP lapic=0, CPUs reported=4
[smp] On[smp] CPU #1 online (lapic=1)
[smp] liCne CPUPU #2s:  online (lapic=24)/
4[smp] CPU #

--- RADAR3 AUTO-INSTA onlineLL ---
 (lapic=Status: Limine mengirim modul!
3)
Jumlah Modul: 8
Modul 1 | Ukuran: 182832 Bytes
 -> Raw string: [/kyuzen.png]
 -> Ekstrak Nama: [kyuzen.png]
[BEFORE SPLIT]
current=0x0xFFFF900000000000
current->size=0x0x0000000000000FE0
request=0x0x0000000000000200
header=0x0x0000000000000020
[AFTER SPLIT]
new_block=0x0xFFFF900000000220
new_block->size=0x0x0000000000000DC0
new_block->magic=0x0x00000000DEADC0DE
new_block->next=0x0xFFFF900000001000
[heap] SPLIT block=0x0xFFFF900000000000 alloc=0x0x0000000000000200 remainder=0x0xFFFF900000000220 rem_size=0x0x0000000000000DC0
[heap] KMALLOC ptr=0x0xFFFF900000000020 size=0x0x0000000000000200 ra0=0x0xFFFFFFFF80008427 ra1=0x0xFFFFFFFF80007492 ra2=0x0x0000000000000000
[heap] KFREE ptr=0x0xFFFF900000000020 size=0x0x0000000000000200 ra0=0x0xFFFFFFFF800084A3
[MERGE CHECK]
current=0x0xFFFF900000000000
expected_next=0x0xFFFF900000000220
actual_next=0x0xFFFF900000000220
[heap] MERGE into=0x0xFFFF900000000000 absorb=0x0xFFFF900000000220 new_size=0x0x0000000000000FE0
[BEFORE SPLIT]
current=0x0xFFFF900000000000
current->size=0x0x0000000000000FE0
request=0x0x0000000000000200
header=0x0x0000000000000020
[AFTER SPLIT]
new_block=0x0xFFFF900000000220
new_block->size=0x0x0000000000000DC0
new_block->magic=0x0x00000000DEADC0DE
new_block->next=0x0xFFFF900000001000
[heap] SPLIT block=0x0xFFFF900000000000 alloc=0x0x0000000000000200 remainder=0x0xFFFF900000000220 rem_size=0x0x0000000000000DC0
[heap] KMALLOC ptr=0x0xFFFF900000000020 size=0x0x0000000000000200 ra0=0x0xFFFFFFFF800081BE ra1=0x0xFFFFFFFF800074A2 ra2=0x0x0000000000000000
[heap] KFREE ptr=0x0xFFFF900000000020 size=0x0x0000000000000200 ra0=0x0xFFFFFFFF80008292
[MERGE CHECK]
current=0x0xFFFF900000000000
expected_next=0x0xFFFF900000000220
actual_next=0x0xFFFF900000000220
[heap] MERGE into=0x0xFFFF900000000000 absorb=0x0xFFFF900000000220 new_size=0x0x0000000000000FE0
[BEFORE SPLIT]
current=0x0xFFFF900000000000
current->size=0x0x0000000000000FE0
request=0x0x0000000000000200
header=0x0x0000000000000020
[AFTER SPLIT]
new_block=0x0xFFFF900000000220
new_block->size=0x0x0000000000000DC0
new_block->magic=0x0x00000000DEADC0DE
new_block->next=0x0xFFFF900000001000
[heap] SPLIT block=0x0xFFFF900000000000 alloc=0x0x0000000000000200 remainder=0x0xFFFF900000000220 rem_size=0x0x0000000000000DC0
[heap] KMALLOC ptr=0x0xFFFF900000000020 size=0x0x0000000000000200 ra0=0x0xFFFFFFFF800082FA ra1=0x0xFFFFFFFF800074A2 ra2=0x0x0000000000000000
[heap] KFREE ptr=0x0xFFFF900000000020 size=0x0x0000000000000200 ra0=0x0xFFFFFFFF80008352
[MERGE CHECK]
current=0x0xFFFF900000000000
expected_next=0x0xFFFF900000000220
actual_next=0x0xFFFF900000000220
[heap] MERGE into=0x0xFFFF900000000000 absorb=0x0xFFFF900000000220 new_size=0x0x0000000000000FE0
[OK] File dihapus!
[BEFORE SPLIT]
current=0x0xFFFF900000000000
current->size=0x0x0000000000000FE0
request=0x0x0000000000000200
header=0x0x0000000000000020
[AFTER SPLIT]
new_block=0x0xFFFF900000000220
new_block->size=0x0x0000000000000DC0
new_block->magic=0x0x00000000DEADC0DE
new_block->next=0x0xFFFF900000001000
[heap] SPLIT block=0x0xFFFF900000000000 alloc=0x0x0000000000000200 remainder=0x0xFFFF900000000220 rem_size=0x0x0000000000000DC0
[heap] KMALLOC ptr=0x0xFFFF900000000020 size=0x0x0000000000000200 ra0=0x0xFFFFFFFF80007B5C ra1=0x0xFFFFFFFF800072B4 ra2=0x0x0000000000000000
[heap] KFREE ptr=0x0xFFFF900000000020 size=0x0x0000000000000200 ra0=0x0xFFFFFFFF80007B70
[MERGE CHECK]
current=0x0xFFFF900000000000
expected_next=0x0xFFFF900000000220
actual_next=0x0xFFFF900000000220
[heap] MERGE into=0x0xFFFF900000000000 absorb=0x0xFFFF900000000220 new_size=0x0x0000000000000FE0
[BEFORE SPLIT]
current=0x0xFFFF900000000000
current->size=0x0x0000000000000FE0
request=0x0x0000000000000200
header=0x0x0000000000000020
[AFTER SPLIT]
new_block=0x0xFFFF900000000220
new_block->size=0x0x0000000000000DC0
new_block->magic=0x0x00000000DEADC0DE
new_block->next=0x0xFFFF900000001000
[heap] SPLIT block=0x0xFFFF900000000000 alloc=0x0x0000000000000200 remainder=0x0xFFFF900000000220 rem_size=0x0x0000000000000DC0
[heap] KMALLOC ptr=0x0xFFFF900000000020 size=0x0x0000000000000200 ra0=0x0xFFFFFFFF80007B9A ra1=0x0xFFFFFFFF800072B4 ra2=0x0x0000000000000000
[heap] KFREE ptr=0x0xFFFF900000000020 size=0x0x0000000000000200 ra0=0x0xFFFFFFFF8000803C
[MERGE CHECK]
current=0x0xFFFF900000000000
expected_next=0x0xFFFF900000000220
actual_next=0x0xFFFF900000000220
[heap] MERGE into=0x0xFFFF900000000000 absorb=0x0xFFFF900000000220 new_size=0x0x0000000000000FE0
 -> [SUKSES DITULIS KE DISK]
Modul 2 | Ukuran: 32653 Bytes
 -> Raw string: [/logo.png]
 -> Ekstrak Nama: [logo.png]
[BEFORE SPLIT]
current=0x0xFFFF900000000000
current->size=0x0x0000000000000FE0
request=0x0x0000000000000200
header=0x0x0000000000000020
[AFTER SPLIT]
new_block=0x0xFFFF900000000220
new_block->size=0x0x0000000000000DC0
new_block->magic=0x0x00000000DEADC0DE
new_block->next=0x0xFFFF900000001000
[heap] SPLIT block=0x0xFFFF900000000000 alloc=0x0x0000000000000200 remainder=0x0xFFFF900000000220 rem_size=0x0x0000000000000DC0
[heap] KMALLOC ptr=0x0xFFFF900000000020 size=0x0x0000000000000200 ra0=0x0xFFFFFFFF80008427 ra1=0x0xFFFFFFFF80007492 ra2=0x0x0000000000000000
[heap] KFREE ptr=0x0xFFFF900000000020 size=0x0x0000000000000200 ra0=0x0xFFFFFFFF800084A3
[MERGE CHECK]
current=0x0xFFFF900000000000
expected_next=0x0xFFFF900000000220
actual_next=0x0xFFFF900000000220
[heap] MERGE into=0x0xFFFF900000000000 absorb=0x0xFFFF900000000220 new_size=0x0x0000000000000FE0
[BEFORE SPLIT]
current=0x0xFFFF900000000000
current->size=0x0x0000000000000FE0
request=0x0x0000000000000200
header=0x0x0000000000000020
[AFTER SPLIT]
new_block=0x0xFFFF900000000220
new_block->size=0x0x0000000000000DC0
new_block->magic=0x0x00000000DEADC0DE
new_block->next=0x0xFFFF900000001000
[heap] SPLIT block=0x0xFFFF900000000000 alloc=0x0x0000000000000200 remainder=0x0xFFFF900000000220 rem_size=0x0x0000000000000DC0
[heap] KMALLOC ptr=0x0xFFFF900000000020 size=0x0x0000000000000200 ra0=0x0xFFFFFFFF800081BE ra1=0x0xFFFFFFFF800074A2 ra2=0x0x0000000000000000
[heap] KFREE ptr=0x0xFFFF900000000020 size=0x0x0000000000000200 ra0=0x0xFFFFFFFF80008292
[MERGE CHECK]
current=0x0xFFFF900000000000
expected_next=0x0xFFFF900000000220
actual_next=0x0xFFFF900000000220
[heap] MERGE into=0x0xFFFF900000000000 absorb=0x0xFFFF900000000220 new_size=0x0x0000000000000FE0
[BEFORE SPLIT]
current=0x0xFFFF900000000000
current->size=0x0x0000000000000FE0
request=0x0x0000000000000200
header=0x0x0000000000000020
[AFTER SPLIT]
new_block=0x0xFFFF900000000220
new_block->size=0x0x0000000000000DC0
new_block->magic=0x0x00000000DEADC0DE
new_block->next=0x0xFFFF900000001000
[heap] SPLIT block=0x0xFFFF900000000000 alloc=0x0x0000000000000200 remainder=0x0xFFFF900000000220 rem_size=0x0x0000000000000DC0
[heap] KMALLOC ptr=0x0xFFFF900000000020 size=0x0x0000000000000200 ra0=0x0xFFFFFFFF800082FA ra1=0x0xFFFFFFFF800074A2 ra2=0x0x0000000000000000
[heap] KFREE ptr=0x0xFFFF900000000020 size=0x0x0000000000000200 ra0=0x0xFFFFFFFF80008352
[MERGE CHECK]
current=0x0xFFFF900000000000
expected_next=0x0xFFFF900000000220
actual_next=0x0xFFFF900000000220
[heap] MERGE into=0x0xFFFF900000000000 absorb=0x0xFFFF900000000220 new_size=0x0x0000000000000FE0
[OK] File dihapus!
[BEFORE SPLIT]
current=0x0xFFFF900000000000
current->size=0x0x0000000000000FE0
request=0x0x0000000000000200
header=0x0x0000000000000020
[AFTER SPLIT]
new_block=0x0xFFFF900000000220
new_block->size=0x0x0000000000000DC0
new_block->magic=0x0x00000000DEADC0DE
new_block->next=0x0xFFFF900000001000
[heap] SPLIT block=0x0xFFFF900000000000 alloc=0x0x0000000000000200 remainder=0x0xFFFF900000000220 rem_size=0x0x0000000000000DC0
[heap] KMALLOC ptr=0x0xFFFF900000000020 size=0x0x0000000000000200 ra0=0x0xFFFFFFFF80007B5C ra1=0x0xFFFFFFFF800072B4 ra2=0x0x0000000000000000
[heap] KFREE ptr=0x0xFFFF900000000020 size=0x0x0000000000000200 ra0=0x0xFFFFFFFF80007B70
[MERGE CHECK]
current=0x0xFFFF900000000000
expected_next=0x0xFFFF900000000220
actual_next=0x0xFFFF900000000220
[heap] MERGE into=0x0xFFFF900000000000 absorb=0x0xFFFF900000000220 new_size=0x0x0000000000000FE0
[BEFORE SPLIT]
current=0x0xFFFF900000000000
current->size=0x0x0000000000000FE0
request=0x0x0000000000000200
header=0x0x0000000000000020
[AFTER SPLIT]
new_block=0x0xFFFF900000000220
new_block->size=0x0x0000000000000DC0
new_block->magic=0x0x00000000DEADC0DE
new_block->next=0x0xFFFF900000001000
[heap] SPLIT block=0x0xFFFF900000000000 alloc=0x0x0000000000000200 remainder=0x0xFFFF900000000220 rem_size=0x0x0000000000000DC0
[heap] KMALLOC ptr=0x0xFFFF900000000020 size=0x0x0000000000000200 ra0=0x0xFFFFFFFF80007B9A ra1=0x0xFFFFFFFF800072B4 ra2=0x0x0000000000000000
[heap] KFREE ptr=0x0xFFFF900000000020 size=0x0x0000000000000200 ra0=0x0xFFFFFFFF8000803C
[MERGE CHECK]
current=0x0xFFFF900000000000
expected_next=0x0xFFFF900000000220
actual_next=0x0xFFFF900000000220
[heap] MERGE into=0x0xFFFF900000000000 absorb=0x0xFFFF900000000220 new_size=0x0x0000000000000FE0
 -> [SUKSES DITULIS KE DISK]
Modul 3 | Ukuran: 18064 Bytes
 -> Raw string: [/fileman.elf]
 -> Ekstrak Nama: [fileman.elf]
[BEFORE SPLIT]
current=0x0xFFFF900000000000
current->size=0x0x0000000000000FE0
request=0x0x0000000000000200
header=0x0x0000000000000020
[AFTER SPLIT]
new_block=0x0xFFFF900000000220
new_block->size=0x0x0000000000000DC0
new_block->magic=0x0x00000000DEADC0DE
new_block->next=0x0xFFFF900000001000
[heap] SPLIT block=0x0xFFFF900000000000 alloc=0x0x0000000000000200 remainder=0x0xFFFF900000000220 rem_size=0x0x0000000000000DC0
[heap] KMALLOC ptr=0x0xFFFF900000000020 size=0x0x0000000000000200 ra0=0x0xFFFFFFFF80008427 ra1=0x0xFFFFFFFF80007492 ra2=0x0x0000000000000000
[heap] KFREE ptr=0x0xFFFF900000000020 size=0x0x0000000000000200 ra0=0x0xFFFFFFFF800084A3
[MERGE CHECK]
current=0x0xFFFF900000000000
expected_next=0x0xFFFF900000000220
actual_next=0x0xFFFF900000000220
[heap] MERGE into=0x0xFFFF900000000000 absorb=0x0xFFFF900000000220 new_size=0x0x0000000000000FE0
[BEFORE SPLIT]
current=0x0xFFFF900000000000
current->size=0x0x0000000000000FE0
request=0x0x0000000000000200
header=0x0x0000000000000020
[AFTER SPLIT]
new_block=0x0xFFFF900000000220
new_block->size=0x0x0000000000000DC0
new_block->magic=0x0x00000000DEADC0DE
new_block->next=0x0xFFFF900000001000
[heap] SPLIT block=0x0xFFFF900000000000 alloc=0x0x0000000000000200 remainder=0x0xFFFF900000000220 rem_size=0x0x0000000000000DC0
[heap] KMALLOC ptr=0x0xFFFF900000000020 size=0x0x0000000000000200 ra0=0x0xFFFFFFFF800081BE ra1=0x0xFFFFFFFF800074A2 ra2=0x0x0000000000000000
[heap] KFREE ptr=0x0xFFFF900000000020 size=0x0x0000000000000200 ra0=0x0xFFFFFFFF80008292
[MERGE CHECK]
current=0x0xFFFF900000000000
expected_next=0x0xFFFF900000000220
actual_next=0x0xFFFF900000000220
[heap] MERGE into=0x0xFFFF900000000000 absorb=0x0xFFFF900000000220 new_size=0x0x0000000000000FE0
[BEFORE SPLIT]
current=0x0xFFFF900000000000
current->size=0x0x0000000000000FE0
request=0x0x0000000000000200
header=0x0x0000000000000020
[AFTER SPLIT]
new_block=0x0xFFFF900000000220
new_block->size=0x0x0000000000000DC0
new_block->magic=0x0x00000000DEADC0DE
new_block->next=0x0xFFFF900000001000
[heap] SPLIT block=0x0xFFFF900000000000 alloc=0x0x0000000000000200 remainder=0x0xFFFF900000000220 rem_size=0x0x0000000000000DC0
[heap] KMALLOC ptr=0x0xFFFF900000000020 size=0x0x0000000000000200 ra0=0x0xFFFFFFFF800082FA ra1=0x0xFFFFFFFF800074A2 ra2=0x0x0000000000000000
[heap] KFREE ptr=0x0xFFFF900000000020 size=0x0x0000000000000200 ra0=0x0xFFFFFFFF80008352
[MERGE CHECK]
current=0x0xFFFF900000000000
expected_next=0x0xFFFF900000000220
actual_next=0x0xFFFF900000000220
[heap] MERGE into=0x0xFFFF900000000000 absorb=0x0xFFFF900000000220 new_size=0x0x0000000000000FE0
[OK] File dihapus!
[BEFORE SPLIT]
current=0x0xFFFF900000000000
current->size=0x0x0000000000000FE0
request=0x0x0000000000000200
header=0x0x0000000000000020
[AFTER SPLIT]
new_block=0x0xFFFF900000000220
new_block->size=0x0x0000000000000DC0
new_block->magic=0x0x00000000DEADC0DE
new_block->next=0x0xFFFF900000001000
[heap] SPLIT block=0x0xFFFF900000000000 alloc=0x0x0000000000000200 remainder=0x0xFFFF900000000220 rem_size=0x0x0000000000000DC0
[heap] KMALLOC ptr=0x0xFFFF900000000020 size=0x0x0000000000000200 ra0=0x0xFFFFFFFF80007B5C ra1=0x0xFFFFFFFF800072B4 ra2=0x0x0000000000000000
[heap] KFREE ptr=0x0xFFFF900000000020 size=0x0x0000000000000200 ra0=0x0xFFFFFFFF80007B70
[MERGE CHECK]
current=0x0xFFFF900000000000
expected_next=0x0xFFFF900000000220
actual_next=0x0xFFFF900000000220
[heap] MERGE into=0x0xFFFF900000000000 absorb=0x0xFFFF900000000220 new_size=0x0x0000000000000FE0
[BEFORE SPLIT]
current=0x0xFFFF900000000000
current->size=0x0x0000000000000FE0
request=0x0x0000000000000200
header=0x0x0000000000000020
[AFTER SPLIT]
new_block=0x0xFFFF900000000220
new_block->size=0x0x0000000000000DC0
new_block->magic=0x0x00000000DEADC0DE
new_block->next=0x0xFFFF900000001000
[heap] SPLIT block=0x0xFFFF900000000000 alloc=0x0x0000000000000200 remainder=0x0xFFFF900000000220 rem_size=0x0x0000000000000DC0
[heap] KMALLOC ptr=0x0xFFFF900000000020 size=0x0x0000000000000200 ra0=0x0xFFFFFFFF80007B9A ra1=0x0xFFFFFFFF800072B4 ra2=0x0x0000000000000000
[heap] KFREE ptr=0x0xFFFF900000000020 size=0x0x0000000000000200 ra0=0x0xFFFFFFFF8000803C
[MERGE CHECK]
current=0x0xFFFF900000000000
expected_next=0x0xFFFF900000000220
actual_next=0x0xFFFF900000000220
[heap] MERGE into=0x0xFFFF900000000000 absorb=0x0xFFFF900000000220 new_size=0x0x0000000000000FE0
 -> [SUKSES DITULIS KE DISK]
Modul 4 | Ukuran: 49328 Bytes
 -> Raw string: [/viewer.elf]
 -> Ekstrak Nama: [viewer.elf]
[BEFORE SPLIT]
current=0x0xFFFF900000000000
current->size=0x0x0000000000000FE0
request=0x0x0000000000000200
header=0x0x0000000000000020
[AFTER SPLIT]
new_block=0x0xFFFF900000000220
new_block->size=0x0x0000000000000DC0
new_block->magic=0x0x00000000DEADC0DE
new_block->next=0x0xFFFF900000001000
[heap] SPLIT block=0x0xFFFF900000000000 alloc=0x0x0000000000000200 remainder=0x0xFFFF900000000220 rem_size=0x0x0000000000000DC0
[heap] KMALLOC ptr=0x0xFFFF900000000020 size=0x0x0000000000000200 ra0=0x0xFFFFFFFF80008427 ra1=0x0xFFFFFFFF80007492 ra2=0x0x0000000000000000
[heap] KFREE ptr=0x0xFFFF900000000020 size=0x0x0000000000000200 ra0=0x0xFFFFFFFF800084A3
[MERGE CHECK]
current=0x0xFFFF900000000000
expected_next=0x0xFFFF900000000220
actual_next=0x0xFFFF900000000220
[heap] MERGE into=0x0xFFFF900000000000 absorb=0x0xFFFF900000000220 new_size=0x0x0000000000000FE0
[BEFORE SPLIT]
current=0x0xFFFF900000000000
current->size=0x0x0000000000000FE0
request=0x0x0000000000000200
header=0x0x0000000000000020
[AFTER SPLIT]
new_block=0x0xFFFF900000000220
new_block->size=0x0x0000000000000DC0
new_block->magic=0x0x00000000DEADC0DE
new_block->next=0x0xFFFF900000001000
[heap] SPLIT block=0x0xFFFF900000000000 alloc=0x0x0000000000000200 remainder=0x0xFFFF900000000220 rem_size=0x0x0000000000000DC0
[heap] KMALLOC ptr=0x0xFFFF900000000020 size=0x0x0000000000000200 ra0=0x0xFFFFFFFF800081BE ra1=0x0xFFFFFFFF800074A2 ra2=0x0x0000000000000000
[heap] KFREE ptr=0x0xFFFF900000000020 size=0x0x0000000000000200 ra0=0x0xFFFFFFFF80008292
[MERGE CHECK]
current=0x0xFFFF900000000000
expected_next=0x0xFFFF900000000220
actual_next=0x0xFFFF900000000220
[heap] MERGE into=0x0xFFFF900000000000 absorb=0x0xFFFF900000000220 new_size=0x0x0000000000000FE0
[BEFORE SPLIT]
current=0x0xFFFF900000000000
current->size=0x0x0000000000000FE0
request=0x0x0000000000000200
header=0x0x0000000000000020
[AFTER SPLIT]
new_block=0x0xFFFF900000000220
new_block->size=0x0x0000000000000DC0
new_block->magic=0x0x00000000DEADC0DE
new_block->next=0x0xFFFF900000001000
[heap] SPLIT block=0x0xFFFF900000000000 alloc=0x0x0000000000000200 remainder=0x0xFFFF900000000220 rem_size=0x0x0000000000000DC0
[heap] KMALLOC ptr=0x0xFFFF900000000020 size=0x0x0000000000000200 ra0=0x0xFFFFFFFF800082FA ra1=0x0xFFFFFFFF800074A2 ra2=0x0x0000000000000000
[heap] KFREE ptr=0x0xFFFF900000000020 size=0x0x0000000000000200 ra0=0x0xFFFFFFFF80008352
[MERGE CHECK]
current=0x0xFFFF900000000000
expected_next=0x0xFFFF900000000220
actual_next=0x0xFFFF900000000220
[heap] MERGE into=0x0xFFFF900000000000 absorb=0x0xFFFF900000000220 new_size=0x0x0000000000000FE0
[OK] File dihapus!
[BEFORE SPLIT]
current=0x0xFFFF900000000000
current->size=0x0x0000000000000FE0
request=0x0x0000000000000200
header=0x0x0000000000000020
[AFTER SPLIT]
new_block=0x0xFFFF900000000220
new_block->size=0x0x0000000000000DC0
new_block->magic=0x0x00000000DEADC0DE
new_block->next=0x0xFFFF900000001000
[heap] SPLIT block=0x0xFFFF900000000000 alloc=0x0x0000000000000200 remainder=0x0xFFFF900000000220 rem_size=0x0x0000000000000DC0
[heap] KMALLOC ptr=0x0xFFFF900000000020 size=0x0x0000000000000200 ra0=0x0xFFFFFFFF80007B5C ra1=0x0xFFFFFFFF800072B4 ra2=0x0x0000000000000000
[heap] KFREE ptr=0x0xFFFF900000000020 size=0x0x0000000000000200 ra0=0x0xFFFFFFFF80007B70
[MERGE CHECK]
current=0x0xFFFF900000000000
expected_next=0x0xFFFF900000000220
actual_next=0x0xFFFF900000000220
[heap] MERGE into=0x0xFFFF900000000000 absorb=0x0xFFFF900000000220 new_size=0x0x0000000000000FE0
[BEFORE SPLIT]
current=0x0xFFFF900000000000
current->size=0x0x0000000000000FE0
request=0x0x0000000000000200
header=0x0x0000000000000020
[AFTER SPLIT]
new_block=0x0xFFFF900000000220
new_block->size=0x0x0000000000000DC0
new_block->magic=0x0x00000000DEADC0DE
new_block->next=0x0xFFFF900000001000
[heap] SPLIT block=0x0xFFFF900000000000 alloc=0x0x0000000000000200 remainder=0x0xFFFF900000000220 rem_size=0x0x0000000000000DC0
[heap] KMALLOC ptr=0x0xFFFF900000000020 size=0x0x0000000000000200 ra0=0x0xFFFFFFFF80007B9A ra1=0x0xFFFFFFFF800072B4 ra2=0x0x0000000000000000
[heap] KFREE ptr=0x0xFFFF900000000020 size=0x0x0000000000000200 ra0=0x0xFFFFFFFF8000803C
[MERGE CHECK]
current=0x0xFFFF900000000000
expected_next=0x0xFFFF900000000220
actual_next=0x0xFFFF900000000220
[heap] MERGE into=0x0xFFFF900000000000 absorb=0x0xFFFF900000000220 new_size=0x0x0000000000000FE0
 -> [SUKSES DITULIS KE DISK]
Modul 5 | Ukuran: 18408 Bytes
 -> Raw string: [/clock.elf]
 -> Ekstrak Nama: [clock.elf]
[BEFORE SPLIT]
current=0x0xFFFF900000000000
current->size=0x0x0000000000000FE0
request=0x0x0000000000000200
header=0x0x0000000000000020
[AFTER SPLIT]
new_block=0x0xFFFF900000000220
new_block->size=0x0x0000000000000DC0
new_block->magic=0x0x00000000DEADC0DE
new_block->next=0x0xFFFF900000001000
[heap] SPLIT block=0x0xFFFF900000000000 alloc=0x0x0000000000000200 remainder=0x0xFFFF900000000220 rem_size=0x0x0000000000000DC0
[heap] KMALLOC ptr=0x0xFFFF900000000020 size=0x0x0000000000000200 ra0=0x0xFFFFFFFF80008427 ra1=0x0xFFFFFFFF80007492 ra2=0x0x0000000000000000
[heap] KFREE ptr=0x0xFFFF900000000020 size=0x0x0000000000000200 ra0=0x0xFFFFFFFF800084A3
[MERGE CHECK]
current=0x0xFFFF900000000000
expected_next=0x0xFFFF900000000220
actual_next=0x0xFFFF900000000220
[heap] MERGE into=0x0xFFFF900000000000 absorb=0x0xFFFF900000000220 new_size=0x0x0000000000000FE0
[BEFORE SPLIT]
current=0x0xFFFF900000000000
current->size=0x0x0000000000000FE0
request=0x0x0000000000000200
header=0x0x0000000000000020
[AFTER SPLIT]
new_block=0x0xFFFF900000000220
new_block->size=0x0x0000000000000DC0
new_block->magic=0x0x00000000DEADC0DE
new_block->next=0x0xFFFF900000001000
[heap] SPLIT block=0x0xFFFF900000000000 alloc=0x0x0000000000000200 remainder=0x0xFFFF900000000220 rem_size=0x0x0000000000000DC0
[heap] KMALLOC ptr=0x0xFFFF900000000020 size=0x0x0000000000000200 ra0=0x0xFFFFFFFF800081BE ra1=0x0xFFFFFFFF800074A2 ra2=0x0x0000000000000000
[heap] KFREE ptr=0x0xFFFF900000000020 size=0x0x0000000000000200 ra0=0x0xFFFFFFFF80008292
[MERGE CHECK]
current=0x0xFFFF900000000000
expected_next=0x0xFFFF900000000220
actual_next=0x0xFFFF900000000220
[heap] MERGE into=0x0xFFFF900000000000 absorb=0x0xFFFF900000000220 new_size=0x0x0000000000000FE0
[BEFORE SPLIT]
current=0x0xFFFF900000000000
current->size=0x0x0000000000000FE0
request=0x0x0000000000000200
header=0x0x0000000000000020
[AFTER SPLIT]
new_block=0x0xFFFF900000000220
new_block->size=0x0x0000000000000DC0
new_block->magic=0x0x00000000DEADC0DE
new_block->next=0x0xFFFF900000001000
[heap] SPLIT block=0x0xFFFF900000000000 alloc=0x0x0000000000000200 remainder=0x0xFFFF900000000220 rem_size=0x0x0000000000000DC0
[heap] KMALLOC ptr=0x0xFFFF900000000020 size=0x0x0000000000000200 ra0=0x0xFFFFFFFF800082FA ra1=0x0xFFFFFFFF800074A2 ra2=0x0x0000000000000000
[heap] KFREE ptr=0x0xFFFF900000000020 size=0x0x0000000000000200 ra0=0x0xFFFFFFFF80008352
[MERGE CHECK]
current=0x0xFFFF900000000000
expected_next=0x0xFFFF900000000220
actual_next=0x0xFFFF900000000220
[heap] MERGE into=0x0xFFFF900000000000 absorb=0x0xFFFF900000000220 new_size=0x0x0000000000000FE0
[OK] File dihapus!
[BEFORE SPLIT]
current=0x0xFFFF900000000000
current->size=0x0x0000000000000FE0
request=0x0x0000000000000200
header=0x0x0000000000000020
[AFTER SPLIT]
new_block=0x0xFFFF900000000220
new_block->size=0x0x0000000000000DC0
new_block->magic=0x0x00000000DEADC0DE
new_block->next=0x0xFFFF900000001000
[heap] SPLIT block=0x0xFFFF900000000000 alloc=0x0x0000000000000200 remainder=0x0xFFFF900000000220 rem_size=0x0x0000000000000DC0
[heap] KMALLOC ptr=0x0xFFFF900000000020 size=0x0x0000000000000200 ra0=0x0xFFFFFFFF80007B5C ra1=0x0xFFFFFFFF800072B4 ra2=0x0x0000000000000000
[heap] KFREE ptr=0x0xFFFF900000000020 size=0x0x0000000000000200 ra0=0x0xFFFFFFFF80007B70
[MERGE CHECK]
current=0x0xFFFF900000000000
expected_next=0x0xFFFF900000000220
actual_next=0x0xFFFF900000000220
[heap] MERGE into=0x0xFFFF900000000000 absorb=0x0xFFFF900000000220 new_size=0x0x0000000000000FE0
[BEFORE SPLIT]
current=0x0xFFFF900000000000
current->size=0x0x0000000000000FE0
request=0x0x0000000000000200
header=0x0x0000000000000020
[AFTER SPLIT]
new_block=0x0xFFFF900000000220
new_block->size=0x0x0000000000000DC0
new_block->magic=0x0x00000000DEADC0DE
new_block->next=0x0xFFFF900000001000
[heap] SPLIT block=0x0xFFFF900000000000 alloc=0x0x0000000000000200 remainder=0x0xFFFF900000000220 rem_size=0x0x0000000000000DC0
[heap] KMALLOC ptr=0x0xFFFF900000000020 size=0x0x0000000000000200 ra0=0x0xFFFFFFFF80007B9A ra1=0x0xFFFFFFFF800072B4 ra2=0x0x0000000000000000
[heap] KFREE ptr=0x0xFFFF900000000020 size=0x0x0000000000000200 ra0=0x0xFFFFFFFF8000803C
[MERGE CHECK]
current=0x0xFFFF900000000000
expected_next=0x0xFFFF900000000220
actual_next=0x0xFFFF900000000220
[heap] MERGE into=0x0xFFFF900000000000 absorb=0x0xFFFF900000000220 new_size=0x0x0000000000000FE0
 -> [SUKSES DITULIS KE DISK]
Modul 6 | Ukuran: 22816 Bytes
 -> Raw string: [/calc.elf]
 -> Ekstrak Nama: [calc.elf]
[BEFORE SPLIT]
current=0x0xFFFF900000000000
current->size=0x0x0000000000000FE0
request=0x0x0000000000000200
header=0x0x0000000000000020
[AFTER SPLIT]
new_block=0x0xFFFF900000000220
new_block->size=0x0x0000000000000DC0
new_block->magic=0x0x00000000DEADC0DE
new_block->next=0x0xFFFF900000001000
[heap] SPLIT block=0x0xFFFF900000000000 alloc=0x0x0000000000000200 remainder=0x0xFFFF900000000220 rem_size=0x0x0000000000000DC0
[heap] KMALLOC ptr=0x0xFFFF900000000020 size=0x0x0000000000000200 ra0=0x0xFFFFFFFF80008427 ra1=0x0xFFFFFFFF80007492 ra2=0x0x0000000000000000
[heap] KFREE ptr=0x0xFFFF900000000020 size=0x0x0000000000000200 ra0=0x0xFFFFFFFF800084A3
[MERGE CHECK]
current=0x0xFFFF900000000000
expected_next=0x0xFFFF900000000220
actual_next=0x0xFFFF900000000220
[heap] MERGE into=0x0xFFFF900000000000 absorb=0x0xFFFF900000000220 new_size=0x0x0000000000000FE0
[BEFORE SPLIT]
current=0x0xFFFF900000000000
current->size=0x0x0000000000000FE0
request=0x0x0000000000000200
header=0x0x0000000000000020
[AFTER SPLIT]
new_block=0x0xFFFF900000000220
new_block->size=0x0x0000000000000DC0
new_block->magic=0x0x00000000DEADC0DE
new_block->next=0x0xFFFF900000001000
[heap] SPLIT block=0x0xFFFF900000000000 alloc=0x0x0000000000000200 remainder=0x0xFFFF900000000220 rem_size=0x0x0000000000000DC0
[heap] KMALLOC ptr=0x0xFFFF900000000020 size=0x0x0000000000000200 ra0=0x0xFFFFFFFF800081BE ra1=0x0xFFFFFFFF800074A2 ra2=0x0x0000000000000000
[heap] KFREE ptr=0x0xFFFF900000000020 size=0x0x0000000000000200 ra0=0x0xFFFFFFFF80008292
[MERGE CHECK]
current=0x0xFFFF900000000000
expected_next=0x0xFFFF900000000220
actual_next=0x0xFFFF900000000220
[heap] MERGE into=0x0xFFFF900000000000 absorb=0x0xFFFF900000000220 new_size=0x0x0000000000000FE0
[BEFORE SPLIT]
current=0x0xFFFF900000000000
current->size=0x0x0000000000000FE0
request=0x0x0000000000000200
header=0x0x0000000000000020
[AFTER SPLIT]
new_block=0x0xFFFF900000000220
new_block->size=0x0x0000000000000DC0
new_block->magic=0x0x00000000DEADC0DE
new_block->next=0x0xFFFF900000001000
[heap] SPLIT block=0x0xFFFF900000000000 alloc=0x0x0000000000000200 remainder=0x0xFFFF900000000220 rem_size=0x0x0000000000000DC0
[heap] KMALLOC ptr=0x0xFFFF900000000020 size=0x0x0000000000000200 ra0=0x0xFFFFFFFF800082FA ra1=0x0xFFFFFFFF800074A2 ra2=0x0x0000000000000000
[heap] KFREE ptr=0x0xFFFF900000000020 size=0x0x0000000000000200 ra0=0x0xFFFFFFFF80008352
[MERGE CHECK]
current=0x0xFFFF900000000000
expected_next=0x0xFFFF900000000220
actual_next=0x0xFFFF900000000220
[heap] MERGE into=0x0xFFFF900000000000 absorb=0x0xFFFF900000000220 new_size=0x0x0000000000000FE0
[OK] File dihapus!
[BEFORE SPLIT]
current=0x0xFFFF900000000000
current->size=0x0x0000000000000FE0
request=0x0x0000000000000200
header=0x0x0000000000000020
[AFTER SPLIT]
new_block=0x0xFFFF900000000220
new_block->size=0x0x0000000000000DC0
new_block->magic=0x0x00000000DEADC0DE
new_block->next=0x0xFFFF900000001000
[heap] SPLIT block=0x0xFFFF900000000000 alloc=0x0x0000000000000200 remainder=0x0xFFFF900000000220 rem_size=0x0x0000000000000DC0
[heap] KMALLOC ptr=0x0xFFFF900000000020 size=0x0x0000000000000200 ra0=0x0xFFFFFFFF80007B5C ra1=0x0xFFFFFFFF800072B4 ra2=0x0x0000000000000000
[heap] KFREE ptr=0x0xFFFF900000000020 size=0x0x0000000000000200 ra0=0x0xFFFFFFFF80007B70
[MERGE CHECK]
current=0x0xFFFF900000000000
expected_next=0x0xFFFF900000000220
actual_next=0x0xFFFF900000000220
[heap] MERGE into=0x0xFFFF900000000000 absorb=0x0xFFFF900000000220 new_size=0x0x0000000000000FE0
[BEFORE SPLIT]
current=0x0xFFFF900000000000
current->size=0x0x0000000000000FE0
request=0x0x0000000000000200
header=0x0x0000000000000020
[AFTER SPLIT]
new_block=0x0xFFFF900000000220
new_block->size=0x0x0000000000000DC0
new_block->magic=0x0x00000000DEADC0DE
new_block->next=0x0xFFFF900000001000
[heap] SPLIT block=0x0xFFFF900000000000 alloc=0x0x0000000000000200 remainder=0x0xFFFF900000000220 rem_size=0x0x0000000000000DC0
[heap] KMALLOC ptr=0x0xFFFF900000000020 size=0x0x0000000000000200 ra0=0x0xFFFFFFFF80007B9A ra1=0x0xFFFFFFFF800072B4 ra2=0x0x0000000000000000
[heap] KFREE ptr=0x0xFFFF900000000020 size=0x0x0000000000000200 ra0=0x0xFFFFFFFF8000803C
[MERGE CHECK]
current=0x0xFFFF900000000000
expected_next=0x0xFFFF900000000220
actual_next=0x0xFFFF900000000220
[heap] MERGE into=0x0xFFFF900000000000 absorb=0x0xFFFF900000000220 new_size=0x0x0000000000000FE0
 -> [SUKSES DITULIS KE DISK]
Modul 7 | Ukuran: 17936 Bytes
 -> Raw string: [/taskmgr.elf]
 -> Ekstrak Nama: [taskmgr.elf]
[BEFORE SPLIT]
current=0x0xFFFF900000000000
current->size=0x0x0000000000000FE0
request=0x0x0000000000000200
header=0x0x0000000000000020
[AFTER SPLIT]
new_block=0x0xFFFF900000000220
new_block->size=0x0x0000000000000DC0
new_block->magic=0x0x00000000DEADC0DE
new_block->next=0x0xFFFF900000001000
[heap] SPLIT block=0x0xFFFF900000000000 alloc=0x0x0000000000000200 remainder=0x0xFFFF900000000220 rem_size=0x0x0000000000000DC0
[heap] KMALLOC ptr=0x0xFFFF900000000020 size=0x0x0000000000000200 ra0=0x0xFFFFFFFF80008427 ra1=0x0xFFFFFFFF80007492 ra2=0x0x0000000000000000
[heap] KFREE ptr=0x0xFFFF900000000020 size=0x0x0000000000000200 ra0=0x0xFFFFFFFF800084A3
[MERGE CHECK]
current=0x0xFFFF900000000000
expected_next=0x0xFFFF900000000220
actual_next=0x0xFFFF900000000220
[heap] MERGE into=0x0xFFFF900000000000 absorb=0x0xFFFF900000000220 new_size=0x0x0000000000000FE0
[BEFORE SPLIT]
current=0x0xFFFF900000000000
current->size=0x0x0000000000000FE0
request=0x0x0000000000000200
header=0x0x0000000000000020
[AFTER SPLIT]
new_block=0x0xFFFF900000000220
new_block->size=0x0x0000000000000DC0
new_block->magic=0x0x00000000DEADC0DE
new_block->next=0x0xFFFF900000001000
[heap] SPLIT block=0x0xFFFF900000000000 alloc=0x0x0000000000000200 remainder=0x0xFFFF900000000220 rem_size=0x0x0000000000000DC0
[heap] KMALLOC ptr=0x0xFFFF900000000020 size=0x0x0000000000000200 ra0=0x0xFFFFFFFF800081BE ra1=0x0xFFFFFFFF800074A2 ra2=0x0x0000000000000000
[heap] KFREE ptr=0x0xFFFF900000000020 size=0x0x0000000000000200 ra0=0x0xFFFFFFFF80008292
[MERGE CHECK]
current=0x0xFFFF900000000000
expected_next=0x0xFFFF900000000220
actual_next=0x0xFFFF900000000220
[heap] MERGE into=0x0xFFFF900000000000 absorb=0x0xFFFF900000000220 new_size=0x0x0000000000000FE0
[BEFORE SPLIT]
current=0x0xFFFF900000000000
current->size=0x0x0000000000000FE0
request=0x0x0000000000000200
header=0x0x0000000000000020
[AFTER SPLIT]
new_block=0x0xFFFF900000000220
new_block->size=0x0x0000000000000DC0
new_block->magic=0x0x00000000DEADC0DE
new_block->next=0x0xFFFF900000001000
[heap] SPLIT block=0x0xFFFF900000000000 alloc=0x0x0000000000000200 remainder=0x0xFFFF900000000220 rem_size=0x0x0000000000000DC0
[heap] KMALLOC ptr=0x0xFFFF900000000020 size=0x0x0000000000000200 ra0=0x0xFFFFFFFF800082FA ra1=0x0xFFFFFFFF800074A2 ra2=0x0x0000000000000000
[heap] KFREE ptr=0x0xFFFF900000000020 size=0x0x0000000000000200 ra0=0x0xFFFFFFFF80008352
[MERGE CHECK]
current=0x0xFFFF900000000000
expected_next=0x0xFFFF900000000220
actual_next=0x0xFFFF900000000220
[heap] MERGE into=0x0xFFFF900000000000 absorb=0x0xFFFF900000000220 new_size=0x0x0000000000000FE0
[OK] File dihapus!
[BEFORE SPLIT]
current=0x0xFFFF900000000000
current->size=0x0x0000000000000FE0
request=0x0x0000000000000200
header=0x0x0000000000000020
[AFTER SPLIT]
new_block=0x0xFFFF900000000220
new_block->size=0x0x0000000000000DC0
new_block->magic=0x0x00000000DEADC0DE
new_block->next=0x0xFFFF900000001000
[heap] SPLIT block=0x0xFFFF900000000000 alloc=0x0x0000000000000200 remainder=0x0xFFFF900000000220 rem_size=0x0x0000000000000DC0
[heap] KMALLOC ptr=0x0xFFFF900000000020 size=0x0x0000000000000200 ra0=0x0xFFFFFFFF80007B5C ra1=0x0xFFFFFFFF800072B4 ra2=0x0x0000000000000000
[heap] KFREE ptr=0x0xFFFF900000000020 size=0x0x0000000000000200 ra0=0x0xFFFFFFFF80007B70
[MERGE CHECK]
current=0x0xFFFF900000000000
expected_next=0x0xFFFF900000000220
actual_next=0x0xFFFF900000000220
[heap] MERGE into=0x0xFFFF900000000000 absorb=0x0xFFFF900000000220 new_size=0x0x0000000000000FE0
[BEFORE SPLIT]
current=0x0xFFFF900000000000
current->size=0x0x0000000000000FE0
request=0x0x0000000000000200
header=0x0x0000000000000020
[AFTER SPLIT]
new_block=0x0xFFFF900000000220
new_block->size=0x0x0000000000000DC0
new_block->magic=0x0x00000000DEADC0DE
new_block->next=0x0xFFFF900000001000
[heap] SPLIT block=0x0xFFFF900000000000 alloc=0x0x0000000000000200 remainder=0x0xFFFF900000000220 rem_size=0x0x0000000000000DC0
[heap] KMALLOC ptr=0x0xFFFF900000000020 size=0x0x0000000000000200 ra0=0x0xFFFFFFFF80007B9A ra1=0x0xFFFFFFFF800072B4 ra2=0x0x0000000000000000
[heap] KFREE ptr=0x0xFFFF900000000020 size=0x0x0000000000000200 ra0=0x0xFFFFFFFF8000803C
[MERGE CHECK]
current=0x0xFFFF900000000000
expected_next=0x0xFFFF900000000220
actual_next=0x0xFFFF900000000220
[heap] MERGE into=0x0xFFFF900000000000 absorb=0x0xFFFF900000000220 new_size=0x0x0000000000000FE0
 -> [SUKSES DITULIS KE DISK]
Modul 8 | Ukuran: 18200 Bytes
 -> Raw string: [/notepad.elf]
 -> Ekstrak Nama: [notepad.elf]
[BEFORE SPLIT]
current=0x0xFFFF900000000000
current->size=0x0x0000000000000FE0
request=0x0x0000000000000200
header=0x0x0000000000000020
[AFTER SPLIT]
new_block=0x0xFFFF900000000220
new_block->size=0x0x0000000000000DC0
new_block->magic=0x0x00000000DEADC0DE
new_block->next=0x0xFFFF900000001000
[heap] SPLIT block=0x0xFFFF900000000000 alloc=0x0x0000000000000200 remainder=0x0xFFFF900000000220 rem_size=0x0x0000000000000DC0
[heap] KMALLOC ptr=0x0xFFFF900000000020 size=0x0x0000000000000200 ra0=0x0xFFFFFFFF80008427 ra1=0x0xFFFFFFFF80007492 ra2=0x0x0000000000000000
[heap] KFREE ptr=0x0xFFFF900000000020 size=0x0x0000000000000200 ra0=0x0xFFFFFFFF800084A3
[MERGE CHECK]
current=0x0xFFFF900000000000
expected_next=0x0xFFFF900000000220
actual_next=0x0xFFFF900000000220
[heap] MERGE into=0x0xFFFF900000000000 absorb=0x0xFFFF900000000220 new_size=0x0x0000000000000FE0
[BEFORE SPLIT]
current=0x0xFFFF900000000000
current->size=0x0x0000000000000FE0
request=0x0x0000000000000200
header=0x0x0000000000000020
[AFTER SPLIT]
new_block=0x0xFFFF900000000220
new_block->size=0x0x0000000000000DC0
new_block->magic=0x0x00000000DEADC0DE
new_block->next=0x0xFFFF900000001000
[heap] SPLIT block=0x0xFFFF900000000000 alloc=0x0x0000000000000200 remainder=0x0xFFFF900000000220 rem_size=0x0x0000000000000DC0
[heap] KMALLOC ptr=0x0xFFFF900000000020 size=0x0x0000000000000200 ra0=0x0xFFFFFFFF800081BE ra1=0x0xFFFFFFFF800074A2 ra2=0x0x0000000000000000
[heap] KFREE ptr=0x0xFFFF900000000020 size=0x0x0000000000000200 ra0=0x0xFFFFFFFF80008292
[MERGE CHECK]
current=0x0xFFFF900000000000
expected_next=0x0xFFFF900000000220
actual_next=0x0xFFFF900000000220
[heap] MERGE into=0x0xFFFF900000000000 absorb=0x0xFFFF900000000220 new_size=0x0x0000000000000FE0
[BEFORE SPLIT]
current=0x0xFFFF900000000000
current->size=0x0x0000000000000FE0
request=0x0x0000000000000200
header=0x0x0000000000000020
[AFTER SPLIT]
new_block=0x0xFFFF900000000220
new_block->size=0x0x0000000000000DC0
new_block->magic=0x0x00000000DEADC0DE
new_block->next=0x0xFFFF900000001000
[heap] SPLIT block=0x0xFFFF900000000000 alloc=0x0x0000000000000200 remainder=0x0xFFFF900000000220 rem_size=0x0x0000000000000DC0
[heap] KMALLOC ptr=0x0xFFFF900000000020 size=0x0x0000000000000200 ra0=0x0xFFFFFFFF800082FA ra1=0x0xFFFFFFFF800074A2 ra2=0x0x0000000000000000
[heap] KFREE ptr=0x0xFFFF900000000020 size=0x0x0000000000000200 ra0=0x0xFFFFFFFF80008352
[MERGE CHECK]
current=0x0xFFFF900000000000
expected_next=0x0xFFFF900000000220
actual_next=0x0xFFFF900000000220
[heap] MERGE into=0x0xFFFF900000000000 absorb=0x0xFFFF900000000220 new_size=0x0x0000000000000FE0
[OK] File dihapus!
[BEFORE SPLIT]
current=0x0xFFFF900000000000
current->size=0x0x0000000000000FE0
request=0x0x0000000000000200
header=0x0x0000000000000020
[AFTER SPLIT]
new_block=0x0xFFFF900000000220
new_block->size=0x0x0000000000000DC0
new_block->magic=0x0x00000000DEADC0DE
new_block->next=0x0xFFFF900000001000
[heap] SPLIT block=0x0xFFFF900000000000 alloc=0x0x0000000000000200 remainder=0x0xFFFF900000000220 rem_size=0x0x0000000000000DC0
[heap] KMALLOC ptr=0x0xFFFF900000000020 size=0x0x0000000000000200 ra0=0x0xFFFFFFFF80007B5C ra1=0x0xFFFFFFFF800072B4 ra2=0x0x0000000000000000
[heap] KFREE ptr=0x0xFFFF900000000020 size=0x0x0000000000000200 ra0=0x0xFFFFFFFF80007B70
[MERGE CHECK]
current=0x0xFFFF900000000000
expected_next=0x0xFFFF900000000220
actual_next=0x0xFFFF900000000220
[heap] MERGE into=0x0xFFFF900000000000 absorb=0x0xFFFF900000000220 new_size=0x0x0000000000000FE0
[BEFORE SPLIT]
current=0x0xFFFF900000000000
current->size=0x0x0000000000000FE0
request=0x0x0000000000000200
header=0x0x0000000000000020
[AFTER SPLIT]
new_block=0x0xFFFF900000000220
new_block->size=0x0x0000000000000DC0
new_block->magic=0x0x00000000DEADC0DE
new_block->next=0x0xFFFF900000001000
[heap] SPLIT block=0x0xFFFF900000000000 alloc=0x0x0000000000000200 remainder=0x0xFFFF900000000220 rem_size=0x0x0000000000000DC0
[heap] KMALLOC ptr=0x0xFFFF900000000020 size=0x0x0000000000000200 ra0=0x0xFFFFFFFF80007B9A ra1=0x0xFFFFFFFF800072B4 ra2=0x0x0000000000000000
[heap] KFREE ptr=0x0xFFFF900000000020 size=0x0x0000000000000200 ra0=0x0xFFFFFFFF8000803C
[MERGE CHECK]
current=0x0xFFFF900000000000
expected_next=0x0xFFFF900000000220
actual_next=0x0xFFFF900000000220
[heap] MERGE into=0x0xFFFF900000000000 absorb=0x0xFFFF900000000220 new_size=0x0x0000000000000FE0
 -> [SUKSES DITULIS KE DISK]
--------------------------

[net] Initializing network stack...
[net] lwIP initialized
[e1000] Initializing Intel 82540EM driver...
[e1000] Found at PCI 0:3.0 device=0x4110
[e1000] MMIO @ phys=0x4273733632 virt=0xÿ8446603340494929920
[e1000] MAC: 52:54:00:12:34:56
[e1000] TX ring initialized
[e1000] RX ring initialized
[e1000] Initialization complete!
[kyuzen_netif] Hardware initialized, interface 'kz' ready
[net] Network interface 'kz' registered and up
[net] DHCP started â€” waiting for IP assignment...
[e1000] RX pkt len=590
[e1000] RX pkt len=590
[net] DHCP complete!
[net] DNS configured: 8.8.8.8 (primary), 1.1.1.1 (secondary)
[net] === Network Configuration ===
[net] IP   : 10.0.2.15
[net] Mask : 255.255.255.0
[net] GW   : 10.0.2.2
[net] MAC  : 52:54:00:12:34:56
[net] ================================

[BEFORE SPLIT]
current=0x0xFFFF900000000000
current->size=0x0x0000000000000FE0
request=0x0x0000000000000200
header=0x0x0000000000000020
[AFTER SPLIT]
new_block=0x0xFFFF900000000220
new_block->size=0x0x0000000000000DC0
new_block->magic=0x0x00000000DEADC0DE
new_block->next=0x0xFFFF900000001000
[heap] SPLIT block=0x0xFFFF900000000000 alloc=0x0x0000000000000200 remainder=0x0xFFFF900000000220 rem_size=0x0x0000000000000DC0
[heap] KMALLOC ptr=0x0xFFFF900000000020 size=0x0x0000000000000200 ra0=0x0xFFFFFFFF80008427 ra1=0x0xFFFFFFFF80014CDD ra2=0x0xFFFFFFFF80007254
[heap] KFREE ptr=0x0xFFFF900000000020 size=0x0x0000000000000200 ra0=0x0xFFFFFFFF800084A3
[MERGE CHECK]
current=0x0xFFFF900000000000
expected_next=0x0xFFFF900000000220
actual_next=0x0xFFFF900000000220
[heap] MERGE into=0x0xFFFF900000000000 absorb=0x0xFFFF900000000220 new_size=0x0x0000000000000FE0
[BEFORE SPLIT]
current=0x0xFFFF900000000000
current->size=0x0x0000000000000FE0
request=0x0x0000000000000200
header=0x0x0000000000000020
[AFTER SPLIT]
new_block=0x0xFFFF900000000220
new_block->size=0x0x0000000000000DC0
new_block->magic=0x0x00000000DEADC0DE
new_block->next=0x0xFFFF900000001000
[heap] SPLIT block=0x0xFFFF900000000000 alloc=0x0x0000000000000200 remainder=0x0xFFFF900000000220 rem_size=0x0x0000000000000DC0
[heap] KMALLOC ptr=0x0xFFFF900000000020 size=0x0x0000000000000200 ra0=0x0xFFFFFFFF80008427 ra1=0x0xFFFFFFFF80014889 ra2=0x0xFFFFFFFF80014D29
[heap] KFREE ptr=0x0xFFFF900000000020 size=0x0x0000000000000200 ra0=0x0xFFFFFFFF800084A3
[MERGE CHECK]
current=0x0xFFFF900000000000
expected_next=0x0xFFFF900000000220
actual_next=0x0xFFFF900000000220
[heap] MERGE into=0x0xFFFF900000000000 absorb=0x0xFFFF900000000220 new_size=0x0x0000000000000FE0
[BEFORE SPLIT]
current=0x0xFFFF900000000000
current->size=0x0x0000000000000FE0
request=0x0x0000000000000200
header=0x0x0000000000000020
[AFTER SPLIT]
new_block=0x0xFFFF900000000220
new_block->size=0x0x0000000000000DC0
new_block->magic=0x0x00000000DEADC0DE
new_block->next=0x0xFFFF900000001000
[heap] SPLIT block=0x0xFFFF900000000000 alloc=0x0x0000000000000200 remainder=0x0xFFFF900000000220 rem_size=0x0x0000000000000DC0
[heap] KMALLOC ptr=0x0xFFFF900000000020 size=0x0x0000000000000200 ra0=0x0xFFFFFFFF80008530 ra1=0x0xFFFFFFFF800148A1 ra2=0x0xFFFFFFFF80014D29
[heap] KFREE ptr=0x0xFFFF900000000020 size=0x0x0000000000000200 ra0=0x0xFFFFFFFF800085C2
[MERGE CHECK]
current=0x0xFFFF900000000000
expected_next=0x0xFFFF900000000220
actual_next=0x0xFFFF900000000220
[heap] MERGE into=0x0xFFFF900000000000 absorb=0x0xFFFF900000000220 new_size=0x0x0000000000000FE0
[BEFORE SPLIT]
current=0x0xFFFF900000000000
current->size=0x0x0000000000000FE0
request=0x0x0000000000000200
header=0x0x0000000000000020
[AFTER SPLIT]
new_block=0x0xFFFF900000000220
new_block->size=0x0x0000000000000DC0
new_block->magic=0x0x00000000DEADC0DE
new_block->next=0x0xFFFF900000001000
[heap] SPLIT block=0x0xFFFF900000000000 alloc=0x0x0000000000000200 remainder=0x0xFFFF900000000220 rem_size=0x0x0000000000000DC0
[heap] KMALLOC ptr=0x0xFFFF900000000020 size=0x0x0000000000000200 ra0=0x0xFFFFFFFF8000865D ra1=0x0xFFFFFFFF800148BC ra2=0x0xFFFFFFFF80014D29
[heap] KFREE ptr=0x0xFFFF900000000020 size=0x0x0000000000000200 ra0=0x0xFFFFFFFF80008707
[MERGE CHECK]
current=0x0xFFFF900000000000
expected_next=0x0xFFFF900000000220
actual_next=0x0xFFFF900000000220
[heap] MERGE into=0x0xFFFF900000000000 absorb=0x0xFFFF900000000220 new_size=0x0x0000000000000FE0
[BEFORE SPLIT]
current=0x0xFFFF900000000000
current->size=0x0x0000000000000FE0
request=0x0x0000000000000200
header=0x0x0000000000000020
[AFTER SPLIT]
new_block=0x0xFFFF900000000220
new_block->size=0x0x0000000000000DC0
new_block->magic=0x0x00000000DEADC0DE
new_block->next=0x0xFFFF900000001000
[heap] SPLIT block=0x0xFFFF900000000000 alloc=0x0x0000000000000200 remainder=0x0xFFFF900000000220 rem_size=0x0x0000000000000DC0
[heap] KMALLOC ptr=0x0xFFFF900000000020 size=0x0x0000000000000200 ra0=0x0xFFFFFFFF80008735 ra1=0x0xFFFFFFFF800148BC ra2=0x0xFFFFFFFF80014D29
[heap] KFREE ptr=0x0xFFFF900000000020 size=0x0x0000000000000200 ra0=0x0xFFFFFFFF800087A4
[MERGE CHECK]
current=0x0xFFFF900000000000
expected_next=0x0xFFFF900000000220
actual_next=0x0xFFFF900000000220
[heap] MERGE into=0x0xFFFF900000000000 absorb=0x0xFFFF900000000220 new_size=0x0x0000000000000FE0
[BEFORE SPLIT]
current=0x0xFFFF900000000000
current->size=0x0x0000000000000FE0
request=0x0x0000000000000200
header=0x0x0000000000000020
[AFTER SPLIT]
new_block=0x0xFFFF900000000220
new_block->size=0x0x0000000000000DC0
new_block->magic=0x0x00000000DEADC0DE
new_block->next=0x0xFFFF900000001000
[heap] SPLIT block=0x0xFFFF900000000000 alloc=0x0x0000000000000200 remainder=0x0xFFFF900000000220 rem_size=0x0x0000000000000DC0
[heap] KMALLOC ptr=0x0xFFFF900000000020 size=0x0x0000000000000200 ra0=0x0xFFFFFFFF80008530 ra1=0x0xFFFFFFFF80002DCA ra2=0x0xFFFFFFFF80015AC1
[heap] KFREE ptr=0x0xFFFF900000000020 size=0x0x0000000000000200 ra0=0x0xFFFFFFFF800085C2
[MERGE CHECK]
current=0x0xFFFF900000000000
expected_next=0x0xFFFF900000000220
actual_next=0x0xFFFF900000000220
[heap] MERGE into=0x0xFFFF900000000000 absorb=0x0xFFFF900000000220 new_size=0x0x0000000000000FE0
[VMM] kmap va=0xFFFF9000000CA000 pa=0x00000000049EF000
[VMM] kmap va=0xFFFF9000000CB000 pa=0x00000000049F0000
[VMM] kmap va=0xFFFF9000000CC000 pa=0x00000000049F1000
[VMM] kmap va=0xFFFF9000000CD000 pa=0x00000000049F2000
[VMM] kmap va=0xFFFF9000000CE000 pa=0x00000000049F3000
[BEFORE SPLIT]
current=0x0xFFFF9000000CA000
current->size=0x0x0000000000004FE0
request=0x0x0000000000004690
header=0x0x0000000000000020
[AFTER SPLIT]
new_block=0x0xFFFF9000000CE6B0
new_block->size=0x0x0000000000000930
new_block->magic=0x0x00000000DEADC0DE
new_block->next=0x0x0000000000000000
[heap] SPLIT block=0x0xFFFF9000000CA000 alloc=0x0x0000000000004690 remainder=0x0xFFFF9000000CE6B0 rem_size=0x0x0000000000000930
[heap] KMALLOC ptr=0x0xFFFF9000000CA020 size=0x0x0000000000004690 ra0=0x0xFFFFFFFF80002DD8 ra1=0x0xFFFFFFFF80015AC1 ra2=0x0xFFFFFFFF80014D4F
[BEFORE SPLIT]
current=0x0xFFFF900000000000
current->size=0x0x0000000000000FE0
request=0x0x0000000000000200
header=0x0x0000000000000020
[AFTER SPLIT]
new_block=0x0xFFFF900000000220
new_block->size=0x0x0000000000000DC0
new_block->magic=0x0x00000000DEADC0DE
new_block->next=0x0xFFFF900000001000
[heap] SPLIT block=0x0xFFFF900000000000 alloc=0x0x0000000000000200 remainder=0x0xFFFF900000000220 rem_size=0x0x0000000000000DC0
[heap] KMALLOC ptr=0x0xFFFF900000000020 size=0x0x0000000000000200 ra0=0x0xFFFFFFFF8000865D ra1=0x0xFFFFFFFF80002DEE ra2=0x0xFFFFFFFF80015AC1
[heap] KFREE ptr=0x0xFFFF900000000020 size=0x0x0000000000000200 ra0=0x0xFFFFFFFF80008707
[MERGE CHECK]
current=0x0xFFFF900000000000
expected_next=0x0xFFFF900000000220
actual_next=0x0xFFFF900000000220
[heap] MERGE into=0x0xFFFF900000000000 absorb=0x0xFFFF900000000220 new_size=0x0x0000000000000FE0
[BEFORE SPLIT]
current=0x0xFFFF900000000000
current->size=0x0x0000000000000FE0
request=0x0x0000000000000200
header=0x0x0000000000000020
[AFTER SPLIT]
new_block=0x0xFFFF900000000220
new_block->size=0x0x0000000000000DC0
new_block->magic=0x0x00000000DEADC0DE
new_block->next=0x0xFFFF900000001000
[heap] SPLIT block=0x0xFFFF900000000000 alloc=0x0x0000000000000200 remainder=0x0xFFFF900000000220 rem_size=0x0x0000000000000DC0
[heap] KMALLOC ptr=0x0xFFFF900000000020 size=0x0x0000000000000200 ra0=0x0xFFFFFFFF80008735 ra1=0x0xFFFFFFFF80002DEE ra2=0x0xFFFFFFFF80015AC1
[heap] KFREE ptr=0x0xFFFF900000000020 size=0x0x0000000000000200 ra0=0x0xFFFFFFFF800087A4
[MERGE CHECK]
current=0x0xFFFF900000000000
expected_next=0x0xFFFF900000000220
actual_next=0x0xFFFF900000000220
[heap] MERGE into=0x0xFFFF900000000000 absorb=0x0xFFFF900000000220 new_size=0x0x0000000000000FE0
[heap] KFREE ptr=0x0xFFFF9000000CA020 size=0x0x0000000000004690 ra0=0x0xFFFFFFFF80002FF5
[MERGE CHECK]
current=0x0xFFFF9000000C9020
expected_next=0x0xFFFF9000000CA000
actual_next=0x0xFFFF9000000CA000
[heap] MERGE into=0x0xFFFF9000000C9020 absorb=0x0xFFFF9000000CA000 new_size=0x0x0000000000005670
[MERGE CHECK]
current=0x0xFFFF9000000C9020
expected_next=0x0xFFFF9000000CE6B0
actual_next=0x0xFFFF9000000CE6B0
[heap] MERGE into=0x0xFFFF9000000C9020 absorb=0x0xFFFF9000000CE6B0 new_size=0x0x0000000000005FC0
[BEFORE SPLIT]
current=0x0xFFFF900000000000
current->size=0x0x0000000000000FE0
request=0x0x0000000000000080
header=0x0x0000000000000020
[AFTER SPLIT]
new_block=0x0xFFFF9000000000A0
new_block->size=0x0x0000000000000F40
new_block->magic=0x0x00000000DEADC0DE
new_block->next=0x0xFFFF900000001000
[heap] SPLIT block=0x0xFFFF900000000000 alloc=0x0x0000000000000080 remainder=0x0xFFFF9000000000A0 rem_size=0x0x0000000000000F40
[heap] KMALLOC ptr=0x0xFFFF900000000020 size=0x0x0000000000000080 ra0=0x0xFFFFFFFF80010FFE ra1=0x0xFFFFFFFF80016406 ra2=0x0x0000000004000EF1
[VMM] kmap va=0xFFFF9000000CF000 pa=0x00000000049F4000
[VMM] kmap va=0xFFFF9000000D0000 pa=0x00000000049F5000
[VMM] kmap va=0xFFFF9000000D1000 pa=0x00000000049F6000
[VMM] kmap va=0xFFFF9000000D2000 pa=0x00000000049F7000
[VMM] kmap va=0xFFFF9000000D3000 pa=0x00000000049F8000
[VMM] kmap va=0xFFFF9000000D4000 pa=0x00000000049F9000
[VMM] kmap va=0xFFFF9000000D5000 pa=0x00000000049FA000
[VMM] kmap va=0xFFFF9000000D6000 pa=0x00000000049FB000
[VMM] kmap va=0xFFFF9000000D7000 pa=0x00000000049FC000
[VMM] kmap va=0xFFFF9000000D8000 pa=0x00000000049FD000
[VMM] kmap va=0xFFFF9000000D9000 pa=0x00000000049FE000
[VMM] kmap va=0xFFFF9000000DA000 pa=0x00000000049FF000
[VMM] kmap va=0xFFFF9000000DB000 pa=0x0000000004A00000
[VMM] kmap va=0xFFFF9000000DC000 pa=0x0000000004A01000
[VMM] kmap va=0xFFFF9000000DD000 pa=0x0000000004A02000
[VMM] kmap va=0xFFFF9000000DE000 pa=0x0000000004A03000
[VMM] kmap va=0xFFFF9000000DF000 pa=0x0000000004A04000
[VMM] kmap va=0xFFFF9000000E0000 pa=0x0000000004A05000
[VMM] kmap va=0xFFFF9000000E1000 pa=0x0000000004A06000
[VMM] kmap va=0xFFFF9000000E2000 pa=0x0000000004A07000
[VMM] kmap va=0xFFFF9000000E3000 pa=0x0000000004A08000
[VMM] kmap va=0xFFFF9000000E4000 pa=0x0000000004A09000
[VMM] kmap va=0xFFFF9000000E5000 pa=0x0000000004A0A000
[VMM] kmap va=0xFFFF9000000E6000 pa=0x0000000004A0B000
[VMM] kmap va=0xFFFF9000000E7000 pa=0x0000000004A0C000
[VMM] kmap va=0xFFFF9000000E8000 pa=0x0000000004A0D000
[VMM] kmap va=0xFFFF9000000E9000 pa=0x0000000004A0E000
[VMM] kmap va=0xFFFF9000000EA000 pa=0x0000000004A0F000
[VMM] kmap va=0xFFFF9000000EB000 pa=0x0000000004A10000
[VMM] kmap va=0xFFFF9000000EC000 pa=0x0000000004A11000
[VMM] kmap va=0xFFFF9000000ED000 pa=0x0000000004A12000
[VMM] kmap va=0xFFFF9000000EE000 pa=0x0000000004A13000
[VMM] kmap va=0xFFFF9000000EF000 pa=0x0000000004A14000
[VMM] kmap va=0xFFFF9000000F0000 pa=0x0000000004A15000
[VMM] kmap va=0xFFFF9000000F1000 pa=0x0000000004A16000
[VMM] kmap va=0xFFFF9000000F2000 pa=0x0000000004A17000
[VMM] kmap va=0xFFFF9000000F3000 pa=0x0000000004A18000
[VMM] kmap va=0xFFFF9000000F4000 pa=0x0000000004A19000
[VMM] kmap va=0xFFFF9000000F5000 pa=0x0000000004A1A000
[VMM] kmap va=0xFFFF9000000F6000 pa=0x0000000004A1B000
[VMM] kmap va=0xFFFF9000000F7000 pa=0x0000000004A1C000
[VMM] kmap va=0xFFFF9000000F8000 pa=0x0000000004A1D000
[VMM] kmap va=0xFFFF9000000F9000 pa=0x0000000004A1E000
[VMM] kmap va=0xFFFF9000000FA000 pa=0x0000000004A1F000
[VMM] kmap va=0xFFFF9000000FB000 pa=0x0000000004A20000
[VMM] kmap va=0xFFFF9000000FC000 pa=0x0000000004A21000
[VMM] kmap va=0xFFFF9000000FD000 pa=0x0000000004A22000
[VMM] kmap va=0xFFFF9000000FE000 pa=0x0000000004A23000
[VMM] kmap va=0xFFFF9000000FF000 pa=0x0000000004A24000
[VMM] kmap va=0xFFFF900000100000 pa=0x0000000004A25000
[VMM] kmap va=0xFFFF900000101000 pa=0x0000000004A26000
[VMM] kmap va=0xFFFF900000102000 pa=0x0000000004A27000
[VMM] kmap va=0xFFFF900000103000 pa=0x0000000004A28000
[VMM] kmap va=0xFFFF900000104000 pa=0x0000000004A29000
[VMM] kmap va=0xFFFF900000105000 pa=0x0000000004A2A000
[VMM] kmap va=0xFFFF900000106000 pa=0x0000000004A2B000
[VMM] kmap va=0xFFFF900000107000 pa=0x0000000004A2C000
[VMM] kmap va=0xFFFF900000108000 pa=0x0000000004A2D000
[VMM] kmap va=0xFFFF900000109000 pa=0x0000000004A2E000
[VMM] kmap va=0xFFFF90000010A000 pa=0x0000000004A2F000
[VMM] kmap va=0xFFFF90000010B000 pa=0x0000000004A30000
[VMM] kmap va=0xFFFF90000010C000 pa=0x0000000004A31000
[VMM] kmap va=0xFFFF90000010D000 pa=0x0000000004A32000
[VMM] kmap va=0xFFFF90000010E000 pa=0x0000000004A33000
[VMM] kmap va=0xFFFF90000010F000 pa=0x0000000004A34000
[VMM] kmap va=0xFFFF900000110000 pa=0x0000000004A35000
[VMM] kmap va=0xFFFF900000111000 pa=0x0000000004A36000
[VMM] kmap va=0xFFFF900000112000 pa=0x0000000004A37000
[VMM] kmap va=0xFFFF900000113000 pa=0x0000000004A38000
[VMM] kmap va=0xFFFF900000114000 pa=0x0000000004A39000
[VMM] kmap va=0xFFFF900000115000 pa=0x0000000004A3A000
[VMM] kmap va=0xFFFF900000116000 pa=0x0000000004A3B000
[VMM] kmap va=0xFFFF900000117000 pa=0x0000000004A3C000
[VMM] kmap va=0xFFFF900000118000 pa=0x0000000004A3D000
[VMM] kmap va=0xFFFF900000119000 pa=0x0000000004A3E000
[VMM] kmap va=0xFFFF90000011A000 pa=0x0000000004A3F000
[VMM] kmap va=0xFFFF90000011B000 pa=0x0000000004A40000
[VMM] kmap va=0xFFFF90000011C000 pa=0x0000000004A41000
[VMM] kmap va=0xFFFF90000011D000 pa=0x0000000004A42000
[VMM] kmap va=0xFFFF90000011E000 pa=0x0000000004A43000
[VMM] kmap va=0xFFFF90000011F000 pa=0x0000000004A44000
[VMM] kmap va=0xFFFF900000120000 pa=0x0000000004A45000
[VMM] kmap va=0xFFFF900000121000 pa=0x0000000004A46000
[VMM] kmap va=0xFFFF900000122000 pa=0x0000000004A47000
[VMM] kmap va=0xFFFF900000123000 pa=0x0000000004A48000
[VMM] kmap va=0xFFFF900000124000 pa=0x0000000004A49000
[VMM] kmap va=0xFFFF900000125000 pa=0x0000000004A4A000
[VMM] kmap va=0xFFFF900000126000 pa=0x0000000004A4B000
[VMM] kmap va=0xFFFF900000127000 pa=0x0000000004A4C000
[VMM] kmap va=0xFFFF900000128000 pa=0x0000000004A4D000
[VMM] kmap va=0xFFFF900000129000 pa=0x0000000004A4E000
[VMM] kmap va=0xFFFF90000012A000 pa=0x0000000004A4F000
[VMM] kmap va=0xFFFF90000012B000 pa=0x0000000004A50000
[VMM] kmap va=0xFFFF90000012C000 pa=0x0000000004A51000
[VMM] kmap va=0xFFFF90000012D000 pa=0x0000000004A52000
[VMM] kmap va=0xFFFF90000012E000 pa=0x0000000004A53000
[VMM] kmap va=0xFFFF90000012F000 pa=0x0000000004A54000
[VMM] kmap va=0xFFFF900000130000 pa=0x0000000004A55000
[VMM] kmap va=0xFFFF900000131000 pa=0x0000000004A56000
[VMM] kmap va=0xFFFF900000132000 pa=0x0000000004A57000
[VMM] kmap va=0xFFFF900000133000 pa=0x0000000004A58000
[VMM] kmap va=0xFFFF900000134000 pa=0x0000000004A59000
[VMM] kmap va=0xFFFF900000135000 pa=0x0000000004A5A000
[VMM] kmap va=0xFFFF900000136000 pa=0x0000000004A5B000
[VMM] kmap va=0xFFFF900000137000 pa=0x0000000004A5C000
[VMM] kmap va=0xFFFF900000138000 pa=0x0000000004A5D000
[VMM] kmap va=0xFFFF900000139000 pa=0x0000000004A5E000
[VMM] kmap va=0xFFFF90000013A000 pa=0x0000000004A5F000
[VMM] kmap va=0xFFFF90000013B000 pa=0x0000000004A60000
[VMM] kmap va=0xFFFF90000013C000 pa=0x0000000004A61000
[VMM] kmap va=0xFFFF90000013D000 pa=0x0000000004A62000
[VMM] kmap va=0xFFFF90000013E000 pa=0x0000000004A63000
[VMM] kmap va=0xFFFF90000013F000 pa=0x0000000004A64000
[VMM] kmap va=0xFFFF900000140000 pa=0x0000000004A65000
[VMM] kmap va=0xFFFF900000141000 pa=0x0000000004A66000
[VMM] kmap va=0xFFFF900000142000 pa=0x0000000004A67000
[VMM] kmap va=0xFFFF900000143000 pa=0x0000000004A68000
[VMM] kmap va=0xFFFF900000144000 pa=0x0000000004A69000
[VMM] kmap va=0xFFFF900000145000 pa=0x0000000004A6A000
[VMM] kmap va=0xFFFF900000146000 pa=0x0000000004A6B000
[VMM] kmap va=0xFFFF900000147000 pa=0x0000000004A6C000
[VMM] kmap va=0xFFFF900000148000 pa=0x0000000004A6D000
[VMM] kmap va=0xFFFF900000149000 pa=0x0000000004A6E000
[VMM] kmap va=0xFFFF90000014A000 pa=0x0000000004A6F000
[VMM] kmap va=0xFFFF90000014B000 pa=0x0000000004A70000
[VMM] kmap va=0xFFFF90000014C000 pa=0x0000000004A71000
[BEFORE SPLIT]
current=0x0xFFFF9000000CF000
current->size=0x0x000000000007DFE0
request=0x0x000000000007D000
header=0x0x0000000000000020
[AFTER SPLIT]
new_block=0x0xFFFF90000014C020
new_block->size=0x0x0000000000000FC0
new_block->magic=0x0x00000000DEADC0DE
new_block->next=0x0x0000000000000000
[heap] SPLIT block=0x0xFFFF9000000CF000 alloc=0x0x000000000007D000 remainder=0x0xFFFF90000014C020 rem_size=0x0x0000000000000FC0
[heap] KMALLOC ptr=0x0xFFFF9000000CF020 size=0x0x000000000007D000 ra0=0x0xFFFFFFFF80010FFE ra1=0x0xFFFFFFFF80016406 ra2=0x0x0000000004000F0C
[VMM] kmap va=0xFFFF90000014D000 pa=0x0000000004A72000
[VMM] kmap va=0xFFFF90000014E000 pa=0x0000000004A73000
[VMM] kmap va=0xFFFF90000014F000 pa=0x0000000004A74000
[VMM] kmap va=0xFFFF900000150000 pa=0x0000000004A75000
[VMM] kmap va=0xFFFF900000151000 pa=0x0000000004A76000
[VMM] kmap va=0xFFFF900000152000 pa=0x0000000004A77000
[VMM] kmap va=0xFFFF900000153000 pa=0x0000000004A78000
[VMM] kmap va=0xFFFF900000154000 pa=0x0000000004A79000
[VMM] kmap va=0xFFFF900000155000 pa=0x0000000004A7A000
[VMM] kmap va=0xFFFF900000156000 pa=0x0000000004A7B000
[VMM] kmap va=0xFFFF900000157000 pa=0x0000000004A7C000
[VMM] kmap va=0xFFFF900000158000 pa=0x0000000004A7D000
[VMM] kmap va=0xFFFF900000159000 pa=0x0000000004A7E000
[VMM] kmap va=0xFFFF90000015A000 pa=0x0000000004A7F000
[VMM] kmap va=0xFFFF90000015B000 pa=0x0000000004A80000
[VMM] kmap va=0xFFFF90000015C000 pa=0x0000000004A81000
[VMM] kmap va=0xFFFF90000015D000 pa=0x0000000004A82000
[VMM] kmap va=0xFFFF90000015E000 pa=0x0000000004A83000
[VMM] kmap va=0xFFFF90000015F000 pa=0x0000000004A84000
[VMM] kmap va=0xFFFF900000160000 pa=0x0000000004A85000
[VMM] kmap va=0xFFFF900000161000 pa=0x0000000004A86000
[VMM] kmap va=0xFFFF900000162000 pa=0x0000000004A87000
[VMM] kmap va=0xFFFF900000163000 pa=0x0000000004A88000
[VMM] kmap va=0xFFFF900000164000 pa=0x0000000004A89000
[VMM] kmap va=0xFFFF900000165000 pa=0x0000000004A8A000
[VMM] kmap va=0xFFFF900000166000 pa=0x0000000004A8B000
[VMM] kmap va=0xFFFF900000167000 pa=0x0000000004A8C000
[VMM] kmap va=0xFFFF900000168000 pa=0x0000000004A8D000
[VMM] kmap va=0xFFFF900000169000 pa=0x0000000004A8E000
[VMM] kmap va=0xFFFF90000016A000 pa=0x0000000004A8F000
[VMM] kmap va=0xFFFF90000016B000 pa=0x0000000004A90000
[VMM] kmap va=0xFFFF90000016C000 pa=0x0000000004A91000
[VMM] kmap va=0xFFFF90000016D000 pa=0x0000000004A92000
[VMM] kmap va=0xFFFF90000016E000 pa=0x0000000004A93000
[VMM] kmap va=0xFFFF90000016F000 pa=0x0000000004A94000
[VMM] kmap va=0xFFFF900000170000 pa=0x0000000004A95000
[VMM] kmap va=0xFFFF900000171000 pa=0x0000000004A96000
[VMM] kmap va=0xFFFF900000172000 pa=0x0000000004A97000
[VMM] kmap va=0xFFFF900000173000 pa=0x0000000004A98000
[VMM] kmap va=0xFFFF900000174000 pa=0x0000000004A99000
[VMM] kmap va=0xFFFF900000175000 pa=0x0000000004A9A000
[VMM] kmap va=0xFFFF900000176000 pa=0x0000000004A9B000
[VMM] kmap va=0xFFFF900000177000 pa=0x0000000004A9C000
[VMM] kmap va=0xFFFF900000178000 pa=0x0000000004A9D000
[VMM] kmap va=0xFFFF900000179000 pa=0x0000000004A9E000
[VMM] kmap va=0xFFFF90000017A000 pa=0x0000000004A9F000
[VMM] kmap va=0xFFFF90000017B000 pa=0x0000000004AA0000
[VMM] kmap va=0xFFFF90000017C000 pa=0x0000000004AA1000
[VMM] kmap va=0xFFFF90000017D000 pa=0x0000000004AA2000
[VMM] kmap va=0xFFFF90000017E000 pa=0x0000000004AA3000
[VMM] kmap va=0xFFFF90000017F000 pa=0x0000000004AA4000
[VMM] kmap va=0xFFFF900000180000 pa=0x0000000004AA5000
[VMM] kmap va=0xFFFF900000181000 pa=0x0000000004AA6000
[VMM] kmap va=0xFFFF900000182000 pa=0x0000000004AA7000
[VMM] kmap va=0xFFFF900000183000 pa=0x0000000004AA8000
[VMM] kmap va=0xFFFF900000184000 pa=0x0000000004AA9000
[VMM] kmap va=0xFFFF900000185000 pa=0x0000000004AAA000
[VMM] kmap va=0xFFFF900000186000 pa=0x0000000004AAB000
[VMM] kmap va=0xFFFF900000187000 pa=0x0000000004AAC000
[VMM] kmap va=0xFFFF900000188000 pa=0x0000000004AAD000
[VMM] kmap va=0xFFFF900000189000 pa=0x0000000004AAE000
[VMM] kmap va=0xFFFF90000018A000 pa=0x0000000004AAF000
[VMM] kmap va=0xFFFF90000018B000 pa=0x0000000004AB0000
[VMM] kmap va=0xFFFF90000018C000 pa=0x0000000004AB1000
[VMM] kmap va=0xFFFF90000018D000 pa=0x0000000004AB2000
[VMM] kmap va=0xFFFF90000018E000 pa=0x0000000004AB3000
[VMM] kmap va=0xFFFF90000018F000 pa=0x0000000004AB4000
[VMM] kmap va=0xFFFF900000190000 pa=0x0000000004AB5000
[VMM] kmap va=0xFFFF900000191000 pa=0x0000000004AB6000
[VMM] kmap va=0xFFFF900000192000 pa=0x0000000004AB7000
[VMM] kmap va=0xFFFF900000193000 pa=0x0000000004AB8000
[VMM] kmap va=0xFFFF900000194000 pa=0x0000000004AB9000
[VMM] kmap va=0xFFFF900000195000 pa=0x0000000004ABA000
[VMM] kmap va=0xFFFF900000196000 pa=0x0000000004ABB000
[VMM] kmap va=0xFFFF900000197000 pa=0x0000000004ABC000
[VMM] kmap va=0xFFFF900000198000 pa=0x0000000004ABD000
[VMM] kmap va=0xFFFF900000199000 pa=0x0000000004ABE000
[VMM] kmap va=0xFFFF90000019A000 pa=0x0000000004ABF000
[VMM] kmap va=0xFFFF90000019B000 pa=0x0000000004AC0000
[VMM] kmap va=0xFFFF90000019C000 pa=0x0000000004AC1000
[VMM] kmap va=0xFFFF90000019D000 pa=0x0000000004AC2000
[VMM] kmap va=0xFFFF90000019E000 pa=0x0000000004AC3000
[VMM] kmap va=0xFFFF90000019F000 pa=0x0000000004AC4000
[VMM] kmap va=0xFFFF9000001A0000 pa=0x0000000004AC5000
[VMM] kmap va=0xFFFF9000001A1000 pa=0x0000000004AC6000
[VMM] kmap va=0xFFFF9000001A2000 pa=0x0000000004AC7000
[VMM] kmap va=0xFFFF9000001A3000 pa=0x0000000004AC8000
[VMM] kmap va=0xFFFF9000001A4000 pa=0x0000000004AC9000
[VMM] kmap va=0xFFFF9000001A5000 pa=0x0000000004ACA000
[VMM] kmap va=0xFFFF9000001A6000 pa=0x0000000004ACB000
[VMM] kmap va=0xFFFF9000001A7000 pa=0x0000000004ACC000
[VMM] kmap va=0xFFFF9000001A8000 pa=0x0000000004ACD000
[VMM] kmap va=0xFFFF9000001A9000 pa=0x0000000004ACE000
[VMM] kmap va=0xFFFF9000001AA000 pa=0x0000000004ACF000
[VMM] kmap va=0xFFFF9000001AB000 pa=0x0000000004AD0000
[VMM] kmap va=0xFFFF9000001AC000 pa=0x0000000004AD1000
[VMM] kmap va=0xFFFF9000001AD000 pa=0x0000000004AD2000
[VMM] kmap va=0xFFFF9000001AE000 pa=0x0000000004AD3000
[VMM] kmap va=0xFFFF9000001AF000 pa=0x0000000004AD4000
[VMM] kmap va=0xFFFF9000001B0000 pa=0x0000000004AD5000
[VMM] kmap va=0xFFFF9000001B1000 pa=0x0000000004AD6000
[VMM] kmap va=0xFFFF9000001B2000 pa=0x0000000004AD7000
[VMM] kmap va=0xFFFF9000001B3000 pa=0x0000000004AD8000
[VMM] kmap va=0xFFFF9000001B4000 pa=0x0000000004AD9000
[VMM] kmap va=0xFFFF9000001B5000 pa=0x0000000004ADA000
[VMM] kmap va=0xFFFF9000001B6000 pa=0x0000000004ADB000
[VMM] kmap va=0xFFFF9000001B7000 pa=0x0000000004ADC000
[VMM] kmap va=0xFFFF9000001B8000 pa=0x0000000004ADD000
[VMM] kmap va=0xFFFF9000001B9000 pa=0x0000000004ADE000
[VMM] kmap va=0xFFFF9000001BA000 pa=0x0000000004ADF000
[VMM] kmap va=0xFFFF9000001BB000 pa=0x0000000004AE0000
[VMM] kmap va=0xFFFF9000001BC000 pa=0x0000000004AE1000
[VMM] kmap va=0xFFFF9000001BD000 pa=0x0000000004AE2000
[VMM] kmap va=0xFFFF9000001BE000 pa=0x0000000004AE3000
[VMM] kmap va=0xFFFF9000001BF000 pa=0x0000000004AE4000
[VMM] kmap va=0xFFFF9000001C0000 pa=0x0000000004AE5000
[VMM] kmap va=0xFFFF9000001C1000 pa=0x0000000004AE6000
[VMM] kmap va=0xFFFF9000001C2000 pa=0x0000000004AE7000
[VMM] kmap va=0xFFFF9000001C3000 pa=0x0000000004AE8000
[VMM] kmap va=0xFFFF9000001C4000 pa=0x0000000004AE9000
[VMM] kmap va=0xFFFF9000001C5000 pa=0x0000000004AEA000
[VMM] kmap va=0xFFFF9000001C6000 pa=0x0000000004AEB000
[VMM] kmap va=0xFFFF9000001C7000 pa=0x0000000004AEC000
[VMM] kmap va=0xFFFF9000001C8000 pa=0x0000000004AED000
[VMM] kmap va=0xFFFF9000001C9000 pa=0x0000000004AEE000
[VMM] kmap va=0xFFFF9000001CA000 pa=0x0000000004AEF000
[BEFORE SPLIT]
current=0x0xFFFF90000014D000
current->size=0x0x000000000007DFE0
request=0x0x000000000007D000
header=0x0x0000000000000020
[AFTER SPLIT]
new_block=0x0xFFFF9000001CA020
new_block->size=0x0x0000000000000FC0
new_block->magic=0x0x00000000DEADC0DE
new_block->next=0x0x0000000000000000
[heap] SPLIT block=0x0xFFFF90000014D000 alloc=0x0x000000000007D000 remainder=0x0xFFFF9000001CA020 rem_size=0x0x0000000000000FC0
[heap] KMALLOC ptr=0x0xFFFF90000014D020 size=0x0x000000000007D000 ra0=0x0xFFFFFFFF8000567B ra1=0x0xFFFFFFFF80010F05 ra2=0x0xFFFFFFFF80016406
[BEFORE SPLIT]
current=0x0xFFFF9000000000A0
current->size=0x0x0000000000000F40
request=0x0x0000000000000200
header=0x0x0000000000000020
[AFTER SPLIT]
new_block=0x0xFFFF9000000002C0
new_block->size=0x0x0000000000000D20
new_block->magic=0x0x00000000DEADC0DE
new_block->next=0x0xFFFF900000001000
[heap] SPLIT block=0x0xFFFF9000000000A0 alloc=0x0x0000000000000200 remainder=0x0xFFFF9000000002C0 rem_size=0x0x0000000000000D20
[heap] KMALLOC ptr=0x0xFFFF9000000000C0 size=0x0x0000000000000200 ra0=0x0xFFFFFFFF80008FB4 ra1=0x0xFFFFFFFF80010F20 ra2=0x0xFFFFFFFF80016406
[heap] KFREE ptr=0x0xFFFF9000000000C0 size=0x0x0000000000000200 ra0=0x0xFFFFFFFF800092A9
[MERGE CHECK]
current=0x0xFFFF9000000000A0
expected_next=0x0xFFFF9000000002C0
actual_next=0x0xFFFF9000000002C0
[heap] MERGE into=0x0xFFFF9000000000A0 absorb=0x0xFFFF9000000002C0 new_size=0x0x0000000000000F40
[BEFORE SPLIT]
current=0x0xFFFF9000000000A0
current->size=0x0x0000000000000F40
request=0x0x0000000000000200
header=0x0x0000000000000020
[AFTER SPLIT]
new_block=0x0xFFFF9000000002C0
new_block->size=0x0x0000000000000D20
new_block->magic=0x0x00000000DEADC0DE
new_block->next=0x0xFFFF900000001000
[heap] SPLIT block=0x0xFFFF9000000000A0 alloc=0x0x0000000000000200 remainder=0x0xFFFF9000000002C0 rem_size=0x0x0000000000000D20
[heap] KMALLOC ptr=0x0xFFFF9000000000C0 size=0x0x0000000000000200 ra0=0x0xFFFFFFFF80008427 ra1=0x0xFFFFFFFF800110E0 ra2=0x0xFFFFFFFF80016406
[heap] KFREE ptr=0x0xFFFF9000000000C0 size=0x0x0000000000000200 ra0=0x0xFFFFFFFF800084A3
[MERGE CHECK]
current=0x0xFFFF9000000000A0
expected_next=0x0xFFFF9000000002C0
actual_next=0x0xFFFF9000000002C0
[heap] MERGE into=0x0xFFFF9000000000A0 absorb=0x0xFFFF9000000002C0 new_size=0x0x0000000000000F40
[BEFORE SPLIT]
current=0x0xFFFF9000000000A0
current->size=0x0x0000000000000F40
request=0x0x0000000000000200
header=0x0x0000000000000020
[AFTER SPLIT]
new_block=0x0xFFFF9000000002C0
new_block->size=0x0x0000000000000D20
new_block->magic=0x0x00000000DEADC0DE
new_block->next=0x0xFFFF900000001000
[heap] SPLIT block=0x0xFFFF9000000000A0 alloc=0x0x0000000000000200 remainder=0x0xFFFF9000000002C0 rem_size=0x0x0000000000000D20
[heap] KMALLOC ptr=0x0xFFFF9000000000C0 size=0x0x0000000000000200 ra0=0x0xFFFFFFFF80007B5C ra1=0x0xFFFFFFFF80011092 ra2=0x0xFFFFFFFF80016406
[heap] KFREE ptr=0x0xFFFF9000000000C0 size=0x0x0000000000000200 ra0=0x0xFFFFFFFF80007B70
[MERGE CHECK]
current=0x0xFFFF9000000000A0
expected_next=0x0xFFFF9000000002C0
actual_next=0x0xFFFF9000000002C0
[heap] MERGE into=0x0xFFFF9000000000A0 absorb=0x0xFFFF9000000002C0 new_size=0x0x0000000000000F40
[BEFORE SPLIT]
current=0x0xFFFF9000000000A0
current->size=0x0x0000000000000F40
request=0x0x0000000000000200
header=0x0x0000000000000020
[AFTER SPLIT]
new_block=0x0xFFFF9000000002C0
new_block->size=0x0x0000000000000D20
new_block->magic=0x0x00000000DEADC0DE
new_block->next=0x0xFFFF900000001000
[heap] SPLIT block=0x0xFFFF9000000000A0 alloc=0x0x0000000000000200 remainder=0x0xFFFF9000000002C0 rem_size=0x0x0000000000000D20
[heap] KMALLOC ptr=0x0xFFFF9000000000C0 size=0x0x0000000000000200 ra0=0x0xFFFFFFFF80007B9A ra1=0x0xFFFFFFFF80011092 ra2=0x0xFFFFFFFF80016406
[heap] KFREE ptr=0x0xFFFF9000000000C0 size=0x0x0000000000000200 ra0=0x0xFFFFFFFF8000803C
[MERGE CHECK]
current=0x0xFFFF9000000000A0
expected_next=0x0xFFFF9000000002C0
actual_next=0x0xFFFF9000000002C0
[heap] MERGE into=0x0xFFFF9000000000A0 absorb=0x0xFFFF9000000002C0 new_size=0x0x0000000000000F40
[heap] KFREE ptr=0x0xFFFF90000014D020 size=0x0x000000000007D000 ra0=0x0xFFFFFFFF80005919
[MERGE CHECK]
current=0x0xFFFF90000014C020
expected_next=0x0xFFFF90000014D000
actual_next=0x0xFFFF90000014D000
[heap] MERGE into=0x0xFFFF90000014C020 absorb=0x0xFFFF90000014D000 new_size=0x0x000000000007DFE0
[MERGE CHECK]
current=0x0xFFFF90000014C020
expected_next=0x0xFFFF9000001CA020
actual_next=0x0xFFFF9000001CA020
[heap] MERGE into=0x0xFFFF90000014C020 absorb=0x0xFFFF9000001CA020 new_size=0x0x000000000007EFC0
[heap] KFREE ptr=0x0xFFFF9000000CF020 size=0x0x000000000007D000 ra0=0x0xFFFFFFFF80010FCC
[MERGE CHECK]
current=0x0xFFFF9000000C9020
expected_next=0x0xFFFF9000000CF000
actual_next=0x0xFFFF9000000CF000
[heap] MERGE into=0x0xFFFF9000000C9020 absorb=0x0xFFFF9000000CF000 new_size=0x0x0000000000082FE0
[MERGE CHECK]
current=0x0xFFFF9000000C9020
expected_next=0x0xFFFF90000014C020
actual_next=0x0xFFFF90000014C020
[heap] MERGE into=0x0xFFFF9000000C9020 absorb=0x0xFFFF90000014C020 new_size=0x0x0000000000101FC0
[heap] KFREE ptr=0x0xFFFF900000000020 size=0x0x0000000000000080 ra0=0x0xFFFFFFFF80010FCC
[MERGE CHECK]
current=0x0xFFFF900000000000
expected_next=0x0xFFFF9000000000A0
actual_next=0x0xFFFF9000000000A0
[heap] MERGE into=0x0xFFFF900000000000 absorb=0x0xFFFF9000000000A0 new_size=0x0x0000000000000FE0
[BEFORE SPLIT]
current=0x0xFFFF900000000000
current->size=0x0x0000000000000FE0
request=0x0x0000000000000200
header=0x0x0000000000000020
[AFTER SPLIT]
new_block=0x0xFFFF900000000220
new_block->size=0x0x0000000000000DC0
new_block->magic=0x0x00000000DEADC0DE
new_block->next=0x0xFFFF900000001000
[heap] SPLIT block=0x0xFFFF900000000000 alloc=0x0x0000000000000200 remainder=0x0xFFFF900000000220 rem_size=0x0x0000000000000DC0
[heap] KMALLOC ptr=0x0xFFFF900000000020 size=0x0x0000000000000200 ra0=0x0xFFFFFFFF80008530 ra1=0x0xFFFFFFFF80002DCA ra2=0x0xFFFFFFFF800113CA
[heap] KFREE ptr=0x0xFFFF900000000020 size=0x0x0000000000000200 ra0=0x0xFFFFFFFF800085C2
[MERGE CHECK]
current=0x0xFFFF900000000000
expected_next=0x0xFFFF900000000220
actual_next=0x0xFFFF900000000220
[heap] MERGE into=0x0xFFFF900000000000 absorb=0x0xFFFF900000000220 new_size=0x0x0000000000000FE0
[BEFORE SPLIT]
current=0x0xFFFF9000000C9020
current->size=0x0x0000000000101FC0
request=0x0x000000000000C0B0
header=0x0x0000000000000020
[AFTER SPLIT]
new_block=0x0xFFFF9000000D50F0
new_block->size=0x0x00000000000F5EF0
new_block->magic=0x0x00000000DEADC0DE
new_block->next=0x0x0000000000000000
[heap] SPLIT block=0x0xFFFF9000000C9020 alloc=0x0x000000000000C0B0 remainder=0x0xFFFF9000000D50F0 rem_size=0x0x00000000000F5EF0
[heap] KMALLOC ptr=0x0xFFFF9000000C9040 size=0x0x000000000000C0B0 ra0=0x0xFFFFFFFF80002DD8 ra1=0x0xFFFFFFFF800113CA ra2=0x0xFFFFFFFF80016406
[BEFORE SPLIT]
current=0x0xFFFF900000000000
current->size=0x0x0000000000000FE0
request=0x0x0000000000000200
header=0x0x0000000000000020
[AFTER SPLIT]
new_block=0x0xFFFF900000000220
new_block->size=0x0x0000000000000DC0
new_block->magic=0x0x00000000DEADC0DE
new_block->next=0x0xFFFF900000001000
[heap] SPLIT block=0x0xFFFF900000000000 alloc=0x0x0000000000000200 remainder=0x0xFFFF900000000220 rem_size=0x0x0000000000000DC0
[heap] KMALLOC ptr=0x0xFFFF900000000020 size=0x0x0000000000000200 ra0=0x0xFFFFFFFF8000865D ra1=0x0xFFFFFFFF80002DEE ra2=0x0xFFFFFFFF800113CA
[heap] KFREE ptr=0x0xFFFF900000000020 size=0x0x0000000000000200 ra0=0x0xFFFFFFFF80008707
[MERGE CHECK]
current=0x0xFFFF900000000000
expected_next=0x0xFFFF900000000220
actual_next=0x0xFFFF900000000220
[heap] MERGE into=0x0xFFFF900000000000 absorb=0x0xFFFF900000000220 new_size=0x0x0000000000000FE0
[BEFORE SPLIT]
current=0x0xFFFF900000000000
current->size=0x0x0000000000000FE0
request=0x0x0000000000000200
header=0x0x0000000000000020
[AFTER SPLIT]
new_block=0x0xFFFF900000000220
new_block->size=0x0x0000000000000DC0
new_block->magic=0x0x00000000DEADC0DE
new_block->next=0x0xFFFF900000001000
[heap] SPLIT block=0x0xFFFF900000000000 alloc=0x0x0000000000000200 remainder=0x0xFFFF900000000220 rem_size=0x0x0000000000000DC0
[heap] KMALLOC ptr=0x0xFFFF900000000020 size=0x0x0000000000000200 ra0=0x0xFFFFFFFF80008735 ra1=0x0xFFFFFFFF80002DEE ra2=0x0xFFFFFFFF800113CA
[heap] KFREE ptr=0x0xFFFF900000000020 size=0x0x0000000000000200 ra0=0x0xFFFFFFFF800087A4
[MERGE CHECK]
current=0x0xFFFF900000000000
expected_next=0x0xFFFF900000000220
actual_next=0x0xFFFF900000000220
[heap] MERGE into=0x0xFFFF900000000000 absorb=0x0xFFFF900000000220 new_size=0x0x0000000000000FE0
[heap] KFREE ptr=0x0xFFFF9000000C9040 size=0x0x000000000000C0B0 ra0=0x0xFFFFFFFF80002FF5
[MERGE CHECK]
current=0x0xFFFF9000000C9020
expected_next=0x0xFFFF9000000D50F0
actual_next=0x0xFFFF9000000D50F0
[heap] MERGE into=0x0xFFFF9000000C9020 absorb=0x0xFFFF9000000D50F0 new_size=0x0x0000000000101FC0
[BEFORE SPLIT]
current=0x0xFFFF9000000C9020
current->size=0x0x0000000000101FC0
request=0x0x0000000000040000
header=0x0x0000000000000020
[AFTER SPLIT]
new_block=0x0xFFFF900000109040
new_block->size=0x0x00000000000C1FA0
new_block->magic=0x0x00000000DEADC0DE
new_block->next=0x0x0000000000000000
[heap] SPLIT block=0x0xFFFF9000000C9020 alloc=0x0x0000000000040000 remainder=0x0xFFFF900000109040 rem_size=0x0x00000000000C1FA0
[heap] KMALLOC ptr=0x0xFFFF9000000C9040 size=0x0x0000000000040000 ra0=0x0xFFFFFFFF80003004 ra1=0x0xFFFFFFFF800113CA ra2=0x0xFFFFFFFF80016406
[BEFORE SPLIT]
current=0x0xFFFF900000000000
current->size=0x0x0000000000000FE0
request=0x0x0000000000000080
header=0x0x0000000000000020
[AFTER SPLIT]
new_block=0x0xFFFF9000000000A0
new_block->size=0x0x0000000000000F40
new_block->magic=0x0x00000000DEADC0DE
new_block->next=0x0xFFFF900000001000
[heap] SPLIT block=0x0xFFFF900000000000 alloc=0x0x0000000000000080 remainder=0x0xFFFF9000000000A0 rem_size=0x0x0000000000000F40
[heap] KMALLOC ptr=0x0xFFFF900000000020 size=0x0x0000000000000080 ra0=0x0xFFFFFFFF80010FFE ra1=0x0xFFFFFFFF80016406 ra2=0x0x00000000040069D1
[BEFORE SPLIT]
current=0x0xFFFF900000109040
current->size=0x0x00000000000C1FA0
request=0x0x00000000000BB800
header=0x0x0000000000000020
[AFTER SPLIT]
new_block=0x0xFFFF9000001C4860
new_block->size=0x0x0000000000006780
new_block->magic=0x0x00000000DEADC0DE
new_block->next=0x0x0000000000000000
[heap] SPLIT block=0x0xFFFF900000109040 alloc=0x0x00000000000BB800 remainder=0x0xFFFF9000001C4860 rem_size=0x0x0000000000006780
[heap] KMALLOC ptr=0x0xFFFF900000109060 size=0x0x00000000000BB800 ra0=0x0xFFFFFFFF80010FFE ra1=0x0xFFFFFFFF80016406 ra2=0x0x00000000040069EC
[VMM] kmap va=0xFFFF9000001CB000 pa=0x000000000000F000
[VMM] kmap va=0xFFFF9000001CC000 pa=0x0000000000010000
[VMM] kmap va=0xFFFF9000001CD000 pa=0x0000000000011000
[VMM] kmap va=0xFFFF9000001CE000 pa=0x0000000000012000
[VMM] kmap va=0xFFFF9000001CF000 pa=0x0000000000013000
[VMM] kmap va=0xFFFF9000001D0000 pa=0x0000000000014000
[VMM] kmap va=0xFFFF9000001D1000 pa=0x0000000000015000
[VMM] kmap va=0xFFFF9000001D2000 pa=0x0000000000016000
[VMM] kmap va=0xFFFF9000001D3000 pa=0x0000000000017000
[VMM] kmap va=0xFFFF9000001D4000 pa=0x0000000000018000
[VMM] kmap va=0xFFFF9000001D5000 pa=0x0000000000019000
[VMM] kmap va=0xFFFF9000001D6000 pa=0x000000000001A000
[VMM] kmap va=0xFFFF9000001D7000 pa=0x000000000001B000
[VMM] kmap va=0xFFFF9000001D8000 pa=0x000000000001C000
[VMM] kmap va=0xFFFF9000001D9000 pa=0x000000000001D000
[VMM] kmap va=0xFFFF9000001DA000 pa=0x000000000001E000
[VMM] kmap va=0xFFFF9000001DB000 pa=0x000000000001F000
[VMM] kmap va=0xFFFF9000001DC000 pa=0x0000000000020000
[VMM] kmap va=0xFFFF9000001DD000 pa=0x0000000000021000
[VMM] kmap va=0xFFFF9000001DE000 pa=0x0000000000022000
[VMM] kmap va=0xFFFF9000001DF000 pa=0x0000000000023000
[VMM] kmap va=0xFFFF9000001E0000 pa=0x0000000000024000
[VMM] kmap va=0xFFFF9000001E1000 pa=0x0000000000025000
[VMM] kmap va=0xFFFF9000001E2000 pa=0x0000000000026000
[VMM] kmap va=0xFFFF9000001E3000 pa=0x0000000000027000
[VMM] kmap va=0xFFFF9000001E4000 pa=0x0000000000028000
[VMM] kmap va=0xFFFF9000001E5000 pa=0x0000000000029000
[VMM] kmap va=0xFFFF9000001E6000 pa=0x000000000002A000
[VMM] kmap va=0xFFFF9000001E7000 pa=0x000000000002B000
[VMM] kmap va=0xFFFF9000001E8000 pa=0x000000000002C000
[VMM] kmap va=0xFFFF9000001E9000 pa=0x000000000002D000
[VMM] kmap va=0xFFFF9000001EA000 pa=0x000000000002E000
[VMM] kmap va=0xFFFF9000001EB000 pa=0x000000000002F000
[VMM] kmap va=0xFFFF9000001EC000 pa=0x0000000000030000
[VMM] kmap va=0xFFFF9000001ED000 pa=0x0000000000031000
[VMM] kmap va=0xFFFF9000001EE000 pa=0x0000000000032000
[VMM] kmap va=0xFFFF9000001EF000 pa=0x0000000000033000
[VMM] kmap va=0xFFFF9000001F0000 pa=0x0000000000034000
[VMM] kmap va=0xFFFF9000001F1000 pa=0x0000000000035000
[VMM] kmap va=0xFFFF9000001F2000 pa=0x0000000000036000
[VMM] kmap va=0xFFFF9000001F3000 pa=0x0000000000037000
[VMM] kmap va=0xFFFF9000001F4000 pa=0x0000000000038000
[VMM] kmap va=0xFFFF9000001F5000 pa=0x0000000000039000
[VMM] kmap va=0xFFFF9000001F6000 pa=0x000000000003A000
[VMM] kmap va=0xFFFF9000001F7000 pa=0x000000000003B000
[VMM] kmap va=0xFFFF9000001F8000 pa=0x000000000003C000
[VMM] kmap va=0xFFFF9000001F9000 pa=0x000000000003D000
[VMM] kmap va=0xFFFF9000001FA000 pa=0x000000000003E000
[VMM] kmap va=0xFFFF9000001FB000 pa=0x000000000003F000
[VMM] kmap va=0xFFFF9000001FC000 pa=0x0000000000040000
[VMM] kmap va=0xFFFF9000001FD000 pa=0x0000000000041000
[VMM] kmap va=0xFFFF9000001FE000 pa=0x0000000000042000
[VMM] kmap va=0xFFFF9000001FF000 pa=0x0000000000043000
[VMM] kmap va=0xFFFF900000200000 pa=0x0000000000044000
[VMM] kmap va=0xFFFF900000201000 pa=0x0000000000046000
[VMM] kmap va=0xFFFF900000202000 pa=0x0000000000047000
[VMM] kmap va=0xFFFF900000203000 pa=0x0000000000048000
[VMM] kmap va=0xFFFF900000204000 pa=0x0000000000049000
[VMM] kmap va=0xFFFF900000205000 pa=0x000000000004A000
[VMM] kmap va=0xFFFF900000206000 pa=0x000000000004B000
[VMM] kmap va=0xFFFF900000207000 pa=0x000000000004C000
[VMM] kmap va=0xFFFF900000208000 pa=0x000000000004D000
[VMM] kmap va=0xFFFF900000209000 pa=0x000000000004E000
[VMM] kmap va=0xFFFF90000020A000 pa=0x000000000004F000
[VMM] kmap va=0xFFFF90000020B000 pa=0x0000000000050000
[VMM] kmap va=0xFFFF90000020C000 pa=0x0000000000051000
[VMM] kmap va=0xFFFF90000020D000 pa=0x0000000000052000
[VMM] kmap va=0xFFFF90000020E000 pa=0x0000000000053000
[VMM] kmap va=0xFFFF90000020F000 pa=0x0000000000054000
[VMM] kmap va=0xFFFF900000210000 pa=0x0000000000055000
[VMM] kmap va=0xFFFF900000211000 pa=0x0000000000056000
[VMM] kmap va=0xFFFF900000212000 pa=0x0000000000057000
[VMM] kmap va=0xFFFF900000213000 pa=0x0000000000058000
[VMM] kmap va=0xFFFF900000214000 pa=0x0000000000059000
[VMM] kmap va=0xFFFF900000215000 pa=0x000000000005A000
[VMM] kmap va=0xFFFF900000216000 pa=0x000000000005B000
[VMM] kmap va=0xFFFF900000217000 pa=0x000000000005C000
[VMM] kmap va=0xFFFF900000218000 pa=0x000000000005D000
[VMM] kmap va=0xFFFF900000219000 pa=0x000000000005E000
[VMM] kmap va=0xFFFF90000021A000 pa=0x000000000005F000
[VMM] kmap va=0xFFFF90000021B000 pa=0x0000000000060000
[VMM] kmap va=0xFFFF90000021C000 pa=0x0000000000061000
[VMM] kmap va=0xFFFF90000021D000 pa=0x0000000000062000
[VMM] kmap va=0xFFFF90000021E000 pa=0x0000000000063000
[VMM] kmap va=0xFFFF90000021F000 pa=0x0000000000064000
[VMM] kmap va=0xFFFF900000220000 pa=0x0000000000065000
[VMM] kmap va=0xFFFF900000221000 pa=0x0000000000066000
[VMM] kmap va=0xFFFF900000222000 pa=0x0000000000067000
[VMM] kmap va=0xFFFF900000223000 pa=0x0000000000068000
[VMM] kmap va=0xFFFF900000224000 pa=0x0000000000069000
[VMM] kmap va=0xFFFF900000225000 pa=0x000000000006A000
[VMM] kmap va=0xFFFF900000226000 pa=0x000000000006B000
[VMM] kmap va=0xFFFF900000227000 pa=0x000000000006C000
[VMM] kmap va=0xFFFF900000228000 pa=0x000000000006D000
[VMM] kmap va=0xFFFF900000229000 pa=0x000000000006E000
[VMM] kmap va=0xFFFF90000022A000 pa=0x000000000006F000
[VMM] kmap va=0xFFFF90000022B000 pa=0x0000000000070000
[VMM] kmap va=0xFFFF90000022C000 pa=0x0000000000071000
[VMM] kmap va=0xFFFF90000022D000 pa=0x0000000000072000
[VMM] kmap va=0xFFFF90000022E000 pa=0x0000000000073000
[VMM] kmap va=0xFFFF90000022F000 pa=0x0000000000074000
[VMM] kmap va=0xFFFF900000230000 pa=0x0000000000075000
[VMM] kmap va=0xFFFF900000231000 pa=0x0000000000076000
[VMM] kmap va=0xFFFF900000232000 pa=0x0000000000077000
[VMM] kmap va=0xFFFF900000233000 pa=0x0000000000078000
[VMM] kmap va=0xFFFF900000234000 pa=0x0000000000079000
[VMM] kmap va=0xFFFF900000235000 pa=0x000000000007A000
[VMM] kmap va=0xFFFF900000236000 pa=0x000000000007B000
[VMM] kmap va=0xFFFF900000237000 pa=0x000000000007C000
[VMM] kmap va=0xFFFF900000238000 pa=0x000000000007D000
[VMM] kmap va=0xFFFF900000239000 pa=0x000000000007E000
[VMM] kmap va=0xFFFF90000023A000 pa=0x000000000007F000
[VMM] kmap va=0xFFFF90000023B000 pa=0x0000000000080000
[VMM] kmap va=0xFFFF90000023C000 pa=0x0000000000081000
[VMM] kmap va=0xFFFF90000023D000 pa=0x0000000000082000
[VMM] kmap va=0xFFFF90000023E000 pa=0x0000000000083000
[VMM] kmap va=0xFFFF90000023F000 pa=0x0000000000084000
[VMM] kmap va=0xFFFF900000240000 pa=0x0000000000085000
[VMM] kmap va=0xFFFF900000241000 pa=0x0000000000086000
[VMM] kmap va=0xFFFF900000242000 pa=0x0000000000087000
[VMM] kmap va=0xFFFF900000243000 pa=0x0000000000088000
[VMM] kmap va=0xFFFF900000244000 pa=0x0000000000089000
[VMM] kmap va=0xFFFF900000245000 pa=0x000000000008A000
[VMM] kmap va=0xFFFF900000246000 pa=0x000000000008B000
[VMM] kmap va=0xFFFF900000247000 pa=0x000000000008C000
[VMM] kmap va=0xFFFF900000248000 pa=0x000000000008D000
[VMM] kmap va=0xFFFF900000249000 pa=0x000000000008E000
[VMM] kmap va=0xFFFF90000024A000 pa=0x000000000008F000
[VMM] kmap va=0xFFFF90000024B000 pa=0x0000000000090000
[VMM] kmap va=0xFFFF90000024C000 pa=0x0000000000091000
[VMM] kmap va=0xFFFF90000024D000 pa=0x0000000000092000
[VMM] kmap va=0xFFFF90000024E000 pa=0x0000000000093000
[VMM] kmap va=0xFFFF90000024F000 pa=0x0000000000094000
[VMM] kmap va=0xFFFF900000250000 pa=0x0000000000095000
[VMM] kmap va=0xFFFF900000251000 pa=0x0000000000096000
[VMM] kmap va=0xFFFF900000252000 pa=0x0000000000097000
[VMM] kmap va=0xFFFF900000253000 pa=0x0000000000098000
[VMM] kmap va=0xFFFF900000254000 pa=0x0000000000099000
[VMM] kmap va=0xFFFF900000255000 pa=0x000000000009A000
[VMM] kmap va=0xFFFF900000256000 pa=0x000000000009B000
[VMM] kmap va=0xFFFF900000257000 pa=0x000000000009C000
[VMM] kmap va=0xFFFF900000258000 pa=0x000000000009D000
[VMM] kmap va=0xFFFF900000259000 pa=0x000000000009E000
[VMM] kmap va=0xFFFF90000025A000 pa=0x000000000009F000
[VMM] kmap va=0xFFFF90000025B000 pa=0x00000000000A0000
[VMM] kmap va=0xFFFF90000025C000 pa=0x00000000000A1000
[VMM] kmap va=0xFFFF90000025D000 pa=0x00000000000A2000
[VMM] kmap va=0xFFFF90000025E000 pa=0x00000000000A3000
[VMM] kmap va=0xFFFF90000025F000 pa=0x00000000000A4000
[VMM] kmap va=0xFFFF900000260000 pa=0x00000000000A5000
[VMM] kmap va=0xFFFF900000261000 pa=0x00000000000A6000
[VMM] kmap va=0xFFFF900000262000 pa=0x00000000000A7000
[VMM] kmap va=0xFFFF900000263000 pa=0x00000000000A8000
[VMM] kmap va=0xFFFF900000264000 pa=0x00000000000A9000
[VMM] kmap va=0xFFFF900000265000 pa=0x00000000000AA000
[VMM] kmap va=0xFFFF900000266000 pa=0x00000000000AB000
[VMM] kmap va=0xFFFF900000267000 pa=0x00000000000AC000
[VMM] kmap va=0xFFFF900000268000 pa=0x00000000000AD000
[VMM] kmap va=0xFFFF900000269000 pa=0x00000000000AE000
[VMM] kmap va=0xFFFF90000026A000 pa=0x00000000000AF000
[VMM] kmap va=0xFFFF90000026B000 pa=0x00000000000B0000
[VMM] kmap va=0xFFFF90000026C000 pa=0x00000000000B1000
[VMM] kmap va=0xFFFF90000026D000 pa=0x00000000000B2000
[VMM] kmap va=0xFFFF90000026E000 pa=0x00000000000B3000
[VMM] kmap va=0xFFFF90000026F000 pa=0x00000000000B4000
[VMM] kmap va=0xFFFF900000270000 pa=0x00000000000B5000
[VMM] kmap va=0xFFFF900000271000 pa=0x00000000000B6000
[VMM] kmap va=0xFFFF900000272000 pa=0x00000000000B7000
[VMM] kmap va=0xFFFF900000273000 pa=0x00000000000B8000
[VMM] kmap va=0xFFFF900000274000 pa=0x00000000000B9000
[VMM] kmap va=0xFFFF900000275000 pa=0x00000000000BA000
[VMM] kmap va=0xFFFF900000276000 pa=0x00000000000BB000
[VMM] kmap va=0xFFFF900000277000 pa=0x00000000000BC000
[VMM] kmap va=0xFFFF900000278000 pa=0x00000000000BD000
[VMM] kmap va=0xFFFF900000279000 pa=0x00000000000BE000
[VMM] kmap va=0xFFFF90000027A000 pa=0x00000000000BF000
[VMM] kmap va=0xFFFF90000027B000 pa=0x00000000000C0000
[VMM] kmap va=0xFFFF90000027C000 pa=0x00000000000C1000
[VMM] kmap va=0xFFFF90000027D000 pa=0x00000000000C2000
[VMM] kmap va=0xFFFF90000027E000 pa=0x00000000000C3000
[VMM] kmap va=0xFFFF90000027F000 pa=0x00000000000C4000
[VMM] kmap va=0xFFFF900000280000 pa=0x00000000000C5000
[VMM] kmap va=0xFFFF900000281000 pa=0x00000000000C6000
[VMM] kmap va=0xFFFF900000282000 pa=0x00000000000C7000
[VMM] kmap va=0xFFFF900000283000 pa=0x00000000000C8000
[VMM] kmap va=0xFFFF900000284000 pa=0x00000000000C9000
[VMM] kmap va=0xFFFF900000285000 pa=0x00000000000CA000
[VMM] kmap va=0xFFFF900000286000 pa=0x00000000000CB000
[BEFORE SPLIT]
current=0x0xFFFF9000001CB000
current->size=0x0x00000000000BBFE0
request=0x0x00000000000BB800
header=0x0x0000000000000020
[AFTER SPLIT]
new_block=0x0xFFFF900000286820
new_block->size=0x0x00000000000007C0
new_block->magic=0x0x00000000DEADC0DE
new_block->next=0x0x0000000000000000
[heap] SPLIT block=0x0xFFFF9000001CB000 alloc=0x0x00000000000BB800 remainder=0x0xFFFF900000286820 rem_size=0x0x00000000000007C0
[heap] KMALLOC ptr=0x0xFFFF9000001CB020 size=0x0x00000000000BB800 ra0=0x0xFFFFFFFF8000567B ra1=0x0xFFFFFFFF80010F05 ra2=0x0xFFFFFFFF80016406
[BEFORE SPLIT]
current=0x0xFFFF9000000000A0
current->size=0x0x0000000000000F40
request=0x0x0000000000000200
header=0x0x0000000000000020
[AFTER SPLIT]
new_block=0x0xFFFF9000000002C0
new_block->size=0x0x0000000000000D20
new_block->magic=0x0x00000000DEADC0DE
new_block->next=0x0xFFFF900000001000
[heap] SPLIT block=0x0xFFFF9000000000A0 alloc=0x0x0000000000000200 remainder=0x0xFFFF9000000002C0 rem_size=0x0x0000000000000D20
[heap] KMALLOC ptr=0x0xFFFF9000000000C0 size=0x0x0000000000000200 ra0=0x0xFFFFFFFF80008FB4 ra1=0x0xFFFFFFFF80010F20 ra2=0x0xFFFFFFFF80016406
[heap] KFREE ptr=0x0xFFFF9000000000C0 size=0x0x0000000000000200 ra0=0x0xFFFFFFFF800092A9
[MERGE CHECK]
current=0x0xFFFF9000000000A0
expected_next=0x0xFFFF9000000002C0
actual_next=0x0xFFFF9000000002C0
[heap] MERGE into=0x0xFFFF9000000000A0 absorb=0x0xFFFF9000000002C0 new_size=0x0x0000000000000F40
[BEFORE SPLIT]
current=0x0xFFFF9000000000A0
current->size=0x0x0000000000000F40
request=0x0x0000000000000200
header=0x0x0000000000000020
[AFTER SPLIT]
new_block=0x0xFFFF9000000002C0
new_block->size=0x0x0000000000000D20
new_block->magic=0x0x00000000DEADC0DE
new_block->next=0x0xFFFF900000001000
[heap] SPLIT block=0x0xFFFF9000000000A0 alloc=0x0x0000000000000200 remainder=0x0xFFFF9000000002C0 rem_size=0x0x0000000000000D20
[heap] KMALLOC ptr=0x0xFFFF9000000000C0 size=0x0x0000000000000200 ra0=0x0xFFFFFFFF80008427 ra1=0x0xFFFFFFFF800110E0 ra2=0x0xFFFFFFFF80016406
[heap] KFREE ptr=0x0xFFFF9000000000C0 size=0x0x0000000000000200 ra0=0x0xFFFFFFFF800084A3
[MERGE CHECK]
current=0x0xFFFF9000000000A0
expected_next=0x0xFFFF9000000002C0
actual_next=0x0xFFFF9000000002C0
[heap] MERGE into=0x0xFFFF9000000000A0 absorb=0x0xFFFF9000000002C0 new_size=0x0x0000000000000F40
[BEFORE SPLIT]
current=0x0xFFFF9000000000A0
current->size=0x0x0000000000000F40
request=0x0x0000000000000200
header=0x0x0000000000000020
[AFTER SPLIT]
new_block=0x0xFFFF9000000002C0
new_block->size=0x0x0000000000000D20
new_block->magic=0x0x00000000DEADC0DE
new_block->next=0x0xFFFF900000001000
[heap] SPLIT block=0x0xFFFF9000000000A0 alloc=0x0x0000000000000200 remainder=0x0xFFFF9000000002C0 rem_size=0x0x0000000000000D20
[heap] KMALLOC ptr=0x0xFFFF9000000000C0 size=0x0x0000000000000200 ra0=0x0xFFFFFFFF80008530 ra1=0x0xFFFFFFFF80010EED ra2=0x0xFFFFFFFF80016406
[heap] KFREE ptr=0x0xFFFF9000000000C0 size=0x0x0000000000000200 ra0=0x0xFFFFFFFF800085C2
[MERGE CHECK]
current=0x0xFFFF9000000000A0
expected_next=0x0xFFFF9000000002C0
actual_next=0x0xFFFF9000000002C0
[heap] MERGE into=0x0xFFFF9000000000A0 absorb=0x0xFFFF9000000002C0 new_size=0x0x0000000000000F40
[BEFORE SPLIT]
current=0x0xFFFF9000000000A0
current->size=0x0x0000000000000F40
request=0x0x0000000000000200
header=0x0x0000000000000020
[AFTER SPLIT]
new_block=0x0xFFFF9000000002C0
new_block->size=0x0x0000000000000D20
new_block->magic=0x0x00000000DEADC0DE
new_block->next=0x0xFFFF900000001000
[heap] SPLIT block=0x0xFFFF9000000000A0 alloc=0x0x0000000000000200 remainder=0x0xFFFF9000000002C0 rem_size=0x0x0000000000000D20
[heap] KMALLOC ptr=0x0xFFFF9000000000C0 size=0x0x0000000000000200 ra0=0x0xFFFFFFFF8000865D ra1=0x0xFFFFFFFF80010EDF ra2=0x0xFFFFFFFF80016406
[heap] KFREE ptr=0x0xFFFF9000000000C0 size=0x0x0000000000000200 ra0=0x0xFFFFFFFF80008707
[MERGE CHECK]
current=0x0xFFFF9000000000A0
expected_next=0x0xFFFF9000000002C0
actual_next=0x0xFFFF9000000002C0
[heap] MERGE into=0x0xFFFF9000000000A0 absorb=0x0xFFFF9000000002C0 new_size=0x0x0000000000000F40
[BEFORE SPLIT]
current=0x0xFFFF9000000000A0
current->size=0x0x0000000000000F40
request=0x0x0000000000000200
header=0x0x0000000000000020
[AFTER SPLIT]
new_block=0x0xFFFF9000000002C0
new_block->size=0x0x0000000000000D20
new_block->magic=0x0x00000000DEADC0DE
new_block->next=0x0xFFFF900000001000
[heap] SPLIT block=0x0xFFFF9000000000A0 alloc=0x0x0000000000000200 remainder=0x0xFFFF9000000002C0 rem_size=0x0x0000000000000D20
[heap] KMALLOC ptr=0x0xFFFF9000000000C0 size=0x0x0000000000000200 ra0=0x0xFFFFFFFF80008735 ra1=0x0xFFFFFFFF80010EDF ra2=0x0xFFFFFFFF80016406
[heap] KFREE ptr=0x0xFFFF9000000000C0 size=0x0x0000000000000200 ra0=0x0xFFFFFFFF800087A4
[MERGE CHECK]
current=0x0xFFFF9000000000A0
expected_next=0x0xFFFF9000000002C0
actual_next=0x0xFFFF9000000002C0
[heap] MERGE into=0x0xFFFF9000000000A0 absorb=0x0xFFFF9000000002C0 new_size=0x0x0000000000000F40
[BEFORE SPLIT]
current=0x0xFFFF9000000000A0
current->size=0x0x0000000000000F40
request=0x0x0000000000000200
header=0x0x0000000000000020
[AFTER SPLIT]
new_block=0x0xFFFF9000000002C0
new_block->size=0x0x0000000000000D20
new_block->magic=0x0x00000000DEADC0DE
new_block->next=0x0xFFFF900000001000
[heap] SPLIT block=0x0xFFFF9000000000A0 alloc=0x0x0000000000000200 remainder=0x0xFFFF9000000002C0 rem_size=0x0x0000000000000D20
[heap] KMALLOC ptr=0x0xFFFF9000000000C0 size=0x0x0000000000000200 ra0=0x0xFFFFFFFF800081BE ra1=0x0xFFFFFFFF80010F3E ra2=0x0xFFFFFFFF80016406
[heap] KFREE ptr=0x0xFFFF9000000000C0 size=0x0x0000000000000200 ra0=0x0xFFFFFFFF80008292
[MERGE CHECK]
current=0x0xFFFF9000000000A0
expected_next=0x0xFFFF9000000002C0
actual_next=0x0xFFFF9000000002C0
[heap] MERGE into=0x0xFFFF9000000000A0 absorb=0x0xFFFF9000000002C0 new_size=0x0x0000000000000F40
[BEFORE SPLIT]
current=0x0xFFFF9000000000A0
current->size=0x0x0000000000000F40
request=0x0x0000000000000200
header=0x0x0000000000000020
[AFTER SPLIT]
new_block=0x0xFFFF9000000002C0
new_block->size=0x0x0000000000000D20
new_block->magic=0x0x00000000DEADC0DE
new_block->next=0x0xFFFF900000001000
[heap] SPLIT block=0x0xFFFF9000000000A0 alloc=0x0x0000000000000200 remainder=0x0xFFFF9000000002C0 rem_size=0x0x0000000000000D20
[heap] KMALLOC ptr=0x0xFFFF9000000000C0 size=0x0x0000000000000200 ra0=0x0xFFFFFFFF800082FA ra1=0x0xFFFFFFFF80010F3E ra2=0x0xFFFFFFFF80016406
[heap] KFREE ptr=0x0xFFFF9000000000C0 size=0x0x0000000000000200 ra0=0x0xFFFFFFFF80008352
[MERGE CHECK]
current=0x0xFFFF9000000000A0
expected_next=0x0xFFFF9000000002C0
actual_next=0x0xFFFF9000000002C0
[heap] MERGE into=0x0xFFFF9000000000A0 absorb=0x0xFFFF9000000002C0 new_size=0x0x0000000000000F40
[OK] File dihapus!
[BEFORE SPLIT]
current=0x0xFFFF9000000000A0
current->size=0x0x0000000000000F40
request=0x0x0000000000000200
header=0x0x0000000000000020
[AFTER SPLIT]
new_block=0x0xFFFF9000000002C0
new_block->size=0x0x0000000000000D20
new_block->magic=0x0x00000000DEADC0DE
new_block->next=0x0xFFFF900000001000
[heap] SPLIT block=0x0xFFFF9000000000A0 alloc=0x0x0000000000000200 remainder=0x0xFFFF9000000002C0 rem_size=0x0x0000000000000D20
[heap] KMALLOC ptr=0x0xFFFF9000000000C0 size=0x0x0000000000000200 ra0=0x0xFFFFFFFF80008530 ra1=0x0xFFFFFFFF80010EED ra2=0x0xFFFFFFFF80016406
[heap] KFREE ptr=0x0xFFFF9000000000C0 size=0x0x0000000000000200 ra0=0x0xFFFFFFFF800085C2
[MERGE CHECK]
current=0x0xFFFF9000000000A0
expected_next=0x0xFFFF9000000002C0
actual_next=0x0xFFFF9000000002C0
[heap] MERGE into=0x0xFFFF9000000000A0 absorb=0x0xFFFF9000000002C0 new_size=0x0x0000000000000F40
[VMM] kmap va=0xFFFF900000287000 pa=0x00000000000CC000
[VMM] kmap va=0xFFFF900000288000 pa=0x00000000000CD000
[VMM] kmap va=0xFFFF900000289000 pa=0x00000000000CE000
[VMM] kmap va=0xFFFF90000028A000 pa=0x00000000000CF000
[VMM] kmap va=0xFFFF90000028B000 pa=0x00000000000D0000
[VMM] kmap va=0xFFFF90000028C000 pa=0x00000000000D1000
[VMM] kmap va=0xFFFF90000028D000 pa=0x00000000000D2000
[VMM] kmap va=0xFFFF90000028E000 pa=0x00000000000D3000
[VMM] kmap va=0xFFFF90000028F000 pa=0x00000000000D4000
[VMM] kmap va=0xFFFF900000290000 pa=0x00000000000D5000
[VMM] kmap va=0xFFFF900000291000 pa=0x00000000000D6000
[VMM] kmap va=0xFFFF900000292000 pa=0x00000000000D7000
[VMM] kmap va=0xFFFF900000293000 pa=0x00000000000D8000
[VMM] kmap va=0xFFFF900000294000 pa=0x00000000000D9000
[VMM] kmap va=0xFFFF900000295000 pa=0x00000000000DA000
[VMM] kmap va=0xFFFF900000296000 pa=0x00000000000DB000
[VMM] kmap va=0xFFFF900000297000 pa=0x00000000000DC000
[VMM] kmap va=0xFFFF900000298000 pa=0x00000000000DD000
[VMM] kmap va=0xFFFF900000299000 pa=0x00000000000DE000
[VMM] kmap va=0xFFFF90000029A000 pa=0x00000000000DF000
[VMM] kmap va=0xFFFF90000029B000 pa=0x00000000000E0000
[VMM] kmap va=0xFFFF90000029C000 pa=0x00000000000E1000
[VMM] kmap va=0xFFFF90000029D000 pa=0x00000000000E2000
[VMM] kmap va=0xFFFF90000029E000 pa=0x00000000000E3000
[VMM] kmap va=0xFFFF90000029F000 pa=0x00000000000E4000
[VMM] kmap va=0xFFFF9000002A0000 pa=0x00000000000E5000
[VMM] kmap va=0xFFFF9000002A1000 pa=0x00000000000E6000
[VMM] kmap va=0xFFFF9000002A2000 pa=0x00000000000E7000
[VMM] kmap va=0xFFFF9000002A3000 pa=0x00000000000E8000
[VMM] kmap va=0xFFFF9000002A4000 pa=0x00000000000E9000
[VMM] kmap va=0xFFFF9000002A5000 pa=0x00000000000EA000
[VMM] kmap va=0xFFFF9000002A6000 pa=0x00000000000EB000
[VMM] kmap va=0xFFFF9000002A7000 pa=0x00000000000EC000
[VMM] kmap va=0xFFFF9000002A8000 pa=0x00000000000ED000
[VMM] kmap va=0xFFFF9000002A9000 pa=0x00000000000EE000
[VMM] kmap va=0xFFFF9000002AA000 pa=0x00000000000EF000
[VMM] kmap va=0xFFFF9000002AB000 pa=0x00000000000F0000
[VMM] kmap va=0xFFFF9000002AC000 pa=0x00000000000F1000
[VMM] kmap va=0xFFFF9000002AD000 pa=0x00000000000F2000
[VMM] kmap va=0xFFFF9000002AE000 pa=0x00000000000F3000
[VMM] kmap va=0xFFFF9000002AF000 pa=0x00000000000F4000
[VMM] kmap va=0xFFFF9000002B0000 pa=0x00000000000F5000
[VMM] kmap va=0xFFFF9000002B1000 pa=0x00000000000F6000
[VMM] kmap va=0xFFFF9000002B2000 pa=0x00000000000F7000
[VMM] kmap va=0xFFFF9000002B3000 pa=0x00000000000F8000
[BEFORE SPLIT]
current=0x0xFFFF900000287000
current->size=0x0x000000000002CFE0
request=0x0x000000000002CA30
header=0x0x0000000000000020

[W0] n=0x0000000000000000 cpu=0x0000000000000000 task=0x0000000000000000 rip=0xFFFFFFFF800034F1 val=0x0000000000DA80BB  <== SUSPECT cr3=0x0000000000001000 rsp=0xFFFF900000108CF0 pte=0x00000000000F8067 pa=0x00000000000F8A50 kpml4=0x000000001FF7E000
[AFTER SPLIT]
new_block=0x0xFFFF9000002B3A50
new_block->size=0x0xA026C68966F1CDA0
new_block->magic=0x0x0000000000DA80BB
new_block->next=0x0x75E866C0B60F6623
[heap] SPLIT block=0x0xFFFF900000287000 alloc=0x0x000000000002CA30 remainder=0x0xFFFF9000002B3A50 rem_size=0x0xA026C68966F1CDA0
[heap] KMALLOC ptr=0x0xFFFF900000287020 size=0x0x000000000002CA30 ra0=0x0xFFFFFFFF80010FFE ra1=0x0xFFFFFFFF80016406 ra2=0x0x000000000400216A
[BEFORE SPLIT]
current=0x0xFFFF9000000000A0
current->size=0x0x0000000000000F40
request=0x0x0000000000000200
header=0x0x0000000000000020
[AFTER SPLIT]
new_block=0x0xFFFF9000000002C0
new_block->size=0x0x0000000000000D20
new_block->magic=0x0x00000000DEADC0DE
new_block->next=0x0xFFFF900000001000
[heap] SPLIT block=0x0xFFFF9000000000A0 alloc=0x0x0000000000000200 remainder=0x0xFFFF9000000002C0 rem_size=0x0x0000000000000D20
[heap] KMALLOC ptr=0x0xFFFF9000000000C0 size=0x0x0000000000000200 ra0=0x0xFFFFFFFF8000865D ra1=0x0xFFFFFFFF80010EDF ra2=0x0xFFFFFFFF80016406
[heap] KFREE ptr=0x0xFFFF9000000000C0 size=0x0x0000000000000200 ra0=0x0xFFFFFFFF80008707
[MERGE CHECK]
current=0x0xFFFF9000000000A0
expected_next=0x0xFFFF9000000002C0
actual_next=0x0xFFFF9000000002C0
[heap] MERGE into=0x0xFFFF9000000000A0 absorb=0x0xFFFF9000000002C0 new_size=0x0x0000000000000F40


=== HEAP CORRUPTION ===
block   = 0x0xFFFF9000002B3A50
  size  = 0x0xA026C68966F1CDA0
  free  = 0x0x00000000000000CC
  next  = 0x0x75E866C0B60F6623
canary expected = 0x0x00000000DEADC0DE
canary actual   = 0x0x0000000000DA80BB

--- riwayat 20 alokasi terakhir ---
  ptr=0x0xFFFF9000000000C0 size=0x0x0000000000000200 ra0=0x0xFFFFFFFF8000865D ra1=0x0xFFFFFFFF80010EDF ra2=0x0xFFFFFFFF80016406
  ptr=0x0xFFFF900000287020 size=0x0x000000000002CA30 ra0=0x0xFFFFFFFF80010FFE ra1=0x0xFFFFFFFF80016406 ra2=0x0x000000000400216A
  ptr=0x0xFFFF9000000000C0 size=0x0x0000000000000200 ra0=0x0xFFFFFFFF80008530 ra1=0x0xFFFFFFFF80010EED ra2=0x0xFFFFFFFF80016406
  ptr=0x0xFFFF9000000000C0 size=0x0x0000000000000200 ra0=0x0xFFFFFFFF800082FA ra1=0x0xFFFFFFFF80010F3E ra2=0x0xFFFFFFFF80016406
  ptr=0x0xFFFF9000000000C0 size=0x0x0000000000000200 ra0=0x0xFFFFFFFF800081BE ra1=0x0xFFFFFFFF80010F3E ra2=0x0xFFFFFFFF80016406
  ptr=0x0xFFFF9000000000C0 size=0x0x0000000000000200 ra0=0x0xFFFFFFFF80008735 ra1=0x0xFFFFFFFF80010EDF ra2=0x0xFFFFFFFF80016406
  ptr=0x0xFFFF9000000000C0 size=0x0x0000000000000200 ra0=0x0xFFFFFFFF8000865D ra1=0x0xFFFFFFFF80010EDF ra2=0x0xFFFFFFFF80016406
  ptr=0x0xFFFF9000000000C0 size=0x0x0000000000000200 ra0=0x0xFFFFFFFF80008530 ra1=0x0xFFFFFFFF80010EED ra2=0x0xFFFFFFFF80016406
  ptr=0x0xFFFF9000000000C0 size=0x0x0000000000000200 ra0=0x0xFFFFFFFF80008427 ra1=0x0xFFFFFFFF800110E0 ra2=0x0xFFFFFFFF80016406
  ptr=0x0xFFFF9000000000C0 size=0x0x0000000000000200 ra0=0x0xFFFFFFFF80008FB4 ra1=0x0xFFFFFFFF80010F20 ra2=0x0xFFFFFFFF80016406
  ptr=0x0xFFFF9000001CB020 size=0x0x00000000000BB800 ra0=0x0xFFFFFFFF8000567B ra1=0x0xFFFFFFFF80010F05 ra2=0x0xFFFFFFFF80016406
  ptr=0x0xFFFF900000109060 size=0x0x00000000000BB800 ra0=0x0xFFFFFFFF80010FFE ra1=0x0xFFFFFFFF80016406 ra2=0x0x00000000040069EC
  ptr=0x0xFFFF900000000020 size=0x0x0000000000000080 ra0=0x0xFFFFFFFF80010FFE ra1=0x0xFFFFFFFF80016406 ra2=0x0x00000000040069D1
  ptr=0x0xFFFF9000000C9040 size=0x0x0000000000040000 ra0=0x0xFFFFFFFF80003004 ra1=0x0xFFFFFFFF800113CA ra2=0x0xFFFFFFFF80016406
  ptr=0x0xFFFF900000000020 size=0x0x0000000000000200 ra0=0x0xFFFFFFFF80008735 ra1=0x0xFFFFFFFF80002DEE ra2=0x0xFFFFFFFF800113CA
  ptr=0x0xFFFF900000000020 size=0x0x0000000000000200 ra0=0x0xFFFFFFFF8000865D ra1=0x0xFFFFFFFF80002DEE ra2=0x0xFFFFFFFF800113CA
  ptr=0x0xFFFF9000000C9040 size=0x0x000000000000C0B0 ra0=0x0xFFFFFFFF80002DD8 ra1=0x0xFFFFFFFF800113CA ra2=0x0xFFFFFFFF80016406
  ptr=0x0xFFFF900000000020 size=0x0x0000000000000200 ra0=0x0xFFFFFFFF80008530 ra1=0x0xFFFFFFFF80002DCA ra2=0x0xFFFFFFFF800113CA
  ptr=0x0xFFFF9000000000C0 size=0x0x0000000000000200 ra0=0x0xFFFFFFFF80007B9A ra1=0x0xFFFFFFFF80011092 ra2=0x0xFFFFFFFF80016406
  ptr=0x0xFFFF9000000000C0 size=0x0x0000000000000200 ra0=0x0xFFFFFFFF80007B5C ra1=0x0xFFFFFFFF80011092 ra2=0x0xFFFFFFFF80016406
=== Cari entri ptr+size PALING DEKAT ke 'block' di atas = buffer overflow. ra0/ra1/ra2 lewat: nm myos.bin | sort ===

[walk stopped: unreadable ptr]
prev block:
  addr  = 0x0xFFFF900000287000
  size  = 0x0x000000000002CA30
  magic = 0x0x00000000DEADC0DE
  end   = 0x0xFFFF9000002B3A50  (overwrite past here hits the block above)
