[VMM] kmap va=0xFFFF900000000000 pa=0x0000000004901000
[VMM] kmap va=0xFFFF900000001000 pa=0x0000000004904000
[VMM] kmap va=0xFFFF900000002000 pa=0x0000000004905000
[BEFORE SPLIT]
current=0x0xFFFF900000000000
current->size=0x0x0000000000002FE0
request=0x0x0000000000002000
header=0x0x0000000000000020
[AFTER SPLIT]
new_block=0x0xFFFF900000002020
new_block->size=0x0x0000000000000FC0
new_block->magic=0x0x00000000DEADC0DE
new_block->next=0x0x0000000000000000
[heap] SPLIT block=0x0xFFFF900000000000 alloc=0x0x0000000000002000 remainder=0x0xFFFF900000002020 rem_size=0x0x0000000000000FC0
[heap] KMALLOC ptr=0x0xFFFF900000000020 size=0x0x0000000000002000 ra0=0x0xFFFFFFFF80011A35 ra1=0x0xFFFFFFFF80006D24 ra2=0x0x0000000000000000
[VMM] kmap va=0xFFFF900000003000 pa=0x0000000004906000
[VMM] kmap va=0xFFFF900000004000 pa=0x0000000004907000
[VMM] kmap va=0xFFFF900000005000 pa=0x0000000004908000
[BEFORE SPLIT]
current=0x0xFFFF900000003000
current->size=0x0x0000000000002FE0
request=0x0x0000000000002000
header=0x0x0000000000000020
[AFTER SPLIT]
new_block=0x0xFFFF900000005020
new_block->size=0x0x0000000000000FC0
new_block->magic=0x0x00000000DEADC0DE
new_block->next=0x0x0000000000000000
[heap] SPLIT block=0x0xFFFF900000003000 alloc=0x0x0000000000002000 remainder=0x0xFFFF900000005020 rem_size=0x0x0000000000000FC0
[heap] KMALLOC ptr=0x0xFFFF900000003020 size=0x0x0000000000002000 ra0=0x0xFFFFFFFF80011A35 ra1=0x0xFFFFFFFF80006D24 ra2=0x0x0000000000000000
[VMM] kmap va=0xFFFF900000006000 pa=0x0000000004909000
[VMM] kmap va=0xFFFF900000007000 pa=0x000000000490A000
[VMM] kmap va=0xFFFF900000008000 pa=0x000000000490B000
[BEFORE SPLIT]
current=0x0xFFFF900000006000
current->size=0x0x0000000000002FE0
request=0x0x0000000000002000
header=0x0x0000000000000020
[AFTER SPLIT]
new_block=0x0xFFFF900000008020
new_block->size=0x0x0000000000000FC0
new_block->magic=0x0x00000000DEADC0DE
new_block->next=0x0x0000000000000000
[heap] SPLIT block=0x0xFFFF900000006000 alloc=0x0x0000000000002000 remainder=0x0xFFFF900000008020 rem_size=0x0x0000000000000FC0
[heap] KMALLOC ptr=0x0xFFFF900000006020 size=0x0x0000000000002000 ra0=0x0xFFFFFFFF80011A35 ra1=0x0xFFFFFFFF80006D24 ra2=0x0x0000000000000000
[VMM] kmap va=0xFFFF900000009000 pa=0x000000000490C000
[VMM] kmap va=0xFFFF90000000A000 pa=0x000000000490D000
[VMM] kmap va=0xFFFF90000000B000 pa=0x000000000490E000
[BEFORE SPLIT]
current=0x0xFFFF900000009000
current->size=0x0x0000000000002FE0
request=0x0x0000000000002000
header=0x0x0000000000000020
[AFTER SPLIT]
new_block=0x0xFFFF90000000B020
new_block->size=0x0x0000000000000FC0
new_block->magic=0x0x00000000DEADC0DE
new_block->next=0x0x0000000000000000
[heap] SPLIT block=0x0xFFFF900000009000 alloc=0x0x0000000000002000 remainder=0x0xFFFF90000000B020 rem_size=0x0x0000000000000FC0
[heap] KMALLOC ptr=0x0xFFFF900000009020 size=0x0x0000000000002000 ra0=0x0xFFFFFFFF80011A35 ra1=0x0xFFFFFFFF80006D24 ra2=0x0x0000000000000000
[VMM] kmap va=0xFFFF90000000C000 pa=0x000000000490F000
[VMM] kmap va=0xFFFF90000000D000 pa=0x0000000004910000
[VMM] kmap va=0xFFFF90000000E000 pa=0x0000000004911000
[BEFORE SPLIT]
current=0x0xFFFF90000000C000
current->size=0x0x0000000000002FE0
request=0x0x0000000000002000
header=0x0x0000000000000020
[AFTER SPLIT]
new_block=0x0xFFFF90000000E020
new_block->size=0x0x0000000000000FC0
new_block->magic=0x0x00000000DEADC0DE
new_block->next=0x0x0000000000000000
[heap] SPLIT block=0x0xFFFF90000000C000 alloc=0x0x0000000000002000 remainder=0x0xFFFF90000000E020 rem_size=0x0x0000000000000FC0
[heap] KMALLOC ptr=0x0xFFFF90000000C020 size=0x0x0000000000002000 ra0=0x0xFFFFFFFF80011A35 ra1=0x0xFFFFFFFF80006D24 ra2=0x0x0000000000000000
[VMM] kmap va=0xFFFF90000000F000 pa=0x0000000004912000
[VMM] kmap va=0xFFFF900000010000 pa=0x0000000004913000
[VMM] kmap va=0xFFFF900000011000 pa=0x0000000004914000
[BEFORE SPLIT]
current=0x0xFFFF90000000F000
current->size=0x0x0000000000002FE0
request=0x0x0000000000002000
header=0x0x0000000000000020
[AFTER SPLIT]
new_block=0x0xFFFF900000011020
new_block->size=0x0x0000000000000FC0
new_block->magic=0x0x00000000DEADC0DE
new_block->next=0x0x0000000000000000
[heap] SPLIT block=0x0xFFFF90000000F000 alloc=0x0x0000000000002000 remainder=0x0xFFFF900000011020 rem_size=0x0x0000000000000FC0
[heap] KMALLOC ptr=0x0xFFFF90000000F020 size=0x0x0000000000002000 ra0=0x0xFFFFFFFF80011A35 ra1=0x0xFFFFFFFF80006D24 ra2=0x0x0000000000000000
[VMM] kmap va=0xFFFF900000012000 pa=0x0000000004915000
[VMM] kmap va=0xFFFF900000013000 pa=0x0000000004916000
[VMM] kmap va=0xFFFF900000014000 pa=0x0000000004917000
[BEFORE SPLIT]
current=0x0xFFFF900000012000
current->size=0x0x0000000000002FE0
request=0x0x0000000000002000
header=0x0x0000000000000020
[AFTER SPLIT]
new_block=0x0xFFFF900000014020
new_block->size=0x0x0000000000000FC0
new_block->magic=0x0x00000000DEADC0DE
new_block->next=0x0x0000000000000000
[heap] SPLIT block=0x0xFFFF900000012000 alloc=0x0x0000000000002000 remainder=0x0xFFFF900000014020 rem_size=0x0x0000000000000FC0
[heap] KMALLOC ptr=0x0xFFFF900000012020 size=0x0x0000000000002000 ra0=0x0xFFFFFFFF80011A35 ra1=0x0xFFFFFFFF80006D24 ra2=0x0x0000000000000000
[VMM] kmap va=0xFFFF900000015000 pa=0x0000000004918000
[VMM] kmap va=0xFFFF900000016000 pa=0x0000000004919000
[VMM] kmap va=0xFFFF900000017000 pa=0x000000000491A000
[BEFORE SPLIT]
current=0x0xFFFF900000015000
current->size=0x0x0000000000002FE0
request=0x0x0000000000002000
header=0x0x0000000000000020
[AFTER SPLIT]
new_block=0x0xFFFF900000017020
new_block->size=0x0x0000000000000FC0
new_block->magic=0x0x00000000DEADC0DE
new_block->next=0x0x0000000000000000
[heap] SPLIT block=0x0xFFFF900000015000 alloc=0x0x0000000000002000 remainder=0x0xFFFF900000017020 rem_size=0x0x0000000000000FC0
[heap] KMALLOC ptr=0x0xFFFF900000015020 size=0x0x0000000000002000 ra0=0x0xFFFFFFFF80011A35 ra1=0x0xFFFFFFFF80006D24 ra2=0x0x0000000000000000
[VMM] kmap va=0xFFFF900000018000 pa=0x000000000491B000
[VMM] kmap va=0xFFFF900000019000 pa=0x000000000491C000
[VMM] kmap va=0xFFFF90000001A000 pa=0x000000000491D000
[BEFORE SPLIT]
current=0x0xFFFF900000018000
current->size=0x0x0000000000002FE0
request=0x0x0000000000002000
header=0x0x0000000000000020
[AFTER SPLIT]
new_block=0x0xFFFF90000001A020
new_block->size=0x0x0000000000000FC0
new_block->magic=0x0x00000000DEADC0DE
new_block->next=0x0x0000000000000000
[heap] SPLIT block=0x0xFFFF900000018000 alloc=0x0x0000000000002000 remainder=0x0xFFFF90000001A020 rem_size=0x0x0000000000000FC0
[heap] KMALLOC ptr=0x0xFFFF900000018020 size=0x0x0000000000002000 ra0=0x0xFFFFFFFF80011A35 ra1=0x0xFFFFFFFF80006D24 ra2=0x0x0000000000000000
[VMM] kmap va=0xFFFF90000001B000 pa=0x000000000491E000
[VMM] kmap va=0xFFFF90000001C000 pa=0x000000000491F000
[VMM] kmap va=0xFFFF90000001D000 pa=0x0000000004920000
[BEFORE SPLIT]
current=0x0xFFFF90000001B000
current->size=0x0x0000000000002FE0
request=0x0x0000000000002000
header=0x0x0000000000000020
[AFTER SPLIT]
new_block=0x0xFFFF90000001D020
new_block->size=0x0x0000000000000FC0
new_block->magic=0x0x00000000DEADC0DE
new_block->next=0x0x0000000000000000
[heap] SPLIT block=0x0xFFFF90000001B000 alloc=0x0x0000000000002000 remainder=0x0xFFFF90000001D020 rem_size=0x0x0000000000000FC0
[heap] KMALLOC ptr=0x0xFFFF90000001B020 size=0x0x0000000000002000 ra0=0x0xFFFFFFFF80011A35 ra1=0x0xFFFFFFFF80006D24 ra2=0x0x0000000000000000
[VMM] kmap va=0xFFFF90000001E000 pa=0x0000000004921000
[VMM] kmap va=0xFFFF90000001F000 pa=0x0000000004922000
[VMM] kmap va=0xFFFF900000020000 pa=0x0000000004923000
[BEFORE SPLIT]
current=0x0xFFFF90000001E000
current->size=0x0x0000000000002FE0
request=0x0x0000000000002000
header=0x0x0000000000000020
[AFTER SPLIT]
new_block=0x0xFFFF900000020020
new_block->size=0x0x0000000000000FC0
new_block->magic=0x0x00000000DEADC0DE
new_block->next=0x0x0000000000000000
[heap] SPLIT block=0x0xFFFF90000001E000 alloc=0x0x0000000000002000 remainder=0x0xFFFF900000020020 rem_size=0x0x0000000000000FC0
[heap] KMALLOC ptr=0x0xFFFF90000001E020 size=0x0x0000000000002000 ra0=0x0xFFFFFFFF80011A35 ra1=0x0xFFFFFFFF80006D24 ra2=0x0x0000000000000000
[VMM] kmap va=0xFFFF900000021000 pa=0x0000000004924000
[VMM] kmap va=0xFFFF900000022000 pa=0x0000000004925000
[VMM] kmap va=0xFFFF900000023000 pa=0x0000000004926000
[BEFORE SPLIT]
current=0x0xFFFF900000021000
current->size=0x0x0000000000002FE0
request=0x0x0000000000002000
header=0x0x0000000000000020
[AFTER SPLIT]
new_block=0x0xFFFF900000023020
new_block->size=0x0x0000000000000FC0
new_block->magic=0x0x00000000DEADC0DE
new_block->next=0x0x0000000000000000
[heap] SPLIT block=0x0xFFFF900000021000 alloc=0x0x0000000000002000 remainder=0x0xFFFF900000023020 rem_size=0x0x0000000000000FC0
[heap] KMALLOC ptr=0x0xFFFF900000021020 size=0x0x0000000000002000 ra0=0x0xFFFFFFFF80011A35 ra1=0x0xFFFFFFFF80006D24 ra2=0x0x0000000000000000
[VMM] kmap va=0xFFFF900000024000 pa=0x0000000004927000
[VMM] kmap va=0xFFFF900000025000 pa=0x0000000004928000
[VMM] kmap va=0xFFFF900000026000 pa=0x0000000004929000
[BEFORE SPLIT]
current=0x0xFFFF900000024000
current->size=0x0x0000000000002FE0
request=0x0x0000000000002000
header=0x0x0000000000000020
[AFTER SPLIT]
new_block=0x0xFFFF900000026020
new_block->size=0x0x0000000000000FC0
new_block->magic=0x0x00000000DEADC0DE
new_block->next=0x0x0000000000000000
[heap] SPLIT block=0x0xFFFF900000024000 alloc=0x0x0000000000002000 remainder=0x0xFFFF900000026020 rem_size=0x0x0000000000000FC0
[heap] KMALLOC ptr=0x0xFFFF900000024020 size=0x0x0000000000002000 ra0=0x0xFFFFFFFF80011A35 ra1=0x0xFFFFFFFF80006D24 ra2=0x0x0000000000000000
[VMM] kmap va=0xFFFF900000027000 pa=0x000000000492A000
[VMM] kmap va=0xFFFF900000028000 pa=0x000000000492B000
[VMM] kmap va=0xFFFF900000029000 pa=0x000000000492C000
[BEFORE SPLIT]
current=0x0xFFFF900000027000
current->size=0x0x0000000000002FE0
request=0x0x0000000000002000
header=0x0x0000000000000020
[AFTER SPLIT]
new_block=0x0xFFFF900000029020
new_block->size=0x0x0000000000000FC0
new_block->magic=0x0x00000000DEADC0DE
new_block->next=0x0x0000000000000000
[heap] SPLIT block=0x0xFFFF900000027000 alloc=0x0x0000000000002000 remainder=0x0xFFFF900000029020 rem_size=0x0x0000000000000FC0
[heap] KMALLOC ptr=0x0xFFFF900000027020 size=0x0x0000000000002000 ra0=0x0xFFFFFFFF80011A35 ra1=0x0xFFFFFFFF80006D24 ra2=0x0x0000000000000000
[VMM] kmap va=0xFFFF90000002A000 pa=0x000000000492D000
[VMM] kmap va=0xFFFF90000002B000 pa=0x000000000492E000
[VMM] kmap va=0xFFFF90000002C000 pa=0x000000000492F000
[BEFORE SPLIT]
current=0x0xFFFF90000002A000
current->size=0x0x0000000000002FE0
request=0x0x0000000000002000
header=0x0x0000000000000020
[AFTER SPLIT]
new_block=0x0xFFFF90000002C020
new_block->size=0x0x0000000000000FC0
new_block->magic=0x0x00000000DEADC0DE
new_block->next=0x0x0000000000000000
[heap] SPLIT block=0x0xFFFF90000002A000 alloc=0x0x0000000000002000 remainder=0x0xFFFF90000002C020 rem_size=0x0x0000000000000FC0
[heap] KMALLOC ptr=0x0xFFFF90000002A020 size=0x0x0000000000002000 ra0=0x0xFFFFFFFF80011A35 ra1=0x0xFFFFFFFF80006D24 ra2=0x0x0000000000000000
[VMM] kmap va=0xFFFF90000002D000 pa=0x0000000004930000
[VMM] kmap va=0xFFFF90000002E000 pa=0x0000000004931000
[VMM] kmap va=0xFFFF90000002F000 pa=0x0000000004932000
[BEFORE SPLIT]
current=0x0xFFFF90000002D000
current->size=0x0x0000000000002FE0
request=0x0x0000000000002000
header=0x0x0000000000000020
[AFTER SPLIT]
new_block=0x0xFFFF90000002F020
new_block->size=0x0x0000000000000FC0
new_block->magic=0x0x00000000DEADC0DE
new_block->next=0x0x0000000000000000
[heap] SPLIT block=0x0xFFFF90000002D000 alloc=0x0x0000000000002000 remainder=0x0xFFFF90000002F020 rem_size=0x0x0000000000000FC0
[heap] KMALLOC ptr=0x0xFFFF90000002D020 size=0x0x0000000000002000 ra0=0x0xFFFFFFFF80011A35 ra1=0x0xFFFFFFFF80006D24 ra2=0x0x0000000000000000
[BEFORE SPLIT]
current=0x0xFFFF900000002020
current->size=0x0x0000000000000FC0
request=0x0x0000000000000200
header=0x0x0000000000000020
[AFTER SPLIT]
new_block=0x0xFFFF900000002240
new_block->size=0x0x0000000000000DA0
new_block->magic=0x0x00000000DEADC0DE
new_block->next=0x0xFFFF900000003000
[heap] SPLIT block=0x0xFFFF900000002020 alloc=0x0x0000000000000200 remainder=0x0xFFFF900000002240 rem_size=0x0x0000000000000DA0
[heap] KMALLOC ptr=0x0xFFFF900000002040 size=0x0x0000000000000200 ra0=0x0xFFFFFFFF8000783D ra1=0x0xFFFFFFFF80006D3C ra2=0x0x0000000000000000
[heap] KFREE ptr=0x0xFFFF900000002040 size=0x0x0000000000000200 ra0=0x0xFFFFFFFF80007866
[MERGE CHECK]
current=0x0xFFFF900000002020
expected_next=0x0xFFFF900000002240
actual_next=0x0xFFFF900000002240
[heap] MERGE into=0x0xFFFF900000002020 absorb=0x0xFFFF900000002240 new_size=0x0x0000000000000FC0
[VMM] kmap va=0xFFFF900000030000 pa=0x0000000004933000
[VMM] kmap va=0xFFFF900000031000 pa=0x0000000004934000
[VMM] kmap va=0xFFFF900000032000 pa=0x0000000004935000
[VMM] kmap va=0xFFFF900000033000 pa=0x0000000004936000
[VMM] kmap va=0xFFFF900000034000 pa=0x0000000004937000
[VMM] kmap va=0xFFFF900000035000 pa=0x0000000004938000
[VMM] kmap va=0xFFFF900000036000 pa=0x0000000004939000
[VMM] kmap va=0xFFFF900000037000 pa=0x000000000493A000
[VMM] kmap va=0xFFFF900000038000 pa=0x000000000493B000
[VMM] kmap va=0xFFFF900000039000 pa=0x000000000493C000
[VMM] kmap va=0xFFFF90000003A000 pa=0x000000000493D000
[VMM] kmap va=0xFFFF90000003B000 pa=0x000000000493E000
[VMM] kmap va=0xFFFF90000003C000 pa=0x000000000493F000
[VMM] kmap va=0xFFFF90000003D000 pa=0x0000000004940000
[VMM] kmap va=0xFFFF90000003E000 pa=0x0000000004941000
[VMM] kmap va=0xFFFF90000003F000 pa=0x0000000004942000
[VMM] kmap va=0xFFFF900000040000 pa=0x0000000004943000
[VMM] kmap va=0xFFFF900000041000 pa=0x0000000004944000
[VMM] kmap va=0xFFFF900000042000 pa=0x0000000004945000
[VMM] kmap va=0xFFFF900000043000 pa=0x0000000004946000
[VMM] kmap va=0xFFFF900000044000 pa=0x0000000004947000
[VMM] kmap va=0xFFFF900000045000 pa=0x0000000004948000
[VMM] kmap va=0xFFFF900000046000 pa=0x0000000004949000
[VMM] kmap va=0xFFFF900000047000 pa=0x000000000494A000
[VMM] kmap va=0xFFFF900000048000 pa=0x000000000494B000
[VMM] kmap va=0xFFFF900000049000 pa=0x000000000494C000
[VMM] kmap va=0xFFFF90000004A000 pa=0x000000000494D000
[VMM] kmap va=0xFFFF90000004B000 pa=0x000000000494E000
[VMM] kmap va=0xFFFF90000004C000 pa=0x000000000494F000
[VMM] kmap va=0xFFFF90000004D000 pa=0x0000000004950000
[VMM] kmap va=0xFFFF90000004E000 pa=0x0000000004951000
[VMM] kmap va=0xFFFF90000004F000 pa=0x0000000004952000
[VMM] kmap va=0xFFFF900000050000 pa=0x0000000004953000
[VMM] kmap va=0xFFFF900000051000 pa=0x0000000004954000
[VMM] kmap va=0xFFFF900000052000 pa=0x0000000004955000
[VMM] kmap va=0xFFFF900000053000 pa=0x0000000004956000
[VMM] kmap va=0xFFFF900000054000 pa=0x0000000004957000
[VMM] kmap va=0xFFFF900000055000 pa=0x0000000004958000
[VMM] kmap va=0xFFFF900000056000 pa=0x0000000004959000
[VMM] kmap va=0xFFFF900000057000 pa=0x000000000495A000
[VMM] kmap va=0xFFFF900000058000 pa=0x000000000495B000
[VMM] kmap va=0xFFFF900000059000 pa=0x000000000495C000
[VMM] kmap va=0xFFFF90000005A000 pa=0x000000000495D000
[VMM] kmap va=0xFFFF90000005B000 pa=0x000000000495E000
[VMM] kmap va=0xFFFF90000005C000 pa=0x000000000495F000
[VMM] kmap va=0xFFFF90000005D000 pa=0x0000000004960000
[VMM] kmap va=0xFFFF90000005E000 pa=0x0000000004961000
[VMM] kmap va=0xFFFF90000005F000 pa=0x0000000004962000
[VMM] kmap va=0xFFFF900000060000 pa=0x0000000004963000
[VMM] kmap va=0xFFFF900000061000 pa=0x0000000004964000
[VMM] kmap va=0xFFFF900000062000 pa=0x0000000004965000
[VMM] kmap va=0xFFFF900000063000 pa=0x0000000004966000
[VMM] kmap va=0xFFFF900000064000 pa=0x0000000004967000
[VMM] kmap va=0xFFFF900000065000 pa=0x0000000004968000
[VMM] kmap va=0xFFFF900000066000 pa=0x0000000004969000
[VMM] kmap va=0xFFFF900000067000 pa=0x000000000496A000
[VMM] kmap va=0xFFFF900000068000 pa=0x000000000496B000
[VMM] kmap va=0xFFFF900000069000 pa=0x000000000496C000
[VMM] kmap va=0xFFFF90000006A000 pa=0x000000000496D000
[VMM] kmap va=0xFFFF90000006B000 pa=0x000000000496E000
[VMM] kmap va=0xFFFF90000006C000 pa=0x000000000496F000
[VMM] kmap va=0xFFFF90000006D000 pa=0x0000000004970000
[VMM] kmap va=0xFFFF90000006E000 pa=0x0000000004971000
[VMM] kmap va=0xFFFF90000006F000 pa=0x0000000004972000
[VMM] kmap va=0xFFFF900000070000 pa=0x0000000004973000
[VMM] kmap va=0xFFFF900000071000 pa=0x0000000004974000
[VMM] kmap va=0xFFFF900000072000 pa=0x0000000004975000
[VMM] kmap va=0xFFFF900000073000 pa=0x0000000004976000
[VMM] kmap va=0xFFFF900000074000 pa=0x0000000004977000
[VMM] kmap va=0xFFFF900000075000 pa=0x0000000004978000
[VMM] kmap va=0xFFFF900000076000 pa=0x0000000004979000
[VMM] kmap va=0xFFFF900000077000 pa=0x000000000497A000
[VMM] kmap va=0xFFFF900000078000 pa=0x000000000497B000
[VMM] kmap va=0xFFFF900000079000 pa=0x000000000497C000
[VMM] kmap va=0xFFFF90000007A000 pa=0x000000000497D000
[VMM] kmap va=0xFFFF90000007B000 pa=0x000000000497E000
[VMM] kmap va=0xFFFF90000007C000 pa=0x000000000497F000
[VMM] kmap va=0xFFFF90000007D000 pa=0x0000000004980000
[VMM] kmap va=0xFFFF90000007E000 pa=0x0000000004981000
[VMM] kmap va=0xFFFF90000007F000 pa=0x0000000004982000
[VMM] kmap va=0xFFFF900000080000 pa=0x0000000004983000
[VMM] kmap va=0xFFFF900000081000 pa=0x0000000004984000
[VMM] kmap va=0xFFFF900000082000 pa=0x0000000004985000
[VMM] kmap va=0xFFFF900000083000 pa=0x0000000004986000
[VMM] kmap va=0xFFFF900000084000 pa=0x0000000004987000
[VMM] kmap va=0xFFFF900000085000 pa=0x0000000004988000
[VMM] kmap va=0xFFFF900000086000 pa=0x0000000004989000
[VMM] kmap va=0xFFFF900000087000 pa=0x000000000498A000
[VMM] kmap va=0xFFFF900000088000 pa=0x000000000498B000
[VMM] kmap va=0xFFFF900000089000 pa=0x000000000498C000
[VMM] kmap va=0xFFFF90000008A000 pa=0x000000000498D000
[VMM] kmap va=0xFFFF90000008B000 pa=0x000000000498E000
[VMM] kmap va=0xFFFF90000008C000 pa=0x000000000498F000
[VMM] kmap va=0xFFFF90000008D000 pa=0x0000000004990000
[VMM] kmap va=0xFFFF90000008E000 pa=0x0000000004991000
[VMM] kmap va=0xFFFF90000008F000 pa=0x0000000004992000
[VMM] kmap va=0xFFFF900000090000 pa=0x0000000004993000
[VMM] kmap va=0xFFFF900000091000 pa=0x0000000004994000
[VMM] kmap va=0xFFFF900000092000 pa=0x0000000004995000
[VMM] kmap va=0xFFFF900000093000 pa=0x0000000004996000
[VMM] kmap va=0xFFFF900000094000 pa=0x0000000004997000
[VMM] kmap va=0xFFFF900000095000 pa=0x0000000004998000
[VMM] kmap va=0xFFFF900000096000 pa=0x0000000004999000
[VMM] kmap va=0xFFFF900000097000 pa=0x000000000499A000
[VMM] kmap va=0xFFFF900000098000 pa=0x000000000499B000
[VMM] kmap va=0xFFFF900000099000 pa=0x000000000499C000
[VMM] kmap va=0xFFFF90000009A000 pa=0x000000000499D000
[VMM] kmap va=0xFFFF90000009B000 pa=0x000000000499E000
[VMM] kmap va=0xFFFF90000009C000 pa=0x000000000499F000
[VMM] kmap va=0xFFFF90000009D000 pa=0x00000000049A0000
[VMM] kmap va=0xFFFF90000009E000 pa=0x00000000049A1000
[VMM] kmap va=0xFFFF90000009F000 pa=0x00000000049A2000
[VMM] kmap va=0xFFFF9000000A0000 pa=0x00000000049A3000
[VMM] kmap va=0xFFFF9000000A1000 pa=0x00000000049A4000
[VMM] kmap va=0xFFFF9000000A2000 pa=0x00000000049A5000
[VMM] kmap va=0xFFFF9000000A3000 pa=0x00000000049A6000
[VMM] kmap va=0xFFFF9000000A4000 pa=0x00000000049A7000
[VMM] kmap va=0xFFFF9000000A5000 pa=0x00000000049A8000
[VMM] kmap va=0xFFFF9000000A6000 pa=0x00000000049A9000
[VMM] kmap va=0xFFFF9000000A7000 pa=0x00000000049AA000
[VMM] kmap va=0xFFFF9000000A8000 pa=0x00000000049AB000
[VMM] kmap va=0xFFFF9000000A9000 pa=0x00000000049AC000
[VMM] kmap va=0xFFFF9000000AA000 pa=0x00000000049AD000
[VMM] kmap va=0xFFFF9000000AB000 pa=0x00000000049AE000
[VMM] kmap va=0xFFFF9000000AC000 pa=0x00000000049AF000
[VMM] kmap va=0xFFFF9000000AD000 pa=0x00000000049B0000
[VMM] kmap va=0xFFFF9000000AE000 pa=0x00000000049B1000
[VMM] kmap va=0xFFFF9000000AF000 pa=0x00000000049B2000
[VMM] kmap va=0xFFFF9000000B0000 pa=0x00000000049B3000
[VMM] kmap va=0xFFFF9000000B1000 pa=0x00000000049B4000
[VMM] kmap va=0xFFFF9000000B2000 pa=0x00000000049B5000
[VMM] kmap va=0xFFFF9000000B3000 pa=0x00000000049B6000
[VMM] kmap va=0xFFFF9000000B4000 pa=0x00000000049B7000
[VMM] kmap va=0xFFFF9000000B5000 pa=0x00000000049B8000
[VMM] kmap va=0xFFFF9000000B6000 pa=0x00000000049B9000
[VMM] kmap va=0xFFFF9000000B7000 pa=0x00000000049BA000
[VMM] kmap va=0xFFFF9000000B8000 pa=0x00000000049BB000
[VMM] kmap va=0xFFFF9000000B9000 pa=0x00000000049BC000
[VMM] kmap va=0xFFFF9000000BA000 pa=0x00000000049BD000
[VMM] kmap va=0xFFFF9000000BB000 pa=0x00000000049BE000
[VMM] kmap va=0xFFFF9000000BC000 pa=0x00000000049BF000
[VMM] kmap va=0xFFFF9000000BD000 pa=0x00000000049C0000
[VMM] kmap va=0xFFFF9000000BE000 pa=0x00000000049C1000
[VMM] kmap va=0xFFFF9000000BF000 pa=0x00000000049C2000
[VMM] kmap va=0xFFFF9000000C0000 pa=0x00000000049C3000
[VMM] kmap va=0xFFFF9000000C1000 pa=0x00000000049C4000
[VMM] kmap va=0xFFFF9000000C2000 pa=0x00000000049C5000
[VMM] kmap va=0xFFFF9000000C3000 pa=0x00000000049C6000
[VMM] kmap va=0xFFFF9000000C4000 pa=0x00000000049C7000
[VMM] kmap va=0xFFFF9000000C5000 pa=0x00000000049C8000
[VMM] kmap va=0xFFFF9000000C6000 pa=0x00000000049C9000
[VMM] kmap va=0xFFFF9000000C7000 pa=0x00000000049CA000
[VMM] kmap va=0xFFFF9000000C8000 pa=0x00000000049CB000
[VMM] kmap va=0xFFFF9000000C9000 pa=0x00000000049CC000
[VMM] kmap va=0xFFFF9000000CA000 pa=0x00000000049CD000
[VMM] kmap va=0xFFFF9000000CB000 pa=0x00000000049CE000
[VMM] kmap va=0xFFFF9000000CC000 pa=0x00000000049CF000
[VMM] kmap va=0xFFFF9000000CD000 pa=0x00000000049D0000
[VMM] kmap va=0xFFFF9000000CE000 pa=0x00000000049D1000
[VMM] kmap va=0xFFFF9000000CF000 pa=0x00000000049D2000
[VMM] kmap va=0xFFFF9000000D0000 pa=0x00000000049D3000
[VMM] kmap va=0xFFFF9000000D1000 pa=0x00000000049D4000
[VMM] kmap va=0xFFFF9000000D2000 pa=0x00000000049D5000
[VMM] kmap va=0xFFFF9000000D3000 pa=0x00000000049D6000
[VMM] kmap va=0xFFFF9000000D4000 pa=0x00000000049D7000
[VMM] kmap va=0xFFFF9000000D5000 pa=0x00000000049D8000
[VMM] kmap va=0xFFFF9000000D6000 pa=0x00000000049D9000
[VMM] kmap va=0xFFFF9000000D7000 pa=0x00000000049DA000
[VMM] kmap va=0xFFFF9000000D8000 pa=0x00000000049DB000
[VMM] kmap va=0xFFFF9000000D9000 pa=0x00000000049DC000
[VMM] kmap va=0xFFFF9000000DA000 pa=0x00000000049DD000
[VMM] kmap va=0xFFFF9000000DB000 pa=0x00000000049DE000
[VMM] kmap va=0xFFFF9000000DC000 pa=0x00000000049DF000
[VMM] kmap va=0xFFFF9000000DD000 pa=0x00000000049E0000
[VMM] kmap va=0xFFFF9000000DE000 pa=0x00000000049E1000
[VMM] kmap va=0xFFFF9000000DF000 pa=0x00000000049E2000
[VMM] kmap va=0xFFFF9000000E0000 pa=0x00000000049E3000
[VMM] kmap va=0xFFFF9000000E1000 pa=0x00000000049E4000
[VMM] kmap va=0xFFFF9000000E2000 pa=0x00000000049E5000
[VMM] kmap va=0xFFFF9000000E3000 pa=0x00000000049E6000
[VMM] kmap va=0xFFFF9000000E4000 pa=0x00000000049E7000
[VMM] kmap va=0xFFFF9000000E5000 pa=0x00000000049E8000
[VMM] kmap va=0xFFFF9000000E6000 pa=0x00000000049E9000
[VMM] kmap va=0xFFFF9000000E7000 pa=0x00000000049EA000
[VMM] kmap va=0xFFFF9000000E8000 pa=0x00000000049EB000
[VMM] kmap va=0xFFFF9000000E9000 pa=0x00000000049EC000
[VMM] kmap va=0xFFFF9000000EA000 pa=0x00000000049ED000
[VMM] kmap va=0xFFFF9000000EB000 pa=0x00000000049EE000
[VMM] kmap va=0xFFFF9000000EC000 pa=0x00000000049EF000
[VMM] kmap va=0xFFFF9000000ED000 pa=0x00000000049F0000
[VMM] kmap va=0xFFFF9000000EE000 pa=0x00000000049F1000
[VMM] kmap va=0xFFFF9000000EF000 pa=0x00000000049F2000
[VMM] kmap va=0xFFFF9000000F0000 pa=0x00000000049F3000
[VMM] kmap va=0xFFFF9000000F1000 pa=0x00000000049F4000
[VMM] kmap va=0xFFFF9000000F2000 pa=0x00000000049F5000
[VMM] kmap va=0xFFFF9000000F3000 pa=0x00000000049F6000
[VMM] kmap va=0xFFFF9000000F4000 pa=0x00000000049F7000
[VMM] kmap va=0xFFFF9000000F5000 pa=0x00000000049F8000
[VMM] kmap va=0xFFFF9000000F6000 pa=0x00000000049F9000
[VMM] kmap va=0xFFFF9000000F7000 pa=0x00000000049FA000
[VMM] kmap va=0xFFFF9000000F8000 pa=0x00000000049FB000
[BEFORE SPLIT]
current=0x0xFFFF900000030000
current->size=0x0x00000000000C8FE0
request=0x0x00000000000C8000
header=0x0x0000000000000020
[AFTER SPLIT]
new_block=0x0xFFFF9000000F8020
new_block->size=0x0x0000000000000FC0
new_block->magic=0x0x00000000DEADC0DE
new_block->next=0x0x0000000000000000
[heap] SPLIT block=0x0xFFFF900000030000 alloc=0x0x00000000000C8000 remainder=0x0xFFFF9000000F8020 rem_size=0x0x0000000000000FC0
[heap] KMALLOC ptr=0x0xFFFF900000030020 size=0x0x00000000000C8000 ra0=0x0xFFFFFFFF800078BE ra1=0x0xFFFFFFFF80006D3C ra2=0x0x0000000000000000

[HEAP_WATCH_DEBUG] serial ready
[HEAP_WATCH] BSP DR0 watch magic @ target (4 bytes)
[smp] BSP lapic=0, CPUs reported=4
[smp] O[smp] CPU #nline CPUs: 2 online (lapic=2)
[smp] CPU #4/34 online (lapic=

--- RADAR AUTO-INSTALL ---
3)
[smp] CPU #1 online (lapic=Status: Limine mengirim1 modul!
)
Jumlah Modul: 8
Modul 1 | Ukuran: 182832 Bytes
 -> Raw string: [/kyuzen.png]
 -> Ekstrak Nama: [kyuzen.png]
[BEFORE SPLIT]
current=0x0xFFFF900000002020
current->size=0x0x0000000000000FC0
request=0x0x0000000000000200
header=0x0x0000000000000020
[AFTER SPLIT]
new_block=0x0xFFFF900000002240
new_block->size=0x0x0000000000000DA0
new_block->magic=0x0x00000000DEADC0DE
new_block->next=0x0xFFFF900000003000
[heap] SPLIT block=0x0xFFFF900000002020 alloc=0x0x0000000000000200 remainder=0x0xFFFF900000002240 rem_size=0x0x0000000000000DA0
[heap] KMALLOC ptr=0x0xFFFF900000002040 size=0x0x0000000000000200 ra0=0x0xFFFFFFFF80008457 ra1=0x0xFFFFFFFF800074C2 ra2=0x0x0000000000000000
[heap] KFREE ptr=0x0xFFFF900000002040 size=0x0x0000000000000200 ra0=0x0xFFFFFFFF800084D3
[MERGE CHECK]
current=0x0xFFFF900000002020
expected_next=0x0xFFFF900000002240
actual_next=0x0xFFFF900000002240
[heap] MERGE into=0x0xFFFF900000002020 absorb=0x0xFFFF900000002240 new_size=0x0x0000000000000FC0
[BEFORE SPLIT]
current=0x0xFFFF900000002020
current->size=0x0x0000000000000FC0
request=0x0x0000000000000200
header=0x0x0000000000000020
[AFTER SPLIT]
new_block=0x0xFFFF900000002240
new_block->size=0x0x0000000000000DA0
new_block->magic=0x0x00000000DEADC0DE
new_block->next=0x0xFFFF900000003000
[heap] SPLIT block=0x0xFFFF900000002020 alloc=0x0x0000000000000200 remainder=0x0xFFFF900000002240 rem_size=0x0x0000000000000DA0
[heap] KMALLOC ptr=0x0xFFFF900000002040 size=0x0x0000000000000200 ra0=0x0xFFFFFFFF800081EE ra1=0x0xFFFFFFFF800074D2 ra2=0x0x0000000000000000
[heap] KFREE ptr=0x0xFFFF900000002040 size=0x0x0000000000000200 ra0=0x0xFFFFFFFF800082C2
[MERGE CHECK]
current=0x0xFFFF900000002020
expected_next=0x0xFFFF900000002240
actual_next=0x0xFFFF900000002240
[heap] MERGE into=0x0xFFFF900000002020 absorb=0x0xFFFF900000002240 new_size=0x0x0000000000000FC0
[BEFORE SPLIT]
current=0x0xFFFF900000002020
current->size=0x0x0000000000000FC0
request=0x0x0000000000000200
header=0x0x0000000000000020
[AFTER SPLIT]
new_block=0x0xFFFF900000002240
new_block->size=0x0x0000000000000DA0
new_block->magic=0x0x00000000DEADC0DE
new_block->next=0x0xFFFF900000003000
[heap] SPLIT block=0x0xFFFF900000002020 alloc=0x0x0000000000000200 remainder=0x0xFFFF900000002240 rem_size=0x0x0000000000000DA0
[heap] KMALLOC ptr=0x0xFFFF900000002040 size=0x0x0000000000000200 ra0=0x0xFFFFFFFF8000832A ra1=0x0xFFFFFFFF800074D2 ra2=0x0x0000000000000000
[heap] KFREE ptr=0x0xFFFF900000002040 size=0x0x0000000000000200 ra0=0x0xFFFFFFFF80008382
[MERGE CHECK]
current=0x0xFFFF900000002020
expected_next=0x0xFFFF900000002240
actual_next=0x0xFFFF900000002240
[heap] MERGE into=0x0xFFFF900000002020 absorb=0x0xFFFF900000002240 new_size=0x0x0000000000000FC0
[OK] File dihapus!
[BEFORE SPLIT]
current=0x0xFFFF900000002020
current->size=0x0x0000000000000FC0
request=0x0x0000000000000200
header=0x0x0000000000000020
[AFTER SPLIT]
new_block=0x0xFFFF900000002240
new_block->size=0x0x0000000000000DA0
new_block->magic=0x0x00000000DEADC0DE
new_block->next=0x0xFFFF900000003000
[heap] SPLIT block=0x0xFFFF900000002020 alloc=0x0x0000000000000200 remainder=0x0xFFFF900000002240 rem_size=0x0x0000000000000DA0
[heap] KMALLOC ptr=0x0xFFFF900000002040 size=0x0x0000000000000200 ra0=0x0xFFFFFFFF80007B8C ra1=0x0xFFFFFFFF800072E4 ra2=0x0x0000000000000000
[heap] KFREE ptr=0x0xFFFF900000002040 size=0x0x0000000000000200 ra0=0x0xFFFFFFFF80007BA0
[MERGE CHECK]
current=0x0xFFFF900000002020
expected_next=0x0xFFFF900000002240
actual_next=0x0xFFFF900000002240
[heap] MERGE into=0x0xFFFF900000002020 absorb=0x0xFFFF900000002240 new_size=0x0x0000000000000FC0
[BEFORE SPLIT]
current=0x0xFFFF900000002020
current->size=0x0x0000000000000FC0
request=0x0x0000000000000200
header=0x0x0000000000000020
[AFTER SPLIT]
new_block=0x0xFFFF900000002240
new_block->size=0x0x0000000000000DA0
new_block->magic=0x0x00000000DEADC0DE
new_block->next=0x0xFFFF900000003000
[heap] SPLIT block=0x0xFFFF900000002020 alloc=0x0x0000000000000200 remainder=0x0xFFFF900000002240 rem_size=0x0x0000000000000DA0
[heap] KMALLOC ptr=0x0xFFFF900000002040 size=0x0x0000000000000200 ra0=0x0xFFFFFFFF80007BCA ra1=0x0xFFFFFFFF800072E4 ra2=0x0x0000000000000000
[heap] KFREE ptr=0x0xFFFF900000002040 size=0x0x0000000000000200 ra0=0x0xFFFFFFFF8000806C
[MERGE CHECK]
current=0x0xFFFF900000002020
expected_next=0x0xFFFF900000002240
actual_next=0x0xFFFF900000002240
[heap] MERGE into=0x0xFFFF900000002020 absorb=0x0xFFFF900000002240 new_size=0x0x0000000000000FC0
 -> [SUKSES DITULIS KE DISK]
Modul 2 | Ukuran: 32653 Bytes
 -> Raw string: [/logo.png]
 -> Ekstrak Nama: [logo.png]
[BEFORE SPLIT]
current=0x0xFFFF900000002020
current->size=0x0x0000000000000FC0
request=0x0x0000000000000200
header=0x0x0000000000000020
[AFTER SPLIT]
new_block=0x0xFFFF900000002240
new_block->size=0x0x0000000000000DA0
new_block->magic=0x0x00000000DEADC0DE
new_block->next=0x0xFFFF900000003000
[heap] SPLIT block=0x0xFFFF900000002020 alloc=0x0x0000000000000200 remainder=0x0xFFFF900000002240 rem_size=0x0x0000000000000DA0
[heap] KMALLOC ptr=0x0xFFFF900000002040 size=0x0x0000000000000200 ra0=0x0xFFFFFFFF80008457 ra1=0x0xFFFFFFFF800074C2 ra2=0x0x0000000000000000
[heap] KFREE ptr=0x0xFFFF900000002040 size=0x0x0000000000000200 ra0=0x0xFFFFFFFF800084D3
[MERGE CHECK]
current=0x0xFFFF900000002020
expected_next=0x0xFFFF900000002240
actual_next=0x0xFFFF900000002240
[heap] MERGE into=0x0xFFFF900000002020 absorb=0x0xFFFF900000002240 new_size=0x0x0000000000000FC0
[BEFORE SPLIT]
current=0x0xFFFF900000002020
current->size=0x0x0000000000000FC0
request=0x0x0000000000000200
header=0x0x0000000000000020
[AFTER SPLIT]
new_block=0x0xFFFF900000002240
new_block->size=0x0x0000000000000DA0
new_block->magic=0x0x00000000DEADC0DE
new_block->next=0x0xFFFF900000003000
[heap] SPLIT block=0x0xFFFF900000002020 alloc=0x0x0000000000000200 remainder=0x0xFFFF900000002240 rem_size=0x0x0000000000000DA0
[heap] KMALLOC ptr=0x0xFFFF900000002040 size=0x0x0000000000000200 ra0=0x0xFFFFFFFF800081EE ra1=0x0xFFFFFFFF800074D2 ra2=0x0x0000000000000000
[heap] KFREE ptr=0x0xFFFF900000002040 size=0x0x0000000000000200 ra0=0x0xFFFFFFFF800082C2
[MERGE CHECK]
current=0x0xFFFF900000002020
expected_next=0x0xFFFF900000002240
actual_next=0x0xFFFF900000002240
[heap] MERGE into=0x0xFFFF900000002020 absorb=0x0xFFFF900000002240 new_size=0x0x0000000000000FC0
[BEFORE SPLIT]
current=0x0xFFFF900000002020
current->size=0x0x0000000000000FC0
request=0x0x0000000000000200
header=0x0x0000000000000020
[AFTER SPLIT]
new_block=0x0xFFFF900000002240
new_block->size=0x0x0000000000000DA0
new_block->magic=0x0x00000000DEADC0DE
new_block->next=0x0xFFFF900000003000
[heap] SPLIT block=0x0xFFFF900000002020 alloc=0x0x0000000000000200 remainder=0x0xFFFF900000002240 rem_size=0x0x0000000000000DA0
[heap] KMALLOC ptr=0x0xFFFF900000002040 size=0x0x0000000000000200 ra0=0x0xFFFFFFFF8000832A ra1=0x0xFFFFFFFF800074D2 ra2=0x0x0000000000000000
[heap] KFREE ptr=0x0xFFFF900000002040 size=0x0x0000000000000200 ra0=0x0xFFFFFFFF80008382
[MERGE CHECK]
current=0x0xFFFF900000002020
expected_next=0x0xFFFF900000002240
actual_next=0x0xFFFF900000002240
[heap] MERGE into=0x0xFFFF900000002020 absorb=0x0xFFFF900000002240 new_size=0x0x0000000000000FC0
[OK] File dihapus!
[BEFORE SPLIT]
current=0x0xFFFF900000002020
current->size=0x0x0000000000000FC0
request=0x0x0000000000000200
header=0x0x0000000000000020
[AFTER SPLIT]
new_block=0x0xFFFF900000002240
new_block->size=0x0x0000000000000DA0
new_block->magic=0x0x00000000DEADC0DE
new_block->next=0x0xFFFF900000003000
[heap] SPLIT block=0x0xFFFF900000002020 alloc=0x0x0000000000000200 remainder=0x0xFFFF900000002240 rem_size=0x0x0000000000000DA0
[heap] KMALLOC ptr=0x0xFFFF900000002040 size=0x0x0000000000000200 ra0=0x0xFFFFFFFF80007B8C ra1=0x0xFFFFFFFF800072E4 ra2=0x0x0000000000000000
[heap] KFREE ptr=0x0xFFFF900000002040 size=0x0x0000000000000200 ra0=0x0xFFFFFFFF80007BA0
[MERGE CHECK]
current=0x0xFFFF900000002020
expected_next=0x0xFFFF900000002240
actual_next=0x0xFFFF900000002240
[heap] MERGE into=0x0xFFFF900000002020 absorb=0x0xFFFF900000002240 new_size=0x0x0000000000000FC0
[BEFORE SPLIT]
current=0x0xFFFF900000002020
current->size=0x0x0000000000000FC0
request=0x0x0000000000000200
header=0x0x0000000000000020
[AFTER SPLIT]
new_block=0x0xFFFF900000002240
new_block->size=0x0x0000000000000DA0
new_block->magic=0x0x00000000DEADC0DE
new_block->next=0x0xFFFF900000003000
[heap] SPLIT block=0x0xFFFF900000002020 alloc=0x0x0000000000000200 remainder=0x0xFFFF900000002240 rem_size=0x0x0000000000000DA0
[heap] KMALLOC ptr=0x0xFFFF900000002040 size=0x0x0000000000000200 ra0=0x0xFFFFFFFF80007BCA ra1=0x0xFFFFFFFF800072E4 ra2=0x0x0000000000000000
[heap] KFREE ptr=0x0xFFFF900000002040 size=0x0x0000000000000200 ra0=0x0xFFFFFFFF8000806C
[MERGE CHECK]
current=0x0xFFFF900000002020
expected_next=0x0xFFFF900000002240
actual_next=0x0xFFFF900000002240
[heap] MERGE into=0x0xFFFF900000002020 absorb=0x0xFFFF900000002240 new_size=0x0x0000000000000FC0
 -> [SUKSES DITULIS KE DISK]
Modul 3 | Ukuran: 18064 Bytes
 -> Raw string: [/fileman.elf]
 -> Ekstrak Nama: [fileman.elf]
[BEFORE SPLIT]
current=0x0xFFFF900000002020
current->size=0x0x0000000000000FC0
request=0x0x0000000000000200
header=0x0x0000000000000020
[AFTER SPLIT]
new_block=0x0xFFFF900000002240
new_block->size=0x0x0000000000000DA0
new_block->magic=0x0x00000000DEADC0DE
new_block->next=0x0xFFFF900000003000
[heap] SPLIT block=0x0xFFFF900000002020 alloc=0x0x0000000000000200 remainder=0x0xFFFF900000002240 rem_size=0x0x0000000000000DA0
[heap] KMALLOC ptr=0x0xFFFF900000002040 size=0x0x0000000000000200 ra0=0x0xFFFFFFFF80008457 ra1=0x0xFFFFFFFF800074C2 ra2=0x0x0000000000000000
[heap] KFREE ptr=0x0xFFFF900000002040 size=0x0x0000000000000200 ra0=0x0xFFFFFFFF800084D3
[MERGE CHECK]
current=0x0xFFFF900000002020
expected_next=0x0xFFFF900000002240
actual_next=0x0xFFFF900000002240
[heap] MERGE into=0x0xFFFF900000002020 absorb=0x0xFFFF900000002240 new_size=0x0x0000000000000FC0
[BEFORE SPLIT]
current=0x0xFFFF900000002020
current->size=0x0x0000000000000FC0
request=0x0x0000000000000200
header=0x0x0000000000000020
[AFTER SPLIT]
new_block=0x0xFFFF900000002240
new_block->size=0x0x0000000000000DA0
new_block->magic=0x0x00000000DEADC0DE
new_block->next=0x0xFFFF900000003000
[heap] SPLIT block=0x0xFFFF900000002020 alloc=0x0x0000000000000200 remainder=0x0xFFFF900000002240 rem_size=0x0x0000000000000DA0
[heap] KMALLOC ptr=0x0xFFFF900000002040 size=0x0x0000000000000200 ra0=0x0xFFFFFFFF800081EE ra1=0x0xFFFFFFFF800074D2 ra2=0x0x0000000000000000
[heap] KFREE ptr=0x0xFFFF900000002040 size=0x0x0000000000000200 ra0=0x0xFFFFFFFF800082C2
[MERGE CHECK]
current=0x0xFFFF900000002020
expected_next=0x0xFFFF900000002240
actual_next=0x0xFFFF900000002240
[heap] MERGE into=0x0xFFFF900000002020 absorb=0x0xFFFF900000002240 new_size=0x0x0000000000000FC0
[BEFORE SPLIT]
current=0x0xFFFF900000002020
current->size=0x0x0000000000000FC0
request=0x0x0000000000000200
header=0x0x0000000000000020
[AFTER SPLIT]
new_block=0x0xFFFF900000002240
new_block->size=0x0x0000000000000DA0
new_block->magic=0x0x00000000DEADC0DE
new_block->next=0x0xFFFF900000003000
[heap] SPLIT block=0x0xFFFF900000002020 alloc=0x0x0000000000000200 remainder=0x0xFFFF900000002240 rem_size=0x0x0000000000000DA0
[heap] KMALLOC ptr=0x0xFFFF900000002040 size=0x0x0000000000000200 ra0=0x0xFFFFFFFF8000832A ra1=0x0xFFFFFFFF800074D2 ra2=0x0x0000000000000000
[heap] KFREE ptr=0x0xFFFF900000002040 size=0x0x0000000000000200 ra0=0x0xFFFFFFFF80008382
[MERGE CHECK]
current=0x0xFFFF900000002020
expected_next=0x0xFFFF900000002240
actual_next=0x0xFFFF900000002240
[heap] MERGE into=0x0xFFFF900000002020 absorb=0x0xFFFF900000002240 new_size=0x0x0000000000000FC0
[OK] File dihapus!
[BEFORE SPLIT]
current=0x0xFFFF900000002020
current->size=0x0x0000000000000FC0
request=0x0x0000000000000200
header=0x0x0000000000000020
[AFTER SPLIT]
new_block=0x0xFFFF900000002240
new_block->size=0x0x0000000000000DA0
new_block->magic=0x0x00000000DEADC0DE
new_block->next=0x0xFFFF900000003000
[heap] SPLIT block=0x0xFFFF900000002020 alloc=0x0x0000000000000200 remainder=0x0xFFFF900000002240 rem_size=0x0x0000000000000DA0
[heap] KMALLOC ptr=0x0xFFFF900000002040 size=0x0x0000000000000200 ra0=0x0xFFFFFFFF80007B8C ra1=0x0xFFFFFFFF800072E4 ra2=0x0x0000000000000000
[heap] KFREE ptr=0x0xFFFF900000002040 size=0x0x0000000000000200 ra0=0x0xFFFFFFFF80007BA0
[MERGE CHECK]
current=0x0xFFFF900000002020
expected_next=0x0xFFFF900000002240
actual_next=0x0xFFFF900000002240
[heap] MERGE into=0x0xFFFF900000002020 absorb=0x0xFFFF900000002240 new_size=0x0x0000000000000FC0
[BEFORE SPLIT]
current=0x0xFFFF900000002020
current->size=0x0x0000000000000FC0
request=0x0x0000000000000200
header=0x0x0000000000000020
[AFTER SPLIT]
new_block=0x0xFFFF900000002240
new_block->size=0x0x0000000000000DA0
new_block->magic=0x0x00000000DEADC0DE
new_block->next=0x0xFFFF900000003000
[heap] SPLIT block=0x0xFFFF900000002020 alloc=0x0x0000000000000200 remainder=0x0xFFFF900000002240 rem_size=0x0x0000000000000DA0
[heap] KMALLOC ptr=0x0xFFFF900000002040 size=0x0x0000000000000200 ra0=0x0xFFFFFFFF80007BCA ra1=0x0xFFFFFFFF800072E4 ra2=0x0x0000000000000000
[heap] KFREE ptr=0x0xFFFF900000002040 size=0x0x0000000000000200 ra0=0x0xFFFFFFFF8000806C
[MERGE CHECK]
current=0x0xFFFF900000002020
expected_next=0x0xFFFF900000002240
actual_next=0x0xFFFF900000002240
[heap] MERGE into=0x0xFFFF900000002020 absorb=0x0xFFFF900000002240 new_size=0x0x0000000000000FC0
 -> [SUKSES DITULIS KE DISK]
Modul 4 | Ukuran: 49328 Bytes
 -> Raw string: [/viewer.elf]
 -> Ekstrak Nama: [viewer.elf]
[BEFORE SPLIT]
current=0x0xFFFF900000002020
current->size=0x0x0000000000000FC0
request=0x0x0000000000000200
header=0x0x0000000000000020
[AFTER SPLIT]
new_block=0x0xFFFF900000002240
new_block->size=0x0x0000000000000DA0
new_block->magic=0x0x00000000DEADC0DE
new_block->next=0x0xFFFF900000003000
[heap] SPLIT block=0x0xFFFF900000002020 alloc=0x0x0000000000000200 remainder=0x0xFFFF900000002240 rem_size=0x0x0000000000000DA0
[heap] KMALLOC ptr=0x0xFFFF900000002040 size=0x0x0000000000000200 ra0=0x0xFFFFFFFF80008457 ra1=0x0xFFFFFFFF800074C2 ra2=0x0x0000000000000000
[heap] KFREE ptr=0x0xFFFF900000002040 size=0x0x0000000000000200 ra0=0x0xFFFFFFFF800084D3
[MERGE CHECK]
current=0x0xFFFF900000002020
expected_next=0x0xFFFF900000002240
actual_next=0x0xFFFF900000002240
[heap] MERGE into=0x0xFFFF900000002020 absorb=0x0xFFFF900000002240 new_size=0x0x0000000000000FC0
[BEFORE SPLIT]
current=0x0xFFFF900000002020
current->size=0x0x0000000000000FC0
request=0x0x0000000000000200
header=0x0x0000000000000020
[AFTER SPLIT]
new_block=0x0xFFFF900000002240
new_block->size=0x0x0000000000000DA0
new_block->magic=0x0x00000000DEADC0DE
new_block->next=0x0xFFFF900000003000
[heap] SPLIT block=0x0xFFFF900000002020 alloc=0x0x0000000000000200 remainder=0x0xFFFF900000002240 rem_size=0x0x0000000000000DA0
[heap] KMALLOC ptr=0x0xFFFF900000002040 size=0x0x0000000000000200 ra0=0x0xFFFFFFFF800081EE ra1=0x0xFFFFFFFF800074D2 ra2=0x0x0000000000000000
[heap] KFREE ptr=0x0xFFFF900000002040 size=0x0x0000000000000200 ra0=0x0xFFFFFFFF800082C2
[MERGE CHECK]
current=0x0xFFFF900000002020
expected_next=0x0xFFFF900000002240
actual_next=0x0xFFFF900000002240
[heap] MERGE into=0x0xFFFF900000002020 absorb=0x0xFFFF900000002240 new_size=0x0x0000000000000FC0
[BEFORE SPLIT]
current=0x0xFFFF900000002020
current->size=0x0x0000000000000FC0
request=0x0x0000000000000200
header=0x0x0000000000000020
[AFTER SPLIT]
new_block=0x0xFFFF900000002240
new_block->size=0x0x0000000000000DA0
new_block->magic=0x0x00000000DEADC0DE
new_block->next=0x0xFFFF900000003000
[heap] SPLIT block=0x0xFFFF900000002020 alloc=0x0x0000000000000200 remainder=0x0xFFFF900000002240 rem_size=0x0x0000000000000DA0
[heap] KMALLOC ptr=0x0xFFFF900000002040 size=0x0x0000000000000200 ra0=0x0xFFFFFFFF8000832A ra1=0x0xFFFFFFFF800074D2 ra2=0x0x0000000000000000
[heap] KFREE ptr=0x0xFFFF900000002040 size=0x0x0000000000000200 ra0=0x0xFFFFFFFF80008382
[MERGE CHECK]
current=0x0xFFFF900000002020
expected_next=0x0xFFFF900000002240
actual_next=0x0xFFFF900000002240
[heap] MERGE into=0x0xFFFF900000002020 absorb=0x0xFFFF900000002240 new_size=0x0x0000000000000FC0
[OK] File dihapus!
[BEFORE SPLIT]
current=0x0xFFFF900000002020
current->size=0x0x0000000000000FC0
request=0x0x0000000000000200
header=0x0x0000000000000020
[AFTER SPLIT]
new_block=0x0xFFFF900000002240
new_block->size=0x0x0000000000000DA0
new_block->magic=0x0x00000000DEADC0DE
new_block->next=0x0xFFFF900000003000
[heap] SPLIT block=0x0xFFFF900000002020 alloc=0x0x0000000000000200 remainder=0x0xFFFF900000002240 rem_size=0x0x0000000000000DA0
[heap] KMALLOC ptr=0x0xFFFF900000002040 size=0x0x0000000000000200 ra0=0x0xFFFFFFFF80007B8C ra1=0x0xFFFFFFFF800072E4 ra2=0x0x0000000000000000
[heap] KFREE ptr=0x0xFFFF900000002040 size=0x0x0000000000000200 ra0=0x0xFFFFFFFF80007BA0
[MERGE CHECK]
current=0x0xFFFF900000002020
expected_next=0x0xFFFF900000002240
actual_next=0x0xFFFF900000002240
[heap] MERGE into=0x0xFFFF900000002020 absorb=0x0xFFFF900000002240 new_size=0x0x0000000000000FC0
[BEFORE SPLIT]
current=0x0xFFFF900000002020
current->size=0x0x0000000000000FC0
request=0x0x0000000000000200
header=0x0x0000000000000020
[AFTER SPLIT]
new_block=0x0xFFFF900000002240
new_block->size=0x0x0000000000000DA0
new_block->magic=0x0x00000000DEADC0DE
new_block->next=0x0xFFFF900000003000
[heap] SPLIT block=0x0xFFFF900000002020 alloc=0x0x0000000000000200 remainder=0x0xFFFF900000002240 rem_size=0x0x0000000000000DA0
[heap] KMALLOC ptr=0x0xFFFF900000002040 size=0x0x0000000000000200 ra0=0x0xFFFFFFFF80007BCA ra1=0x0xFFFFFFFF800072E4 ra2=0x0x0000000000000000
[heap] KFREE ptr=0x0xFFFF900000002040 size=0x0x0000000000000200 ra0=0x0xFFFFFFFF8000806C
[MERGE CHECK]
current=0x0xFFFF900000002020
expected_next=0x0xFFFF900000002240
actual_next=0x0xFFFF900000002240
[heap] MERGE into=0x0xFFFF900000002020 absorb=0x0xFFFF900000002240 new_size=0x0x0000000000000FC0
 -> [SUKSES DITULIS KE DISK]
Modul 5 | Ukuran: 18408 Bytes
 -> Raw string: [/clock.elf]
 -> Ekstrak Nama: [clock.elf]
[BEFORE SPLIT]
current=0x0xFFFF900000002020
current->size=0x0x0000000000000FC0
request=0x0x0000000000000200
header=0x0x0000000000000020
[AFTER SPLIT]
new_block=0x0xFFFF900000002240
new_block->size=0x0x0000000000000DA0
new_block->magic=0x0x00000000DEADC0DE
new_block->next=0x0xFFFF900000003000
[heap] SPLIT block=0x0xFFFF900000002020 alloc=0x0x0000000000000200 remainder=0x0xFFFF900000002240 rem_size=0x0x0000000000000DA0
[heap] KMALLOC ptr=0x0xFFFF900000002040 size=0x0x0000000000000200 ra0=0x0xFFFFFFFF80008457 ra1=0x0xFFFFFFFF800074C2 ra2=0x0x0000000000000000
[heap] KFREE ptr=0x0xFFFF900000002040 size=0x0x0000000000000200 ra0=0x0xFFFFFFFF800084D3
[MERGE CHECK]
current=0x0xFFFF900000002020
expected_next=0x0xFFFF900000002240
actual_next=0x0xFFFF900000002240
[heap] MERGE into=0x0xFFFF900000002020 absorb=0x0xFFFF900000002240 new_size=0x0x0000000000000FC0
[BEFORE SPLIT]
current=0x0xFFFF900000002020
current->size=0x0x0000000000000FC0
request=0x0x0000000000000200
header=0x0x0000000000000020
[AFTER SPLIT]
new_block=0x0xFFFF900000002240
new_block->size=0x0x0000000000000DA0
new_block->magic=0x0x00000000DEADC0DE
new_block->next=0x0xFFFF900000003000
[heap] SPLIT block=0x0xFFFF900000002020 alloc=0x0x0000000000000200 remainder=0x0xFFFF900000002240 rem_size=0x0x0000000000000DA0
[heap] KMALLOC ptr=0x0xFFFF900000002040 size=0x0x0000000000000200 ra0=0x0xFFFFFFFF800081EE ra1=0x0xFFFFFFFF800074D2 ra2=0x0x0000000000000000
[heap] KFREE ptr=0x0xFFFF900000002040 size=0x0x0000000000000200 ra0=0x0xFFFFFFFF800082C2
[MERGE CHECK]
current=0x0xFFFF900000002020
expected_next=0x0xFFFF900000002240
actual_next=0x0xFFFF900000002240
[heap] MERGE into=0x0xFFFF900000002020 absorb=0x0xFFFF900000002240 new_size=0x0x0000000000000FC0
[BEFORE SPLIT]
current=0x0xFFFF900000002020
current->size=0x0x0000000000000FC0
request=0x0x0000000000000200
header=0x0x0000000000000020
[AFTER SPLIT]
new_block=0x0xFFFF900000002240
new_block->size=0x0x0000000000000DA0
new_block->magic=0x0x00000000DEADC0DE
new_block->next=0x0xFFFF900000003000
[heap] SPLIT block=0x0xFFFF900000002020 alloc=0x0x0000000000000200 remainder=0x0xFFFF900000002240 rem_size=0x0x0000000000000DA0
[heap] KMALLOC ptr=0x0xFFFF900000002040 size=0x0x0000000000000200 ra0=0x0xFFFFFFFF8000832A ra1=0x0xFFFFFFFF800074D2 ra2=0x0x0000000000000000
[heap] KFREE ptr=0x0xFFFF900000002040 size=0x0x0000000000000200 ra0=0x0xFFFFFFFF80008382
[MERGE CHECK]
current=0x0xFFFF900000002020
expected_next=0x0xFFFF900000002240
actual_next=0x0xFFFF900000002240
[heap] MERGE into=0x0xFFFF900000002020 absorb=0x0xFFFF900000002240 new_size=0x0x0000000000000FC0
[OK] File dihapus!
[BEFORE SPLIT]
current=0x0xFFFF900000002020
current->size=0x0x0000000000000FC0
request=0x0x0000000000000200
header=0x0x0000000000000020
[AFTER SPLIT]
new_block=0x0xFFFF900000002240
new_block->size=0x0x0000000000000DA0
new_block->magic=0x0x00000000DEADC0DE
new_block->next=0x0xFFFF900000003000
[heap] SPLIT block=0x0xFFFF900000002020 alloc=0x0x0000000000000200 remainder=0x0xFFFF900000002240 rem_size=0x0x0000000000000DA0
[heap] KMALLOC ptr=0x0xFFFF900000002040 size=0x0x0000000000000200 ra0=0x0xFFFFFFFF80007B8C ra1=0x0xFFFFFFFF800072E4 ra2=0x0x0000000000000000
[heap] KFREE ptr=0x0xFFFF900000002040 size=0x0x0000000000000200 ra0=0x0xFFFFFFFF80007BA0
[MERGE CHECK]
current=0x0xFFFF900000002020
expected_next=0x0xFFFF900000002240
actual_next=0x0xFFFF900000002240
[heap] MERGE into=0x0xFFFF900000002020 absorb=0x0xFFFF900000002240 new_size=0x0x0000000000000FC0
[BEFORE SPLIT]
current=0x0xFFFF900000002020
current->size=0x0x0000000000000FC0
request=0x0x0000000000000200
header=0x0x0000000000000020
[AFTER SPLIT]
new_block=0x0xFFFF900000002240
new_block->size=0x0x0000000000000DA0
new_block->magic=0x0x00000000DEADC0DE
new_block->next=0x0xFFFF900000003000
[heap] SPLIT block=0x0xFFFF900000002020 alloc=0x0x0000000000000200 remainder=0x0xFFFF900000002240 rem_size=0x0x0000000000000DA0
[heap] KMALLOC ptr=0x0xFFFF900000002040 size=0x0x0000000000000200 ra0=0x0xFFFFFFFF80007BCA ra1=0x0xFFFFFFFF800072E4 ra2=0x0x0000000000000000
[heap] KFREE ptr=0x0xFFFF900000002040 size=0x0x0000000000000200 ra0=0x0xFFFFFFFF8000806C
[MERGE CHECK]
current=0x0xFFFF900000002020
expected_next=0x0xFFFF900000002240
actual_next=0x0xFFFF900000002240
[heap] MERGE into=0x0xFFFF900000002020 absorb=0x0xFFFF900000002240 new_size=0x0x0000000000000FC0
 -> [SUKSES DITULIS KE DISK]
Modul 6 | Ukuran: 22816 Bytes
 -> Raw string: [/calc.elf]
 -> Ekstrak Nama: [calc.elf]
[BEFORE SPLIT]
current=0x0xFFFF900000002020
current->size=0x0x0000000000000FC0
request=0x0x0000000000000200
header=0x0x0000000000000020
[AFTER SPLIT]
new_block=0x0xFFFF900000002240
new_block->size=0x0x0000000000000DA0
new_block->magic=0x0x00000000DEADC0DE
new_block->next=0x0xFFFF900000003000
[heap] SPLIT block=0x0xFFFF900000002020 alloc=0x0x0000000000000200 remainder=0x0xFFFF900000002240 rem_size=0x0x0000000000000DA0
[heap] KMALLOC ptr=0x0xFFFF900000002040 size=0x0x0000000000000200 ra0=0x0xFFFFFFFF80008457 ra1=0x0xFFFFFFFF800074C2 ra2=0x0x0000000000000000
[heap] KFREE ptr=0x0xFFFF900000002040 size=0x0x0000000000000200 ra0=0x0xFFFFFFFF800084D3
[MERGE CHECK]
current=0x0xFFFF900000002020
expected_next=0x0xFFFF900000002240
actual_next=0x0xFFFF900000002240
[heap] MERGE into=0x0xFFFF900000002020 absorb=0x0xFFFF900000002240 new_size=0x0x0000000000000FC0
[BEFORE SPLIT]
current=0x0xFFFF900000002020
current->size=0x0x0000000000000FC0
request=0x0x0000000000000200
header=0x0x0000000000000020
[AFTER SPLIT]
new_block=0x0xFFFF900000002240
new_block->size=0x0x0000000000000DA0
new_block->magic=0x0x00000000DEADC0DE
new_block->next=0x0xFFFF900000003000
[heap] SPLIT block=0x0xFFFF900000002020 alloc=0x0x0000000000000200 remainder=0x0xFFFF900000002240 rem_size=0x0x0000000000000DA0
[heap] KMALLOC ptr=0x0xFFFF900000002040 size=0x0x0000000000000200 ra0=0x0xFFFFFFFF800081EE ra1=0x0xFFFFFFFF800074D2 ra2=0x0x0000000000000000
[heap] KFREE ptr=0x0xFFFF900000002040 size=0x0x0000000000000200 ra0=0x0xFFFFFFFF800082C2
[MERGE CHECK]
current=0x0xFFFF900000002020
expected_next=0x0xFFFF900000002240
actual_next=0x0xFFFF900000002240
[heap] MERGE into=0x0xFFFF900000002020 absorb=0x0xFFFF900000002240 new_size=0x0x0000000000000FC0
[BEFORE SPLIT]
current=0x0xFFFF900000002020
current->size=0x0x0000000000000FC0
request=0x0x0000000000000200
header=0x0x0000000000000020
[AFTER SPLIT]
new_block=0x0xFFFF900000002240
new_block->size=0x0x0000000000000DA0
new_block->magic=0x0x00000000DEADC0DE
new_block->next=0x0xFFFF900000003000
[heap] SPLIT block=0x0xFFFF900000002020 alloc=0x0x0000000000000200 remainder=0x0xFFFF900000002240 rem_size=0x0x0000000000000DA0
[heap] KMALLOC ptr=0x0xFFFF900000002040 size=0x0x0000000000000200 ra0=0x0xFFFFFFFF8000832A ra1=0x0xFFFFFFFF800074D2 ra2=0x0x0000000000000000
[heap] KFREE ptr=0x0xFFFF900000002040 size=0x0x0000000000000200 ra0=0x0xFFFFFFFF80008382
[MERGE CHECK]
current=0x0xFFFF900000002020
expected_next=0x0xFFFF900000002240
actual_next=0x0xFFFF900000002240
[heap] MERGE into=0x0xFFFF900000002020 absorb=0x0xFFFF900000002240 new_size=0x0x0000000000000FC0
[OK] File dihapus!
[BEFORE SPLIT]
current=0x0xFFFF900000002020
current->size=0x0x0000000000000FC0
request=0x0x0000000000000200
header=0x0x0000000000000020
[AFTER SPLIT]
new_block=0x0xFFFF900000002240
new_block->size=0x0x0000000000000DA0
new_block->magic=0x0x00000000DEADC0DE
new_block->next=0x0xFFFF900000003000
[heap] SPLIT block=0x0xFFFF900000002020 alloc=0x0x0000000000000200 remainder=0x0xFFFF900000002240 rem_size=0x0x0000000000000DA0
[heap] KMALLOC ptr=0x0xFFFF900000002040 size=0x0x0000000000000200 ra0=0x0xFFFFFFFF80007B8C ra1=0x0xFFFFFFFF800072E4 ra2=0x0x0000000000000000
[heap] KFREE ptr=0x0xFFFF900000002040 size=0x0x0000000000000200 ra0=0x0xFFFFFFFF80007BA0
[MERGE CHECK]
current=0x0xFFFF900000002020
expected_next=0x0xFFFF900000002240
actual_next=0x0xFFFF900000002240
[heap] MERGE into=0x0xFFFF900000002020 absorb=0x0xFFFF900000002240 new_size=0x0x0000000000000FC0
[BEFORE SPLIT]
current=0x0xFFFF900000002020
current->size=0x0x0000000000000FC0
request=0x0x0000000000000200
header=0x0x0000000000000020
[AFTER SPLIT]
new_block=0x0xFFFF900000002240
new_block->size=0x0x0000000000000DA0
new_block->magic=0x0x00000000DEADC0DE
new_block->next=0x0xFFFF900000003000
[heap] SPLIT block=0x0xFFFF900000002020 alloc=0x0x0000000000000200 remainder=0x0xFFFF900000002240 rem_size=0x0x0000000000000DA0
[heap] KMALLOC ptr=0x0xFFFF900000002040 size=0x0x0000000000000200 ra0=0x0xFFFFFFFF80007BCA ra1=0x0xFFFFFFFF800072E4 ra2=0x0x0000000000000000
[heap] KFREE ptr=0x0xFFFF900000002040 size=0x0x0000000000000200 ra0=0x0xFFFFFFFF8000806C
[MERGE CHECK]
current=0x0xFFFF900000002020
expected_next=0x0xFFFF900000002240
actual_next=0x0xFFFF900000002240
[heap] MERGE into=0x0xFFFF900000002020 absorb=0x0xFFFF900000002240 new_size=0x0x0000000000000FC0
 -> [SUKSES DITULIS KE DISK]
Modul 7 | Ukuran: 17936 Bytes
 -> Raw string: [/taskmgr.elf]
 -> Ekstrak Nama: [taskmgr.elf]
[BEFORE SPLIT]
current=0x0xFFFF900000002020
current->size=0x0x0000000000000FC0
request=0x0x0000000000000200
header=0x0x0000000000000020
[AFTER SPLIT]
new_block=0x0xFFFF900000002240
new_block->size=0x0x0000000000000DA0
new_block->magic=0x0x00000000DEADC0DE
new_block->next=0x0xFFFF900000003000
[heap] SPLIT block=0x0xFFFF900000002020 alloc=0x0x0000000000000200 remainder=0x0xFFFF900000002240 rem_size=0x0x0000000000000DA0
[heap] KMALLOC ptr=0x0xFFFF900000002040 size=0x0x0000000000000200 ra0=0x0xFFFFFFFF80008457 ra1=0x0xFFFFFFFF800074C2 ra2=0x0x0000000000000000
[heap] KFREE ptr=0x0xFFFF900000002040 size=0x0x0000000000000200 ra0=0x0xFFFFFFFF800084D3
[MERGE CHECK]
current=0x0xFFFF900000002020
expected_next=0x0xFFFF900000002240
actual_next=0x0xFFFF900000002240
[heap] MERGE into=0x0xFFFF900000002020 absorb=0x0xFFFF900000002240 new_size=0x0x0000000000000FC0
[BEFORE SPLIT]
current=0x0xFFFF900000002020
current->size=0x0x0000000000000FC0
request=0x0x0000000000000200
header=0x0x0000000000000020
[AFTER SPLIT]
new_block=0x0xFFFF900000002240
new_block->size=0x0x0000000000000DA0
new_block->magic=0x0x00000000DEADC0DE
new_block->next=0x0xFFFF900000003000
[heap] SPLIT block=0x0xFFFF900000002020 alloc=0x0x0000000000000200 remainder=0x0xFFFF900000002240 rem_size=0x0x0000000000000DA0
[heap] KMALLOC ptr=0x0xFFFF900000002040 size=0x0x0000000000000200 ra0=0x0xFFFFFFFF800081EE ra1=0x0xFFFFFFFF800074D2 ra2=0x0x0000000000000000
[heap] KFREE ptr=0x0xFFFF900000002040 size=0x0x0000000000000200 ra0=0x0xFFFFFFFF800082C2
[MERGE CHECK]
current=0x0xFFFF900000002020
expected_next=0x0xFFFF900000002240
actual_next=0x0xFFFF900000002240
[heap] MERGE into=0x0xFFFF900000002020 absorb=0x0xFFFF900000002240 new_size=0x0x0000000000000FC0
[BEFORE SPLIT]
current=0x0xFFFF900000002020
current->size=0x0x0000000000000FC0
request=0x0x0000000000000200
header=0x0x0000000000000020
[AFTER SPLIT]
new_block=0x0xFFFF900000002240
new_block->size=0x0x0000000000000DA0
new_block->magic=0x0x00000000DEADC0DE
new_block->next=0x0xFFFF900000003000
[heap] SPLIT block=0x0xFFFF900000002020 alloc=0x0x0000000000000200 remainder=0x0xFFFF900000002240 rem_size=0x0x0000000000000DA0
[heap] KMALLOC ptr=0x0xFFFF900000002040 size=0x0x0000000000000200 ra0=0x0xFFFFFFFF8000832A ra1=0x0xFFFFFFFF800074D2 ra2=0x0x0000000000000000
[heap] KFREE ptr=0x0xFFFF900000002040 size=0x0x0000000000000200 ra0=0x0xFFFFFFFF80008382
[MERGE CHECK]
current=0x0xFFFF900000002020
expected_next=0x0xFFFF900000002240
actual_next=0x0xFFFF900000002240
[heap] MERGE into=0x0xFFFF900000002020 absorb=0x0xFFFF900000002240 new_size=0x0x0000000000000FC0
[OK] File dihapus!
[BEFORE SPLIT]
current=0x0xFFFF900000002020
current->size=0x0x0000000000000FC0
request=0x0x0000000000000200
header=0x0x0000000000000020
[AFTER SPLIT]
new_block=0x0xFFFF900000002240
new_block->size=0x0x0000000000000DA0
new_block->magic=0x0x00000000DEADC0DE
new_block->next=0x0xFFFF900000003000
[heap] SPLIT block=0x0xFFFF900000002020 alloc=0x0x0000000000000200 remainder=0x0xFFFF900000002240 rem_size=0x0x0000000000000DA0
[heap] KMALLOC ptr=0x0xFFFF900000002040 size=0x0x0000000000000200 ra0=0x0xFFFFFFFF80007B8C ra1=0x0xFFFFFFFF800072E4 ra2=0x0x0000000000000000
[heap] KFREE ptr=0x0xFFFF900000002040 size=0x0x0000000000000200 ra0=0x0xFFFFFFFF80007BA0
[MERGE CHECK]
current=0x0xFFFF900000002020
expected_next=0x0xFFFF900000002240
actual_next=0x0xFFFF900000002240
[heap] MERGE into=0x0xFFFF900000002020 absorb=0x0xFFFF900000002240 new_size=0x0x0000000000000FC0
[BEFORE SPLIT]
current=0x0xFFFF900000002020
current->size=0x0x0000000000000FC0
request=0x0x0000000000000200
header=0x0x0000000000000020
[AFTER SPLIT]
new_block=0x0xFFFF900000002240
new_block->size=0x0x0000000000000DA0
new_block->magic=0x0x00000000DEADC0DE
new_block->next=0x0xFFFF900000003000
[heap] SPLIT block=0x0xFFFF900000002020 alloc=0x0x0000000000000200 remainder=0x0xFFFF900000002240 rem_size=0x0x0000000000000DA0
[heap] KMALLOC ptr=0x0xFFFF900000002040 size=0x0x0000000000000200 ra0=0x0xFFFFFFFF80007BCA ra1=0x0xFFFFFFFF800072E4 ra2=0x0x0000000000000000
[heap] KFREE ptr=0x0xFFFF900000002040 size=0x0x0000000000000200 ra0=0x0xFFFFFFFF8000806C
[MERGE CHECK]
current=0x0xFFFF900000002020
expected_next=0x0xFFFF900000002240
actual_next=0x0xFFFF900000002240
[heap] MERGE into=0x0xFFFF900000002020 absorb=0x0xFFFF900000002240 new_size=0x0x0000000000000FC0
 -> [SUKSES DITULIS KE DISK]
Modul 8 | Ukuran: 18200 Bytes
 -> Raw string: [/notepad.elf]
 -> Ekstrak Nama: [notepad.elf]
[BEFORE SPLIT]
current=0x0xFFFF900000002020
current->size=0x0x0000000000000FC0
request=0x0x0000000000000200
header=0x0x0000000000000020
[AFTER SPLIT]
new_block=0x0xFFFF900000002240
new_block->size=0x0x0000000000000DA0
new_block->magic=0x0x00000000DEADC0DE
new_block->next=0x0xFFFF900000003000
[heap] SPLIT block=0x0xFFFF900000002020 alloc=0x0x0000000000000200 remainder=0x0xFFFF900000002240 rem_size=0x0x0000000000000DA0
[heap] KMALLOC ptr=0x0xFFFF900000002040 size=0x0x0000000000000200 ra0=0x0xFFFFFFFF80008457 ra1=0x0xFFFFFFFF800074C2 ra2=0x0x0000000000000000
[heap] KFREE ptr=0x0xFFFF900000002040 size=0x0x0000000000000200 ra0=0x0xFFFFFFFF800084D3
[MERGE CHECK]
current=0x0xFFFF900000002020
expected_next=0x0xFFFF900000002240
actual_next=0x0xFFFF900000002240
[heap] MERGE into=0x0xFFFF900000002020 absorb=0x0xFFFF900000002240 new_size=0x0x0000000000000FC0
[BEFORE SPLIT]
current=0x0xFFFF900000002020
current->size=0x0x0000000000000FC0
request=0x0x0000000000000200
header=0x0x0000000000000020
[AFTER SPLIT]
new_block=0x0xFFFF900000002240
new_block->size=0x0x0000000000000DA0
new_block->magic=0x0x00000000DEADC0DE
new_block->next=0x0xFFFF900000003000
[heap] SPLIT block=0x0xFFFF900000002020 alloc=0x0x0000000000000200 remainder=0x0xFFFF900000002240 rem_size=0x0x0000000000000DA0
[heap] KMALLOC ptr=0x0xFFFF900000002040 size=0x0x0000000000000200 ra0=0x0xFFFFFFFF800081EE ra1=0x0xFFFFFFFF800074D2 ra2=0x0x0000000000000000
[heap] KFREE ptr=0x0xFFFF900000002040 size=0x0x0000000000000200 ra0=0x0xFFFFFFFF800082C2
[MERGE CHECK]
current=0x0xFFFF900000002020
expected_next=0x0xFFFF900000002240
actual_next=0x0xFFFF900000002240
[heap] MERGE into=0x0xFFFF900000002020 absorb=0x0xFFFF900000002240 new_size=0x0x0000000000000FC0
[BEFORE SPLIT]
current=0x0xFFFF900000002020
current->size=0x0x0000000000000FC0
request=0x0x0000000000000200
header=0x0x0000000000000020
[AFTER SPLIT]
new_block=0x0xFFFF900000002240
new_block->size=0x0x0000000000000DA0
new_block->magic=0x0x00000000DEADC0DE
new_block->next=0x0xFFFF900000003000
[heap] SPLIT block=0x0xFFFF900000002020 alloc=0x0x0000000000000200 remainder=0x0xFFFF900000002240 rem_size=0x0x0000000000000DA0
[heap] KMALLOC ptr=0x0xFFFF900000002040 size=0x0x0000000000000200 ra0=0x0xFFFFFFFF8000832A ra1=0x0xFFFFFFFF800074D2 ra2=0x0x0000000000000000
[heap] KFREE ptr=0x0xFFFF900000002040 size=0x0x0000000000000200 ra0=0x0xFFFFFFFF80008382
[MERGE CHECK]
current=0x0xFFFF900000002020
expected_next=0x0xFFFF900000002240
actual_next=0x0xFFFF900000002240
[heap] MERGE into=0x0xFFFF900000002020 absorb=0x0xFFFF900000002240 new_size=0x0x0000000000000FC0
[OK] File dihapus!
[BEFORE SPLIT]
current=0x0xFFFF900000002020
current->size=0x0x0000000000000FC0
request=0x0x0000000000000200
header=0x0x0000000000000020
[AFTER SPLIT]
new_block=0x0xFFFF900000002240
new_block->size=0x0x0000000000000DA0
new_block->magic=0x0x00000000DEADC0DE
new_block->next=0x0xFFFF900000003000
[heap] SPLIT block=0x0xFFFF900000002020 alloc=0x0x0000000000000200 remainder=0x0xFFFF900000002240 rem_size=0x0x0000000000000DA0
[heap] KMALLOC ptr=0x0xFFFF900000002040 size=0x0x0000000000000200 ra0=0x0xFFFFFFFF80007B8C ra1=0x0xFFFFFFFF800072E4 ra2=0x0x0000000000000000
[heap] KFREE ptr=0x0xFFFF900000002040 size=0x0x0000000000000200 ra0=0x0xFFFFFFFF80007BA0
[MERGE CHECK]
current=0x0xFFFF900000002020
expected_next=0x0xFFFF900000002240
actual_next=0x0xFFFF900000002240
[heap] MERGE into=0x0xFFFF900000002020 absorb=0x0xFFFF900000002240 new_size=0x0x0000000000000FC0
[BEFORE SPLIT]
current=0x0xFFFF900000002020
current->size=0x0x0000000000000FC0
request=0x0x0000000000000200
header=0x0x0000000000000020
[AFTER SPLIT]
new_block=0x0xFFFF900000002240
new_block->size=0x0x0000000000000DA0
new_block->magic=0x0x00000000DEADC0DE
new_block->next=0x0xFFFF900000003000
[heap] SPLIT block=0x0xFFFF900000002020 alloc=0x0x0000000000000200 remainder=0x0xFFFF900000002240 rem_size=0x0x0000000000000DA0
[heap] KMALLOC ptr=0x0xFFFF900000002040 size=0x0x0000000000000200 ra0=0x0xFFFFFFFF80007BCA ra1=0x0xFFFFFFFF800072E4 ra2=0x0x0000000000000000
[heap] KFREE ptr=0x0xFFFF900000002040 size=0x0x0000000000000200 ra0=0x0xFFFFFFFF8000806C
[MERGE CHECK]
current=0x0xFFFF900000002020
expected_next=0x0xFFFF900000002240
actual_next=0x0xFFFF900000002240
[heap] MERGE into=0x0xFFFF900000002020 absorb=0x0xFFFF900000002240 new_size=0x0x0000000000000FC0
 -> [SUKSES DITULIS KE DISK]
--------------------------

[net] Initializing network stack...
[net] lwIP initialized
[e1000] Initializing Intel 82540EM driver...
[e1000] Found at PCI 0:3.0 device=0x4110
[e1000] MMIO @ phys=0x4273733632 virt=0xÿ8446603340494929920
[e1000] MAC: 52:54:00:12:34:56
[e1000] TX ring initialized
[e1000] RX ring initialized
[e1000] Initialization complete!
[kyuzen_netif] Hardware initialized, interface 'kz' ready
[net] Network interface 'kz' registered and up
[net] DHCP started â€” waiting for IP assignment...
[e1000] RX pkt len=590
[e1000] RX pkt len=590
[net] DHCP complete!
[net] DNS configured: 8.8.8.8 (primary), 1.1.1.1 (secondary)
[net] === Network Configuration ===
[net] IP   : 10.0.2.15
[net] Mask : 255.255.255.0
[net] GW   : 10.0.2.2
[net] MAC  : 52:54:00:12:34:56
[net] ================================

[BEFORE SPLIT]
current=0x0xFFFF900000002020
current->size=0x0x0000000000000FC0
request=0x0x0000000000000200
header=0x0x0000000000000020
[AFTER SPLIT]
new_block=0x0xFFFF900000002240
new_block->size=0x0x0000000000000DA0
new_block->magic=0x0x00000000DEADC0DE
new_block->next=0x0xFFFF900000003000
[heap] SPLIT block=0x0xFFFF900000002020 alloc=0x0x0000000000000200 remainder=0x0xFFFF900000002240 rem_size=0x0x0000000000000DA0
[heap] KMALLOC ptr=0x0xFFFF900000002040 size=0x0x0000000000000200 ra0=0x0xFFFFFFFF80008457 ra1=0x0xFFFFFFFF80014D8D ra2=0x0xFFFFFFFF80007284
[heap] KFREE ptr=0x0xFFFF900000002040 size=0x0x0000000000000200 ra0=0x0xFFFFFFFF800084D3
[MERGE CHECK]
current=0x0xFFFF900000002020
expected_next=0x0xFFFF900000002240
actual_next=0x0xFFFF900000002240
[heap] MERGE into=0x0xFFFF900000002020 absorb=0x0xFFFF900000002240 new_size=0x0x0000000000000FC0
[BEFORE SPLIT]
current=0x0xFFFF900000002020
current->size=0x0x0000000000000FC0
request=0x0x0000000000000200
header=0x0x0000000000000020
[AFTER SPLIT]
new_block=0x0xFFFF900000002240
new_block->size=0x0x0000000000000DA0
new_block->magic=0x0x00000000DEADC0DE
new_block->next=0x0xFFFF900000003000
[heap] SPLIT block=0x0xFFFF900000002020 alloc=0x0x0000000000000200 remainder=0x0xFFFF900000002240 rem_size=0x0x0000000000000DA0
[heap] KMALLOC ptr=0x0xFFFF900000002040 size=0x0x0000000000000200 ra0=0x0xFFFFFFFF80008457 ra1=0x0xFFFFFFFF80014939 ra2=0x0xFFFFFFFF80014DD9
[heap] KFREE ptr=0x0xFFFF900000002040 size=0x0x0000000000000200 ra0=0x0xFFFFFFFF800084D3
[MERGE CHECK]
current=0x0xFFFF900000002020
expected_next=0x0xFFFF900000002240
actual_next=0x0xFFFF900000002240
[heap] MERGE into=0x0xFFFF900000002020 absorb=0x0xFFFF900000002240 new_size=0x0x0000000000000FC0
[BEFORE SPLIT]
current=0x0xFFFF900000002020
current->size=0x0x0000000000000FC0
request=0x0x0000000000000200
header=0x0x0000000000000020
[AFTER SPLIT]
new_block=0x0xFFFF900000002240
new_block->size=0x0x0000000000000DA0
new_block->magic=0x0x00000000DEADC0DE
new_block->next=0x0xFFFF900000003000
[heap] SPLIT block=0x0xFFFF900000002020 alloc=0x0x0000000000000200 remainder=0x0xFFFF900000002240 rem_size=0x0x0000000000000DA0
[heap] KMALLOC ptr=0x0xFFFF900000002040 size=0x0x0000000000000200 ra0=0x0xFFFFFFFF80008560 ra1=0x0xFFFFFFFF80014951 ra2=0x0xFFFFFFFF80014DD9
[heap] KFREE ptr=0x0xFFFF900000002040 size=0x0x0000000000000200 ra0=0x0xFFFFFFFF800085F2
[MERGE CHECK]
current=0x0xFFFF900000002020
expected_next=0x0xFFFF900000002240
actual_next=0x0xFFFF900000002240
[heap] MERGE into=0x0xFFFF900000002020 absorb=0x0xFFFF900000002240 new_size=0x0x0000000000000FC0
[BEFORE SPLIT]
current=0x0xFFFF900000002020
current->size=0x0x0000000000000FC0
request=0x0x0000000000000200
header=0x0x0000000000000020
[AFTER SPLIT]
new_block=0x0xFFFF900000002240
new_block->size=0x0x0000000000000DA0
new_block->magic=0x0x00000000DEADC0DE
new_block->next=0x0xFFFF900000003000
[heap] SPLIT block=0x0xFFFF900000002020 alloc=0x0x0000000000000200 remainder=0x0xFFFF900000002240 rem_size=0x0x0000000000000DA0
[heap] KMALLOC ptr=0x0xFFFF900000002040 size=0x0x0000000000000200 ra0=0x0xFFFFFFFF8000868D ra1=0x0xFFFFFFFF8001496C ra2=0x0xFFFFFFFF80014DD9
[heap] KFREE ptr=0x0xFFFF900000002040 size=0x0x0000000000000200 ra0=0x0xFFFFFFFF80008737
[MERGE CHECK]
current=0x0xFFFF900000002020
expected_next=0x0xFFFF900000002240
actual_next=0x0xFFFF900000002240
[heap] MERGE into=0x0xFFFF900000002020 absorb=0x0xFFFF900000002240 new_size=0x0x0000000000000FC0
[BEFORE SPLIT]
current=0x0xFFFF900000002020
current->size=0x0x0000000000000FC0
request=0x0x0000000000000200
header=0x0x0000000000000020
[AFTER SPLIT]
new_block=0x0xFFFF900000002240
new_block->size=0x0x0000000000000DA0
new_block->magic=0x0x00000000DEADC0DE
new_block->next=0x0xFFFF900000003000
[heap] SPLIT block=0x0xFFFF900000002020 alloc=0x0x0000000000000200 remainder=0x0xFFFF900000002240 rem_size=0x0x0000000000000DA0
[heap] KMALLOC ptr=0x0xFFFF900000002040 size=0x0x0000000000000200 ra0=0x0xFFFFFFFF80008765 ra1=0x0xFFFFFFFF8001496C ra2=0x0xFFFFFFFF80014DD9
[heap] KFREE ptr=0x0xFFFF900000002040 size=0x0x0000000000000200 ra0=0x0xFFFFFFFF800087D4
[MERGE CHECK]
current=0x0xFFFF900000002020
expected_next=0x0xFFFF900000002240
actual_next=0x0xFFFF900000002240
[heap] MERGE into=0x0xFFFF900000002020 absorb=0x0xFFFF900000002240 new_size=0x0x0000000000000FC0
[BEFORE SPLIT]
current=0x0xFFFF900000002020
current->size=0x0x0000000000000FC0
request=0x0x0000000000000200
header=0x0x0000000000000020
[AFTER SPLIT]
new_block=0x0xFFFF900000002240
new_block->size=0x0x0000000000000DA0
new_block->magic=0x0x00000000DEADC0DE
new_block->next=0x0xFFFF900000003000
[heap] SPLIT block=0x0xFFFF900000002020 alloc=0x0x0000000000000200 remainder=0x0xFFFF900000002240 rem_size=0x0x0000000000000DA0
[heap] KMALLOC ptr=0x0xFFFF900000002040 size=0x0x0000000000000200 ra0=0x0xFFFFFFFF80008560 ra1=0x0xFFFFFFFF80002DCF ra2=0x0xFFFFFFFF80015B71
[heap] KFREE ptr=0x0xFFFF900000002040 size=0x0x0000000000000200 ra0=0x0xFFFFFFFF800085F2
[MERGE CHECK]
current=0x0xFFFF900000002020
expected_next=0x0xFFFF900000002240
actual_next=0x0xFFFF900000002240
[heap] MERGE into=0x0xFFFF900000002020 absorb=0x0xFFFF900000002240 new_size=0x0x0000000000000FC0
[VMM] kmap va=0xFFFF9000000F9000 pa=0x0000000004A1E000
[VMM] kmap va=0xFFFF9000000FA000 pa=0x0000000004A1F000
[VMM] kmap va=0xFFFF9000000FB000 pa=0x0000000004A20000
[VMM] kmap va=0xFFFF9000000FC000 pa=0x0000000004A21000
[VMM] kmap va=0xFFFF9000000FD000 pa=0x0000000004A22000
[BEFORE SPLIT]
current=0x0xFFFF9000000F9000
current->size=0x0x0000000000004FE0
request=0x0x0000000000004690
header=0x0x0000000000000020
[AFTER SPLIT]
new_block=0x0xFFFF9000000FD6B0
new_block->size=0x0x0000000000000930
new_block->magic=0x0x00000000DEADC0DE
new_block->next=0x0x0000000000000000
[heap] SPLIT block=0x0xFFFF9000000F9000 alloc=0x0x0000000000004690 remainder=0x0xFFFF9000000FD6B0 rem_size=0x0x0000000000000930
[heap] KMALLOC ptr=0x0xFFFF9000000F9020 size=0x0x0000000000004690 ra0=0x0xFFFFFFFF80002DDD ra1=0x0xFFFFFFFF80015B71 ra2=0x0xFFFFFFFF80014DFF
[BEFORE SPLIT]
current=0x0xFFFF900000002020
current->size=0x0x0000000000000FC0
request=0x0x0000000000000200
header=0x0x0000000000000020
[AFTER SPLIT]
new_block=0x0xFFFF900000002240
new_block->size=0x0x0000000000000DA0
new_block->magic=0x0x00000000DEADC0DE
new_block->next=0x0xFFFF900000003000
[heap] SPLIT block=0x0xFFFF900000002020 alloc=0x0x0000000000000200 remainder=0x0xFFFF900000002240 rem_size=0x0x0000000000000DA0
[heap] KMALLOC ptr=0x0xFFFF900000002040 size=0x0x0000000000000200 ra0=0x0xFFFFFFFF8000868D ra1=0x0xFFFFFFFF80002DF3 ra2=0x0xFFFFFFFF80015B71
[heap] KFREE ptr=0x0xFFFF900000002040 size=0x0x0000000000000200 ra0=0x0xFFFFFFFF80008737
[MERGE CHECK]
current=0x0xFFFF900000002020
expected_next=0x0xFFFF900000002240
actual_next=0x0xFFFF900000002240
[heap] MERGE into=0x0xFFFF900000002020 absorb=0x0xFFFF900000002240 new_size=0x0x0000000000000FC0
[BEFORE SPLIT]
current=0x0xFFFF900000002020
current->size=0x0x0000000000000FC0
request=0x0x0000000000000200
header=0x0x0000000000000020
[AFTER SPLIT]
new_block=0x0xFFFF900000002240
new_block->size=0x0x0000000000000DA0
new_block->magic=0x0x00000000DEADC0DE
new_block->next=0x0xFFFF900000003000
[heap] SPLIT block=0x0xFFFF900000002020 alloc=0x0x0000000000000200 remainder=0x0xFFFF900000002240 rem_size=0x0x0000000000000DA0
[heap] KMALLOC ptr=0x0xFFFF900000002040 size=0x0x0000000000000200 ra0=0x0xFFFFFFFF80008765 ra1=0x0xFFFFFFFF80002DF3 ra2=0x0xFFFFFFFF80015B71
[heap] KFREE ptr=0x0xFFFF900000002040 size=0x0x0000000000000200 ra0=0x0xFFFFFFFF800087D4
[MERGE CHECK]
current=0x0xFFFF900000002020
expected_next=0x0xFFFF900000002240
actual_next=0x0xFFFF900000002240
[heap] MERGE into=0x0xFFFF900000002020 absorb=0x0xFFFF900000002240 new_size=0x0x0000000000000FC0
[heap] KFREE ptr=0x0xFFFF9000000F9020 size=0x0x0000000000004690 ra0=0x0xFFFFFFFF80003012
[MERGE CHECK]
current=0x0xFFFF9000000F8020
expected_next=0x0xFFFF9000000F9000
actual_next=0x0xFFFF9000000F9000
[heap] MERGE into=0x0xFFFF9000000F8020 absorb=0x0xFFFF9000000F9000 new_size=0x0x0000000000005670
[MERGE CHECK]
current=0x0xFFFF9000000F8020
expected_next=0x0xFFFF9000000FD6B0
actual_next=0x0xFFFF9000000FD6B0
[heap] MERGE into=0x0xFFFF9000000F8020 absorb=0x0xFFFF9000000FD6B0 new_size=0x0x0000000000005FC0
[BEFORE SPLIT]
current=0x0xFFFF900000002020
current->size=0x0x0000000000000FC0
request=0x0x0000000000000080
header=0x0x0000000000000020
[AFTER SPLIT]
new_block=0x0xFFFF9000000020C0
new_block->size=0x0x0000000000000F20
new_block->magic=0x0x00000000DEADC0DE
new_block->next=0x0xFFFF900000003000
[heap] SPLIT block=0x0xFFFF900000002020 alloc=0x0x0000000000000080 remainder=0x0xFFFF9000000020C0 rem_size=0x0x0000000000000F20
[heap] KMALLOC ptr=0x0xFFFF900000002040 size=0x0x0000000000000080 ra0=0x0xFFFFFFFF80011074 ra1=0x0xFFFFFFFF800164D6 ra2=0x0x0000000004000EF1
[VMM] kmap va=0xFFFF9000000FE000 pa=0x0000000004A23000
[VMM] kmap va=0xFFFF9000000FF000 pa=0x0000000004A24000
[VMM] kmap va=0xFFFF900000100000 pa=0x0000000004A25000
[VMM] kmap va=0xFFFF900000101000 pa=0x0000000004A26000
[VMM] kmap va=0xFFFF900000102000 pa=0x0000000004A27000
[VMM] kmap va=0xFFFF900000103000 pa=0x0000000004A28000
[VMM] kmap va=0xFFFF900000104000 pa=0x0000000004A29000
[VMM] kmap va=0xFFFF900000105000 pa=0x0000000004A2A000
[VMM] kmap va=0xFFFF900000106000 pa=0x0000000004A2B000
[VMM] kmap va=0xFFFF900000107000 pa=0x0000000004A2C000
[VMM] kmap va=0xFFFF900000108000 pa=0x0000000004A2D000
[VMM] kmap va=0xFFFF900000109000 pa=0x0000000004A2E000
[VMM] kmap va=0xFFFF90000010A000 pa=0x0000000004A2F000
[VMM] kmap va=0xFFFF90000010B000 pa=0x0000000004A30000
[VMM] kmap va=0xFFFF90000010C000 pa=0x0000000004A31000
[VMM] kmap va=0xFFFF90000010D000 pa=0x0000000004A32000
[VMM] kmap va=0xFFFF90000010E000 pa=0x0000000004A33000
[VMM] kmap va=0xFFFF90000010F000 pa=0x0000000004A34000
[VMM] kmap va=0xFFFF900000110000 pa=0x0000000004A35000
[VMM] kmap va=0xFFFF900000111000 pa=0x0000000004A36000
[VMM] kmap va=0xFFFF900000112000 pa=0x0000000004A37000
[VMM] kmap va=0xFFFF900000113000 pa=0x0000000004A38000
[VMM] kmap va=0xFFFF900000114000 pa=0x0000000004A39000
[VMM] kmap va=0xFFFF900000115000 pa=0x0000000004A3A000
[VMM] kmap va=0xFFFF900000116000 pa=0x0000000004A3B000
[VMM] kmap va=0xFFFF900000117000 pa=0x0000000004A3C000
[VMM] kmap va=0xFFFF900000118000 pa=0x0000000004A3D000
[VMM] kmap va=0xFFFF900000119000 pa=0x0000000004A3E000
[VMM] kmap va=0xFFFF90000011A000 pa=0x0000000004A3F000
[VMM] kmap va=0xFFFF90000011B000 pa=0x0000000004A40000
[VMM] kmap va=0xFFFF90000011C000 pa=0x0000000004A41000
[VMM] kmap va=0xFFFF90000011D000 pa=0x0000000004A42000
[VMM] kmap va=0xFFFF90000011E000 pa=0x0000000004A43000
[VMM] kmap va=0xFFFF90000011F000 pa=0x0000000004A44000
[VMM] kmap va=0xFFFF900000120000 pa=0x0000000004A45000
[VMM] kmap va=0xFFFF900000121000 pa=0x0000000004A46000
[VMM] kmap va=0xFFFF900000122000 pa=0x0000000004A47000
[VMM] kmap va=0xFFFF900000123000 pa=0x0000000004A48000
[VMM] kmap va=0xFFFF900000124000 pa=0x0000000004A49000
[VMM] kmap va=0xFFFF900000125000 pa=0x0000000004A4A000
[VMM] kmap va=0xFFFF900000126000 pa=0x0000000004A4B000
[VMM] kmap va=0xFFFF900000127000 pa=0x0000000004A4C000
[VMM] kmap va=0xFFFF900000128000 pa=0x0000000004A4D000
[VMM] kmap va=0xFFFF900000129000 pa=0x0000000004A4E000
[VMM] kmap va=0xFFFF90000012A000 pa=0x0000000004A4F000
[VMM] kmap va=0xFFFF90000012B000 pa=0x0000000004A50000
[VMM] kmap va=0xFFFF90000012C000 pa=0x0000000004A51000
[VMM] kmap va=0xFFFF90000012D000 pa=0x0000000004A52000
[VMM] kmap va=0xFFFF90000012E000 pa=0x0000000004A53000
[VMM] kmap va=0xFFFF90000012F000 pa=0x0000000004A54000
[VMM] kmap va=0xFFFF900000130000 pa=0x0000000004A55000
[VMM] kmap va=0xFFFF900000131000 pa=0x0000000004A56000
[VMM] kmap va=0xFFFF900000132000 pa=0x0000000004A57000
[VMM] kmap va=0xFFFF900000133000 pa=0x0000000004A58000
[VMM] kmap va=0xFFFF900000134000 pa=0x0000000004A59000
[VMM] kmap va=0xFFFF900000135000 pa=0x0000000004A5A000
[VMM] kmap va=0xFFFF900000136000 pa=0x0000000004A5B000
[VMM] kmap va=0xFFFF900000137000 pa=0x0000000004A5C000
[VMM] kmap va=0xFFFF900000138000 pa=0x0000000004A5D000
[VMM] kmap va=0xFFFF900000139000 pa=0x0000000004A5E000
[VMM] kmap va=0xFFFF90000013A000 pa=0x0000000004A5F000
[VMM] kmap va=0xFFFF90000013B000 pa=0x0000000004A60000
[VMM] kmap va=0xFFFF90000013C000 pa=0x0000000004A61000
[VMM] kmap va=0xFFFF90000013D000 pa=0x0000000004A62000
[VMM] kmap va=0xFFFF90000013E000 pa=0x0000000004A63000
[VMM] kmap va=0xFFFF90000013F000 pa=0x0000000004A64000
[VMM] kmap va=0xFFFF900000140000 pa=0x0000000004A65000
[VMM] kmap va=0xFFFF900000141000 pa=0x0000000004A66000
[VMM] kmap va=0xFFFF900000142000 pa=0x0000000004A67000
[VMM] kmap va=0xFFFF900000143000 pa=0x0000000004A68000
[VMM] kmap va=0xFFFF900000144000 pa=0x0000000004A69000
[VMM] kmap va=0xFFFF900000145000 pa=0x0000000004A6A000
[VMM] kmap va=0xFFFF900000146000 pa=0x0000000004A6B000
[VMM] kmap va=0xFFFF900000147000 pa=0x0000000004A6C000
[VMM] kmap va=0xFFFF900000148000 pa=0x0000000004A6D000
[VMM] kmap va=0xFFFF900000149000 pa=0x0000000004A6E000
[VMM] kmap va=0xFFFF90000014A000 pa=0x0000000004A6F000
[VMM] kmap va=0xFFFF90000014B000 pa=0x0000000004A70000
[VMM] kmap va=0xFFFF90000014C000 pa=0x0000000004A71000
[VMM] kmap va=0xFFFF90000014D000 pa=0x0000000004A72000
[VMM] kmap va=0xFFFF90000014E000 pa=0x0000000004A73000
[VMM] kmap va=0xFFFF90000014F000 pa=0x0000000004A74000
[VMM] kmap va=0xFFFF900000150000 pa=0x0000000004A75000
[VMM] kmap va=0xFFFF900000151000 pa=0x0000000004A76000
[VMM] kmap va=0xFFFF900000152000 pa=0x0000000004A77000
[VMM] kmap va=0xFFFF900000153000 pa=0x0000000004A78000
[VMM] kmap va=0xFFFF900000154000 pa=0x0000000004A79000
[VMM] kmap va=0xFFFF900000155000 pa=0x0000000004A7A000
[VMM] kmap va=0xFFFF900000156000 pa=0x0000000004A7B000
[VMM] kmap va=0xFFFF900000157000 pa=0x0000000004A7C000
[VMM] kmap va=0xFFFF900000158000 pa=0x0000000004A7D000
[VMM] kmap va=0xFFFF900000159000 pa=0x0000000004A7E000
[VMM] kmap va=0xFFFF90000015A000 pa=0x0000000004A7F000
[VMM] kmap va=0xFFFF90000015B000 pa=0x0000000004A80000
[VMM] kmap va=0xFFFF90000015C000 pa=0x0000000004A81000
[VMM] kmap va=0xFFFF90000015D000 pa=0x0000000004A82000
[VMM] kmap va=0xFFFF90000015E000 pa=0x0000000004A83000
[VMM] kmap va=0xFFFF90000015F000 pa=0x0000000004A84000
[VMM] kmap va=0xFFFF900000160000 pa=0x0000000004A85000
[VMM] kmap va=0xFFFF900000161000 pa=0x0000000004A86000
[VMM] kmap va=0xFFFF900000162000 pa=0x0000000004A87000
[VMM] kmap va=0xFFFF900000163000 pa=0x0000000004A88000
[VMM] kmap va=0xFFFF900000164000 pa=0x0000000004A89000
[VMM] kmap va=0xFFFF900000165000 pa=0x0000000004A8A000
[VMM] kmap va=0xFFFF900000166000 pa=0x0000000004A8B000
[VMM] kmap va=0xFFFF900000167000 pa=0x0000000004A8C000
[VMM] kmap va=0xFFFF900000168000 pa=0x0000000004A8D000
[VMM] kmap va=0xFFFF900000169000 pa=0x0000000004A8E000
[VMM] kmap va=0xFFFF90000016A000 pa=0x0000000004A8F000
[VMM] kmap va=0xFFFF90000016B000 pa=0x0000000004A90000
[VMM] kmap va=0xFFFF90000016C000 pa=0x0000000004A91000
[VMM] kmap va=0xFFFF90000016D000 pa=0x0000000004A92000
[VMM] kmap va=0xFFFF90000016E000 pa=0x0000000004A93000
[VMM] kmap va=0xFFFF90000016F000 pa=0x0000000004A94000
[VMM] kmap va=0xFFFF900000170000 pa=0x0000000004A95000
[VMM] kmap va=0xFFFF900000171000 pa=0x0000000004A96000
[VMM] kmap va=0xFFFF900000172000 pa=0x0000000004A97000
[VMM] kmap va=0xFFFF900000173000 pa=0x0000000004A98000
[VMM] kmap va=0xFFFF900000174000 pa=0x0000000004A99000
[VMM] kmap va=0xFFFF900000175000 pa=0x0000000004A9A000
[VMM] kmap va=0xFFFF900000176000 pa=0x0000000004A9B000
[VMM] kmap va=0xFFFF900000177000 pa=0x0000000004A9C000
[VMM] kmap va=0xFFFF900000178000 pa=0x0000000004A9D000
[VMM] kmap va=0xFFFF900000179000 pa=0x0000000004A9E000
[VMM] kmap va=0xFFFF90000017A000 pa=0x0000000004A9F000
[VMM] kmap va=0xFFFF90000017B000 pa=0x0000000004AA0000
[BEFORE SPLIT]
current=0x0xFFFF9000000FE000
current->size=0x0x000000000007DFE0
request=0x0x000000000007D000
header=0x0x0000000000000020
[AFTER SPLIT]
new_block=0x0xFFFF90000017B020
new_block->size=0x0x0000000000000FC0
new_block->magic=0x0x00000000DEADC0DE
new_block->next=0x0x0000000000000000
[heap] SPLIT block=0x0xFFFF9000000FE000 alloc=0x0x000000000007D000 remainder=0x0xFFFF90000017B020 rem_size=0x0x0000000000000FC0
[heap] KMALLOC ptr=0x0xFFFF9000000FE020 size=0x0x000000000007D000 ra0=0x0xFFFFFFFF80011074 ra1=0x0xFFFFFFFF800164D6 ra2=0x0x0000000004000F0C
[VMM] kmap va=0xFFFF90000017C000 pa=0x0000000004AA1000
[VMM] kmap va=0xFFFF90000017D000 pa=0x0000000004AA2000
[VMM] kmap va=0xFFFF90000017E000 pa=0x0000000004AA3000
[VMM] kmap va=0xFFFF90000017F000 pa=0x0000000004AA4000
[VMM] kmap va=0xFFFF900000180000 pa=0x0000000004AA5000
[VMM] kmap va=0xFFFF900000181000 pa=0x0000000004AA6000
[VMM] kmap va=0xFFFF900000182000 pa=0x0000000004AA7000
[VMM] kmap va=0xFFFF900000183000 pa=0x0000000004AA8000
[VMM] kmap va=0xFFFF900000184000 pa=0x0000000004AA9000
[VMM] kmap va=0xFFFF900000185000 pa=0x0000000004AAA000
[VMM] kmap va=0xFFFF900000186000 pa=0x0000000004AAB000
[VMM] kmap va=0xFFFF900000187000 pa=0x0000000004AAC000
[VMM] kmap va=0xFFFF900000188000 pa=0x0000000004AAD000
[VMM] kmap va=0xFFFF900000189000 pa=0x0000000004AAE000
[VMM] kmap va=0xFFFF90000018A000 pa=0x0000000004AAF000
[VMM] kmap va=0xFFFF90000018B000 pa=0x0000000004AB0000
[VMM] kmap va=0xFFFF90000018C000 pa=0x0000000004AB1000
[VMM] kmap va=0xFFFF90000018D000 pa=0x0000000004AB2000
[VMM] kmap va=0xFFFF90000018E000 pa=0x0000000004AB3000
[VMM] kmap va=0xFFFF90000018F000 pa=0x0000000004AB4000
[VMM] kmap va=0xFFFF900000190000 pa=0x0000000004AB5000
[VMM] kmap va=0xFFFF900000191000 pa=0x0000000004AB6000
[VMM] kmap va=0xFFFF900000192000 pa=0x0000000004AB7000
[VMM] kmap va=0xFFFF900000193000 pa=0x0000000004AB8000
[VMM] kmap va=0xFFFF900000194000 pa=0x0000000004AB9000
[VMM] kmap va=0xFFFF900000195000 pa=0x0000000004ABA000
[VMM] kmap va=0xFFFF900000196000 pa=0x0000000004ABB000
[VMM] kmap va=0xFFFF900000197000 pa=0x0000000004ABC000
[VMM] kmap va=0xFFFF900000198000 pa=0x0000000004ABD000
[VMM] kmap va=0xFFFF900000199000 pa=0x0000000004ABE000
[VMM] kmap va=0xFFFF90000019A000 pa=0x0000000004ABF000
[VMM] kmap va=0xFFFF90000019B000 pa=0x0000000004AC0000
[VMM] kmap va=0xFFFF90000019C000 pa=0x0000000004AC1000
[VMM] kmap va=0xFFFF90000019D000 pa=0x0000000004AC2000
[VMM] kmap va=0xFFFF90000019E000 pa=0x0000000004AC3000
[VMM] kmap va=0xFFFF90000019F000 pa=0x0000000004AC4000
[VMM] kmap va=0xFFFF9000001A0000 pa=0x0000000004AC5000
[VMM] kmap va=0xFFFF9000001A1000 pa=0x0000000004AC6000
[VMM] kmap va=0xFFFF9000001A2000 pa=0x0000000004AC7000
[VMM] kmap va=0xFFFF9000001A3000 pa=0x0000000004AC8000
[VMM] kmap va=0xFFFF9000001A4000 pa=0x0000000004AC9000
[VMM] kmap va=0xFFFF9000001A5000 pa=0x0000000004ACA000
[VMM] kmap va=0xFFFF9000001A6000 pa=0x0000000004ACB000
[VMM] kmap va=0xFFFF9000001A7000 pa=0x0000000004ACC000
[VMM] kmap va=0xFFFF9000001A8000 pa=0x0000000004ACD000
[VMM] kmap va=0xFFFF9000001A9000 pa=0x0000000004ACE000
[VMM] kmap va=0xFFFF9000001AA000 pa=0x0000000004ACF000
[VMM] kmap va=0xFFFF9000001AB000 pa=0x0000000004AD0000
[VMM] kmap va=0xFFFF9000001AC000 pa=0x0000000004AD1000
[VMM] kmap va=0xFFFF9000001AD000 pa=0x0000000004AD2000
[VMM] kmap va=0xFFFF9000001AE000 pa=0x0000000004AD3000
[VMM] kmap va=0xFFFF9000001AF000 pa=0x0000000004AD4000
[VMM] kmap va=0xFFFF9000001B0000 pa=0x0000000004AD5000
[VMM] kmap va=0xFFFF9000001B1000 pa=0x0000000004AD6000
[VMM] kmap va=0xFFFF9000001B2000 pa=0x0000000004AD7000
[VMM] kmap va=0xFFFF9000001B3000 pa=0x0000000004AD8000
[VMM] kmap va=0xFFFF9000001B4000 pa=0x0000000004AD9000
[VMM] kmap va=0xFFFF9000001B5000 pa=0x0000000004ADA000
[VMM] kmap va=0xFFFF9000001B6000 pa=0x0000000004ADB000
[VMM] kmap va=0xFFFF9000001B7000 pa=0x0000000004ADC000
[VMM] kmap va=0xFFFF9000001B8000 pa=0x0000000004ADD000
[VMM] kmap va=0xFFFF9000001B9000 pa=0x0000000004ADE000
[VMM] kmap va=0xFFFF9000001BA000 pa=0x0000000004ADF000
[VMM] kmap va=0xFFFF9000001BB000 pa=0x0000000004AE0000
[VMM] kmap va=0xFFFF9000001BC000 pa=0x0000000004AE1000
[VMM] kmap va=0xFFFF9000001BD000 pa=0x0000000004AE2000
[VMM] kmap va=0xFFFF9000001BE000 pa=0x0000000004AE3000
[VMM] kmap va=0xFFFF9000001BF000 pa=0x0000000004AE4000
[VMM] kmap va=0xFFFF9000001C0000 pa=0x0000000004AE5000
[VMM] kmap va=0xFFFF9000001C1000 pa=0x0000000004AE6000
[VMM] kmap va=0xFFFF9000001C2000 pa=0x0000000004AE7000
[VMM] kmap va=0xFFFF9000001C3000 pa=0x0000000004AE8000
[VMM] kmap va=0xFFFF9000001C4000 pa=0x0000000004AE9000
[VMM] kmap va=0xFFFF9000001C5000 pa=0x0000000004AEA000
[VMM] kmap va=0xFFFF9000001C6000 pa=0x0000000004AEB000
[VMM] kmap va=0xFFFF9000001C7000 pa=0x0000000004AEC000
[VMM] kmap va=0xFFFF9000001C8000 pa=0x0000000004AED000
[VMM] kmap va=0xFFFF9000001C9000 pa=0x0000000004AEE000
[VMM] kmap va=0xFFFF9000001CA000 pa=0x0000000004AEF000
[VMM] kmap va=0xFFFF9000001CB000 pa=0x0000000004AF0000
[VMM] kmap va=0xFFFF9000001CC000 pa=0x0000000004AF1000
[VMM] kmap va=0xFFFF9000001CD000 pa=0x0000000004AF2000
[VMM] kmap va=0xFFFF9000001CE000 pa=0x0000000004AF3000
[VMM] kmap va=0xFFFF9000001CF000 pa=0x0000000004AF4000
[VMM] kmap va=0xFFFF9000001D0000 pa=0x0000000004AF5000
[VMM] kmap va=0xFFFF9000001D1000 pa=0x0000000004AF6000
[VMM] kmap va=0xFFFF9000001D2000 pa=0x0000000004AF7000
[VMM] kmap va=0xFFFF9000001D3000 pa=0x0000000004AF8000
[VMM] kmap va=0xFFFF9000001D4000 pa=0x0000000004AF9000
[VMM] kmap va=0xFFFF9000001D5000 pa=0x0000000004AFA000
[VMM] kmap va=0xFFFF9000001D6000 pa=0x0000000004AFB000
[VMM] kmap va=0xFFFF9000001D7000 pa=0x0000000004AFC000
[VMM] kmap va=0xFFFF9000001D8000 pa=0x0000000004AFD000
[VMM] kmap va=0xFFFF9000001D9000 pa=0x0000000004AFE000
[VMM] kmap va=0xFFFF9000001DA000 pa=0x0000000004AFF000
[VMM] kmap va=0xFFFF9000001DB000 pa=0x0000000004B00000
[VMM] kmap va=0xFFFF9000001DC000 pa=0x0000000004B01000
[VMM] kmap va=0xFFFF9000001DD000 pa=0x0000000004B02000
[VMM] kmap va=0xFFFF9000001DE000 pa=0x0000000004B03000
[VMM] kmap va=0xFFFF9000001DF000 pa=0x0000000004B04000
[VMM] kmap va=0xFFFF9000001E0000 pa=0x0000000004B05000
[VMM] kmap va=0xFFFF9000001E1000 pa=0x0000000004B06000
[VMM] kmap va=0xFFFF9000001E2000 pa=0x0000000004B07000
[VMM] kmap va=0xFFFF9000001E3000 pa=0x0000000004B08000
[VMM] kmap va=0xFFFF9000001E4000 pa=0x0000000004B09000
[VMM] kmap va=0xFFFF9000001E5000 pa=0x0000000004B0A000
[VMM] kmap va=0xFFFF9000001E6000 pa=0x0000000004B0B000
[VMM] kmap va=0xFFFF9000001E7000 pa=0x0000000004B0C000
[VMM] kmap va=0xFFFF9000001E8000 pa=0x0000000004B0D000
[VMM] kmap va=0xFFFF9000001E9000 pa=0x0000000004B0E000
[VMM] kmap va=0xFFFF9000001EA000 pa=0x0000000004B0F000
[VMM] kmap va=0xFFFF9000001EB000 pa=0x0000000004B10000
[VMM] kmap va=0xFFFF9000001EC000 pa=0x0000000004B11000
[VMM] kmap va=0xFFFF9000001ED000 pa=0x0000000004B12000
[VMM] kmap va=0xFFFF9000001EE000 pa=0x0000000004B13000
[VMM] kmap va=0xFFFF9000001EF000 pa=0x0000000004B14000
[VMM] kmap va=0xFFFF9000001F0000 pa=0x0000000004B15000
[VMM] kmap va=0xFFFF9000001F1000 pa=0x0000000004B16000
[VMM] kmap va=0xFFFF9000001F2000 pa=0x0000000004B17000
[VMM] kmap va=0xFFFF9000001F3000 pa=0x0000000004B18000
[VMM] kmap va=0xFFFF9000001F4000 pa=0x0000000004B19000
[VMM] kmap va=0xFFFF9000001F5000 pa=0x0000000004B1A000
[VMM] kmap va=0xFFFF9000001F6000 pa=0x0000000004B1B000
[VMM] kmap va=0xFFFF9000001F7000 pa=0x0000000004B1C000
[VMM] kmap va=0xFFFF9000001F8000 pa=0x0000000004B1D000
[VMM] kmap va=0xFFFF9000001F9000 pa=0x0000000004B1E000
[BEFORE SPLIT]
current=0x0xFFFF90000017C000
current->size=0x0x000000000007DFE0
request=0x0x000000000007D000
header=0x0x0000000000000020
[AFTER SPLIT]
new_block=0x0xFFFF9000001F9020
new_block->size=0x0x0000000000000FC0
new_block->magic=0x0x00000000DEADC0DE
new_block->next=0x0x0000000000000000
[heap] SPLIT block=0x0xFFFF90000017C000 alloc=0x0x000000000007D000 remainder=0x0xFFFF9000001F9020 rem_size=0x0x0000000000000FC0
[heap] KMALLOC ptr=0x0xFFFF90000017C020 size=0x0x000000000007D000 ra0=0x0xFFFFFFFF800056AB ra1=0x0xFFFFFFFF80010F7B ra2=0x0xFFFFFFFF800164D6
[BEFORE SPLIT]
current=0x0xFFFF9000000020C0
current->size=0x0x0000000000000F20
request=0x0x0000000000000200
header=0x0x0000000000000020
[AFTER SPLIT]
new_block=0x0xFFFF9000000022E0
new_block->size=0x0x0000000000000D00
new_block->magic=0x0x00000000DEADC0DE
new_block->next=0x0xFFFF900000003000
[heap] SPLIT block=0x0xFFFF9000000020C0 alloc=0x0x0000000000000200 remainder=0x0xFFFF9000000022E0 rem_size=0x0x0000000000000D00
[heap] KMALLOC ptr=0x0xFFFF9000000020E0 size=0x0x0000000000000200 ra0=0x0xFFFFFFFF80008FE4 ra1=0x0xFFFFFFFF80010F96 ra2=0x0xFFFFFFFF800164D6
[heap] KFREE ptr=0x0xFFFF9000000020E0 size=0x0x0000000000000200 ra0=0x0xFFFFFFFF800092D9
[MERGE CHECK]
current=0x0xFFFF9000000020C0
expected_next=0x0xFFFF9000000022E0
actual_next=0x0xFFFF9000000022E0
[heap] MERGE into=0x0xFFFF9000000020C0 absorb=0x0xFFFF9000000022E0 new_size=0x0x0000000000000F20
[BEFORE SPLIT]
current=0x0xFFFF9000000020C0
current->size=0x0x0000000000000F20
request=0x0x0000000000000200
header=0x0x0000000000000020
[AFTER SPLIT]
new_block=0x0xFFFF9000000022E0
new_block->size=0x0x0000000000000D00
new_block->magic=0x0x00000000DEADC0DE
new_block->next=0x0xFFFF900000003000
[heap] SPLIT block=0x0xFFFF9000000020C0 alloc=0x0x0000000000000200 remainder=0x0xFFFF9000000022E0 rem_size=0x0x0000000000000D00
[heap] KMALLOC ptr=0x0xFFFF9000000020E0 size=0x0x0000000000000200 ra0=0x0xFFFFFFFF80008457 ra1=0x0xFFFFFFFF80011156 ra2=0x0xFFFFFFFF800164D6
[heap] KFREE ptr=0x0xFFFF9000000020E0 size=0x0x0000000000000200 ra0=0x0xFFFFFFFF800084D3
[MERGE CHECK]
current=0x0xFFFF9000000020C0
expected_next=0x0xFFFF9000000022E0
actual_next=0x0xFFFF9000000022E0
[heap] MERGE into=0x0xFFFF9000000020C0 absorb=0x0xFFFF9000000022E0 new_size=0x0x0000000000000F20
[BEFORE SPLIT]
current=0x0xFFFF9000000020C0
current->size=0x0x0000000000000F20
request=0x0x0000000000000200
header=0x0x0000000000000020
[AFTER SPLIT]
new_block=0x0xFFFF9000000022E0
new_block->size=0x0x0000000000000D00
new_block->magic=0x0x00000000DEADC0DE
new_block->next=0x0xFFFF900000003000
[heap] SPLIT block=0x0xFFFF9000000020C0 alloc=0x0x0000000000000200 remainder=0x0xFFFF9000000022E0 rem_size=0x0x0000000000000D00
[heap] KMALLOC ptr=0x0xFFFF9000000020E0 size=0x0x0000000000000200 ra0=0x0xFFFFFFFF80007B8C ra1=0x0xFFFFFFFF80011108 ra2=0x0xFFFFFFFF800164D6
[heap] KFREE ptr=0x0xFFFF9000000020E0 size=0x0x0000000000000200 ra0=0x0xFFFFFFFF80007BA0
[MERGE CHECK]
current=0x0xFFFF9000000020C0
expected_next=0x0xFFFF9000000022E0
actual_next=0x0xFFFF9000000022E0
[heap] MERGE into=0x0xFFFF9000000020C0 absorb=0x0xFFFF9000000022E0 new_size=0x0x0000000000000F20
[BEFORE SPLIT]
current=0x0xFFFF9000000020C0
current->size=0x0x0000000000000F20
request=0x0x0000000000000200
header=0x0x0000000000000020
[AFTER SPLIT]
new_block=0x0xFFFF9000000022E0
new_block->size=0x0x0000000000000D00
new_block->magic=0x0x00000000DEADC0DE
new_block->next=0x0xFFFF900000003000
[heap] SPLIT block=0x0xFFFF9000000020C0 alloc=0x0x0000000000000200 remainder=0x0xFFFF9000000022E0 rem_size=0x0x0000000000000D00
[heap] KMALLOC ptr=0x0xFFFF9000000020E0 size=0x0x0000000000000200 ra0=0x0xFFFFFFFF80007BCA ra1=0x0xFFFFFFFF80011108 ra2=0x0xFFFFFFFF800164D6
[heap] KFREE ptr=0x0xFFFF9000000020E0 size=0x0x0000000000000200 ra0=0x0xFFFFFFFF8000806C
[MERGE CHECK]
current=0x0xFFFF9000000020C0
expected_next=0x0xFFFF9000000022E0
actual_next=0x0xFFFF9000000022E0
[heap] MERGE into=0x0xFFFF9000000020C0 absorb=0x0xFFFF9000000022E0 new_size=0x0x0000000000000F20
[heap] KFREE ptr=0x0xFFFF90000017C020 size=0x0x000000000007D000 ra0=0x0xFFFFFFFF80005949
[MERGE CHECK]
current=0x0xFFFF90000017B020
expected_next=0x0xFFFF90000017C000
actual_next=0x0xFFFF90000017C000
[heap] MERGE into=0x0xFFFF90000017B020 absorb=0x0xFFFF90000017C000 new_size=0x0x000000000007DFE0
[MERGE CHECK]
current=0x0xFFFF90000017B020
expected_next=0x0xFFFF9000001F9020
actual_next=0x0xFFFF9000001F9020
[heap] MERGE into=0x0xFFFF90000017B020 absorb=0x0xFFFF9000001F9020 new_size=0x0x000000000007EFC0
[heap] KFREE ptr=0x0xFFFF9000000FE020 size=0x0x000000000007D000 ra0=0x0xFFFFFFFF80011042
[MERGE CHECK]
current=0x0xFFFF9000000F8020
expected_next=0x0xFFFF9000000FE000
actual_next=0x0xFFFF9000000FE000
[heap] MERGE into=0x0xFFFF9000000F8020 absorb=0x0xFFFF9000000FE000 new_size=0x0x0000000000082FE0
[MERGE CHECK]
current=0x0xFFFF9000000F8020
expected_next=0x0xFFFF90000017B020
actual_next=0x0xFFFF90000017B020
[heap] MERGE into=0x0xFFFF9000000F8020 absorb=0x0xFFFF90000017B020 new_size=0x0x0000000000101FC0
[heap] KFREE ptr=0x0xFFFF900000002040 size=0x0x0000000000000080 ra0=0x0xFFFFFFFF80011042
[MERGE CHECK]
current=0x0xFFFF900000002020
expected_next=0x0xFFFF9000000020C0
actual_next=0x0xFFFF9000000020C0
[heap] MERGE into=0x0xFFFF900000002020 absorb=0x0xFFFF9000000020C0 new_size=0x0x0000000000000FC0
[BEFORE SPLIT]
current=0x0xFFFF900000002020
current->size=0x0x0000000000000FC0
request=0x0x0000000000000200
header=0x0x0000000000000020
[AFTER SPLIT]
new_block=0x0xFFFF900000002240
new_block->size=0x0x0000000000000DA0
new_block->magic=0x0x00000000DEADC0DE
new_block->next=0x0xFFFF900000003000
[heap] SPLIT block=0x0xFFFF900000002020 alloc=0x0x0000000000000200 remainder=0x0xFFFF900000002240 rem_size=0x0x0000000000000DA0
[heap] KMALLOC ptr=0x0xFFFF900000002040 size=0x0x0000000000000200 ra0=0x0xFFFFFFFF80008560 ra1=0x0xFFFFFFFF80002DCF ra2=0x0xFFFFFFFF800113CB
[heap] KFREE ptr=0x0xFFFF900000002040 size=0x0x0000000000000200 ra0=0x0xFFFFFFFF800085F2
[MERGE CHECK]
current=0x0xFFFF900000002020
expected_next=0x0xFFFF900000002240
actual_next=0x0xFFFF900000002240
[heap] MERGE into=0x0xFFFF900000002020 absorb=0x0xFFFF900000002240 new_size=0x0x0000000000000FC0
[BEFORE SPLIT]
current=0x0xFFFF9000000F8020
current->size=0x0x0000000000101FC0
request=0x0x000000000000C0B0
header=0x0x0000000000000020
[AFTER SPLIT]
new_block=0x0xFFFF9000001040F0
new_block->size=0x0x00000000000F5EF0
new_block->magic=0x0x00000000DEADC0DE
new_block->next=0x0x0000000000000000
[heap] SPLIT block=0x0xFFFF9000000F8020 alloc=0x0x000000000000C0B0 remainder=0x0xFFFF9000001040F0 rem_size=0x0x00000000000F5EF0
[heap] KMALLOC ptr=0x0xFFFF9000000F8040 size=0x0x000000000000C0B0 ra0=0x0xFFFFFFFF80002DDD ra1=0x0xFFFFFFFF800113CB ra2=0x0xFFFFFFFF800164D6
[BEFORE SPLIT]
current=0x0xFFFF900000002020
current->size=0x0x0000000000000FC0
request=0x0x0000000000000200
header=0x0x0000000000000020
[AFTER SPLIT]
new_block=0x0xFFFF900000002240
new_block->size=0x0x0000000000000DA0
new_block->magic=0x0x00000000DEADC0DE
new_block->next=0x0xFFFF900000003000
[heap] SPLIT block=0x0xFFFF900000002020 alloc=0x0x0000000000000200 remainder=0x0xFFFF900000002240 rem_size=0x0x0000000000000DA0
[heap] KMALLOC ptr=0x0xFFFF900000002040 size=0x0x0000000000000200 ra0=0x0xFFFFFFFF8000868D ra1=0x0xFFFFFFFF80002DF3 ra2=0x0xFFFFFFFF800113CB
[heap] KFREE ptr=0x0xFFFF900000002040 size=0x0x0000000000000200 ra0=0x0xFFFFFFFF80008737
[MERGE CHECK]
current=0x0xFFFF900000002020
expected_next=0x0xFFFF900000002240
actual_next=0x0xFFFF900000002240
[heap] MERGE into=0x0xFFFF900000002020 absorb=0x0xFFFF900000002240 new_size=0x0x0000000000000FC0
[BEFORE SPLIT]
current=0x0xFFFF900000002020
current->size=0x0x0000000000000FC0
request=0x0x0000000000000200
header=0x0x0000000000000020
[AFTER SPLIT]
new_block=0x0xFFFF900000002240
new_block->size=0x0x0000000000000DA0
new_block->magic=0x0x00000000DEADC0DE
new_block->next=0x0xFFFF900000003000
[heap] SPLIT block=0x0xFFFF900000002020 alloc=0x0x0000000000000200 remainder=0x0xFFFF900000002240 rem_size=0x0x0000000000000DA0
[heap] KMALLOC ptr=0x0xFFFF900000002040 size=0x0x0000000000000200 ra0=0x0xFFFFFFFF80008765 ra1=0x0xFFFFFFFF80002DF3 ra2=0x0xFFFFFFFF800113CB
[heap] KFREE ptr=0x0xFFFF900000002040 size=0x0x0000000000000200 ra0=0x0xFFFFFFFF800087D4
[MERGE CHECK]
current=0x0xFFFF900000002020
expected_next=0x0xFFFF900000002240
actual_next=0x0xFFFF900000002240
[heap] MERGE into=0x0xFFFF900000002020 absorb=0x0xFFFF900000002240 new_size=0x0x0000000000000FC0
[heap] KFREE ptr=0x0xFFFF9000000F8040 size=0x0x000000000000C0B0 ra0=0x0xFFFFFFFF80003012
[MERGE CHECK]
current=0x0xFFFF9000000F8020
expected_next=0x0xFFFF9000001040F0
actual_next=0x0xFFFF9000001040F0
[heap] MERGE into=0x0xFFFF9000000F8020 absorb=0x0xFFFF9000001040F0 new_size=0x0x0000000000101FC0
[BEFORE SPLIT]
current=0x0xFFFF9000000F8020
current->size=0x0x0000000000101FC0
request=0x0x0000000000040000
header=0x0x0000000000000020
[AFTER SPLIT]
new_block=0x0xFFFF900000138040
new_block->size=0x0x00000000000C1FA0
new_block->magic=0x0x00000000DEADC0DE
new_block->next=0x0x0000000000000000
[heap] SPLIT block=0x0xFFFF9000000F8020 alloc=0x0x0000000000040000 remainder=0x0xFFFF900000138040 rem_size=0x0x00000000000C1FA0
[heap] KMALLOC ptr=0x0xFFFF9000000F8040 size=0x0x0000000000040000 ra0=0x0xFFFFFFFF80003021 ra1=0x0xFFFFFFFF800113CB ra2=0x0xFFFFFFFF800164D6
[BEFORE SPLIT]
current=0x0xFFFF900000002020
current->size=0x0x0000000000000FC0
request=0x0x0000000000000080
header=0x0x0000000000000020
[AFTER SPLIT]
new_block=0x0xFFFF9000000020C0
new_block->size=0x0x0000000000000F20
new_block->magic=0x0x00000000DEADC0DE
new_block->next=0x0xFFFF900000003000
[heap] SPLIT block=0x0xFFFF900000002020 alloc=0x0x0000000000000080 remainder=0x0xFFFF9000000020C0 rem_size=0x0x0000000000000F20
[heap] KMALLOC ptr=0x0xFFFF900000002040 size=0x0x0000000000000080 ra0=0x0xFFFFFFFF80011074 ra1=0x0xFFFFFFFF800164D6 ra2=0x0x00000000040069D1
[BEFORE SPLIT]
current=0x0xFFFF900000138040
current->size=0x0x00000000000C1FA0
request=0x0x00000000000BB800
header=0x0x0000000000000020
[AFTER SPLIT]
new_block=0x0xFFFF9000001F3860
new_block->size=0x0x0000000000006780
new_block->magic=0x0x00000000DEADC0DE
new_block->next=0x0x0000000000000000
[heap] SPLIT block=0x0xFFFF900000138040 alloc=0x0x00000000000BB800 remainder=0x0xFFFF9000001F3860 rem_size=0x0x0000000000006780
[heap] KMALLOC ptr=0x0xFFFF900000138060 size=0x0x00000000000BB800 ra0=0x0xFFFFFFFF80011074 ra1=0x0xFFFFFFFF800164D6 ra2=0x0x00000000040069EC
[VMM] kmap va=0xFFFF9000001FA000 pa=0x0000000004B2D000
[VMM] kmap va=0xFFFF9000001FB000 pa=0x0000000004B2E000
[VMM] kmap va=0xFFFF9000001FC000 pa=0x0000000004B2F000
[VMM] kmap va=0xFFFF9000001FD000 pa=0x0000000004B30000
[VMM] kmap va=0xFFFF9000001FE000 pa=0x0000000004B31000
[VMM] kmap va=0xFFFF9000001FF000 pa=0x0000000004B32000
[VMM] kmap va=0xFFFF900000200000 pa=0x0000000004B33000
[VMM] kmap va=0xFFFF900000201000 pa=0x0000000004B35000
[VMM] kmap va=0xFFFF900000202000 pa=0x0000000004B36000
[VMM] kmap va=0xFFFF900000203000 pa=0x0000000004B37000
[VMM] kmap va=0xFFFF900000204000 pa=0x0000000004B38000
[VMM] kmap va=0xFFFF900000205000 pa=0x0000000004B39000
[VMM] kmap va=0xFFFF900000206000 pa=0x0000000004B3A000
[VMM] kmap va=0xFFFF900000207000 pa=0x0000000004B3B000
[VMM] kmap va=0xFFFF900000208000 pa=0x0000000004B3C000
[VMM] kmap va=0xFFFF900000209000 pa=0x0000000004B3D000
[VMM] kmap va=0xFFFF90000020A000 pa=0x0000000004B3E000
[VMM] kmap va=0xFFFF90000020B000 pa=0x0000000004B3F000
[VMM] kmap va=0xFFFF90000020C000 pa=0x0000000004B40000
[VMM] kmap va=0xFFFF90000020D000 pa=0x0000000004B41000
[VMM] kmap va=0xFFFF90000020E000 pa=0x0000000004B42000
[VMM] kmap va=0xFFFF90000020F000 pa=0x0000000004B43000
[VMM] kmap va=0xFFFF900000210000 pa=0x0000000004B44000
[VMM] kmap va=0xFFFF900000211000 pa=0x0000000004B45000
[VMM] kmap va=0xFFFF900000212000 pa=0x0000000004B46000
[VMM] kmap va=0xFFFF900000213000 pa=0x0000000004B47000
[VMM] kmap va=0xFFFF900000214000 pa=0x0000000004B48000
[VMM] kmap va=0xFFFF900000215000 pa=0x0000000004B49000
[VMM] kmap va=0xFFFF900000216000 pa=0x0000000004B4A000
[VMM] kmap va=0xFFFF900000217000 pa=0x0000000004B4B000
[VMM] kmap va=0xFFFF900000218000 pa=0x0000000004B4C000
[VMM] kmap va=0xFFFF900000219000 pa=0x0000000004B4D000
[VMM] kmap va=0xFFFF90000021A000 pa=0x0000000004B4E000
[VMM] kmap va=0xFFFF90000021B000 pa=0x0000000004B4F000
[VMM] kmap va=0xFFFF90000021C000 pa=0x0000000004B50000
[VMM] kmap va=0xFFFF90000021D000 pa=0x0000000004B51000
[VMM] kmap va=0xFFFF90000021E000 pa=0x0000000004B52000
[VMM] kmap va=0xFFFF90000021F000 pa=0x0000000004B53000
[VMM] kmap va=0xFFFF900000220000 pa=0x0000000004B54000
[VMM] kmap va=0xFFFF900000221000 pa=0x0000000004B55000
[VMM] kmap va=0xFFFF900000222000 pa=0x0000000004B56000
[VMM] kmap va=0xFFFF900000223000 pa=0x0000000004B57000
[VMM] kmap va=0xFFFF900000224000 pa=0x0000000004B58000
[VMM] kmap va=0xFFFF900000225000 pa=0x0000000004B59000
[VMM] kmap va=0xFFFF900000226000 pa=0x0000000004B5A000
[VMM] kmap va=0xFFFF900000227000 pa=0x0000000004B5B000
[VMM] kmap va=0xFFFF900000228000 pa=0x0000000004B5C000
[VMM] kmap va=0xFFFF900000229000 pa=0x0000000004B5D000
[VMM] kmap va=0xFFFF90000022A000 pa=0x0000000004B5E000
[VMM] kmap va=0xFFFF90000022B000 pa=0x0000000004B5F000
[VMM] kmap va=0xFFFF90000022C000 pa=0x0000000004B60000
[VMM] kmap va=0xFFFF90000022D000 pa=0x0000000004B61000
[VMM] kmap va=0xFFFF90000022E000 pa=0x0000000004B62000
[VMM] kmap va=0xFFFF90000022F000 pa=0x0000000004B63000
[VMM] kmap va=0xFFFF900000230000 pa=0x0000000004B64000
[VMM] kmap va=0xFFFF900000231000 pa=0x0000000004B65000
[VMM] kmap va=0xFFFF900000232000 pa=0x0000000004B66000
[VMM] kmap va=0xFFFF900000233000 pa=0x0000000004B67000
[VMM] kmap va=0xFFFF900000234000 pa=0x0000000004B68000
[VMM] kmap va=0xFFFF900000235000 pa=0x0000000004B69000
[VMM] kmap va=0xFFFF900000236000 pa=0x0000000004B6A000
[VMM] kmap va=0xFFFF900000237000 pa=0x0000000004B6B000
[VMM] kmap va=0xFFFF900000238000 pa=0x0000000004B6C000
[VMM] kmap va=0xFFFF900000239000 pa=0x0000000004B6D000
[VMM] kmap va=0xFFFF90000023A000 pa=0x0000000004B6E000
[VMM] kmap va=0xFFFF90000023B000 pa=0x0000000004B6F000
[VMM] kmap va=0xFFFF90000023C000 pa=0x0000000004B70000
[VMM] kmap va=0xFFFF90000023D000 pa=0x0000000004B71000
[VMM] kmap va=0xFFFF90000023E000 pa=0x0000000004B72000
[VMM] kmap va=0xFFFF90000023F000 pa=0x0000000004B73000
[VMM] kmap va=0xFFFF900000240000 pa=0x0000000004B74000
[VMM] kmap va=0xFFFF900000241000 pa=0x0000000004B75000
[VMM] kmap va=0xFFFF900000242000 pa=0x0000000004B76000
[VMM] kmap va=0xFFFF900000243000 pa=0x0000000004B77000
[VMM] kmap va=0xFFFF900000244000 pa=0x0000000004B78000
[VMM] kmap va=0xFFFF900000245000 pa=0x0000000004B79000
[VMM] kmap va=0xFFFF900000246000 pa=0x0000000004B7A000
[VMM] kmap va=0xFFFF900000247000 pa=0x0000000004B7B000
[VMM] kmap va=0xFFFF900000248000 pa=0x0000000004B7C000
[VMM] kmap va=0xFFFF900000249000 pa=0x0000000004B7D000
[VMM] kmap va=0xFFFF90000024A000 pa=0x0000000004B7E000
[VMM] kmap va=0xFFFF90000024B000 pa=0x0000000004B7F000
[VMM] kmap va=0xFFFF90000024C000 pa=0x0000000004B80000
[VMM] kmap va=0xFFFF90000024D000 pa=0x0000000004B81000
[VMM] kmap va=0xFFFF90000024E000 pa=0x0000000004B82000
[VMM] kmap va=0xFFFF90000024F000 pa=0x0000000004B83000
[VMM] kmap va=0xFFFF900000250000 pa=0x0000000004B84000
[VMM] kmap va=0xFFFF900000251000 pa=0x0000000004B85000
[VMM] kmap va=0xFFFF900000252000 pa=0x0000000004B86000
[VMM] kmap va=0xFFFF900000253000 pa=0x0000000004B87000
[VMM] kmap va=0xFFFF900000254000 pa=0x0000000004B88000
[VMM] kmap va=0xFFFF900000255000 pa=0x0000000004B89000
[VMM] kmap va=0xFFFF900000256000 pa=0x0000000004B8A000
[VMM] kmap va=0xFFFF900000257000 pa=0x0000000004B8B000
[VMM] kmap va=0xFFFF900000258000 pa=0x0000000004B8C000
[VMM] kmap va=0xFFFF900000259000 pa=0x0000000004B8D000
[VMM] kmap va=0xFFFF90000025A000 pa=0x0000000004B8E000
[VMM] kmap va=0xFFFF90000025B000 pa=0x0000000004B8F000
[VMM] kmap va=0xFFFF90000025C000 pa=0x0000000004B90000
[VMM] kmap va=0xFFFF90000025D000 pa=0x0000000004B91000
[VMM] kmap va=0xFFFF90000025E000 pa=0x0000000004B92000
[VMM] kmap va=0xFFFF90000025F000 pa=0x0000000004B93000
[VMM] kmap va=0xFFFF900000260000 pa=0x0000000004B94000
[VMM] kmap va=0xFFFF900000261000 pa=0x0000000004B95000
[VMM] kmap va=0xFFFF900000262000 pa=0x0000000004B96000
[VMM] kmap va=0xFFFF900000263000 pa=0x0000000004B97000
[VMM] kmap va=0xFFFF900000264000 pa=0x0000000004B98000
[VMM] kmap va=0xFFFF900000265000 pa=0x0000000004B99000
[VMM] kmap va=0xFFFF900000266000 pa=0x0000000004B9A000
[VMM] kmap va=0xFFFF900000267000 pa=0x0000000004B9B000
[VMM] kmap va=0xFFFF900000268000 pa=0x0000000004B9C000
[VMM] kmap va=0xFFFF900000269000 pa=0x0000000004B9D000
[VMM] kmap va=0xFFFF90000026A000 pa=0x0000000004B9E000
[VMM] kmap va=0xFFFF90000026B000 pa=0x0000000004B9F000
[VMM] kmap va=0xFFFF90000026C000 pa=0x0000000004BA0000
[VMM] kmap va=0xFFFF90000026D000 pa=0x0000000004BA1000
[VMM] kmap va=0xFFFF90000026E000 pa=0x0000000004BA2000
[VMM] kmap va=0xFFFF90000026F000 pa=0x0000000004BA3000
[VMM] kmap va=0xFFFF900000270000 pa=0x0000000004BA4000
[VMM] kmap va=0xFFFF900000271000 pa=0x0000000004BA5000
[VMM] kmap va=0xFFFF900000272000 pa=0x0000000004BA6000
[VMM] kmap va=0xFFFF900000273000 pa=0x0000000004BA7000
[VMM] kmap va=0xFFFF900000274000 pa=0x0000000004BA8000
[VMM] kmap va=0xFFFF900000275000 pa=0x0000000004BA9000
[VMM] kmap va=0xFFFF900000276000 pa=0x0000000004BAA000
[VMM] kmap va=0xFFFF900000277000 pa=0x0000000004BAB000
[VMM] kmap va=0xFFFF900000278000 pa=0x0000000004BAC000
[VMM] kmap va=0xFFFF900000279000 pa=0x0000000004BAD000
[VMM] kmap va=0xFFFF90000027A000 pa=0x0000000004BAE000
[VMM] kmap va=0xFFFF90000027B000 pa=0x0000000004BAF000
[VMM] kmap va=0xFFFF90000027C000 pa=0x0000000004BB0000
[VMM] kmap va=0xFFFF90000027D000 pa=0x0000000004BB1000
[VMM] kmap va=0xFFFF90000027E000 pa=0x0000000004BB2000
[VMM] kmap va=0xFFFF90000027F000 pa=0x0000000004BB3000
[VMM] kmap va=0xFFFF900000280000 pa=0x0000000004BB4000
[VMM] kmap va=0xFFFF900000281000 pa=0x0000000004BB5000
[VMM] kmap va=0xFFFF900000282000 pa=0x0000000004BB6000
[VMM] kmap va=0xFFFF900000283000 pa=0x0000000004BB7000
[VMM] kmap va=0xFFFF900000284000 pa=0x0000000004BB8000
[VMM] kmap va=0xFFFF900000285000 pa=0x0000000004BB9000
[VMM] kmap va=0xFFFF900000286000 pa=0x0000000004BBA000
[VMM] kmap va=0xFFFF900000287000 pa=0x0000000004BBB000
[VMM] kmap va=0xFFFF900000288000 pa=0x0000000004BBC000
[VMM] kmap va=0xFFFF900000289000 pa=0x0000000004BBD000
[VMM] kmap va=0xFFFF90000028A000 pa=0x0000000004BBE000
[VMM] kmap va=0xFFFF90000028B000 pa=0x0000000004BBF000
[VMM] kmap va=0xFFFF90000028C000 pa=0x0000000004BC0000
[VMM] kmap va=0xFFFF90000028D000 pa=0x0000000004BC1000
[VMM] kmap va=0xFFFF90000028E000 pa=0x0000000004BC2000
[VMM] kmap va=0xFFFF90000028F000 pa=0x0000000004BC3000
[VMM] kmap va=0xFFFF900000290000 pa=0x0000000004BC4000
[VMM] kmap va=0xFFFF900000291000 pa=0x0000000004BC5000
[VMM] kmap va=0xFFFF900000292000 pa=0x0000000004BC6000
[VMM] kmap va=0xFFFF900000293000 pa=0x0000000004BC7000
[VMM] kmap va=0xFFFF900000294000 pa=0x0000000004BC8000
[VMM] kmap va=0xFFFF900000295000 pa=0x0000000004BC9000
[VMM] kmap va=0xFFFF900000296000 pa=0x0000000004BCA000
[VMM] kmap va=0xFFFF900000297000 pa=0x0000000004BCB000
[VMM] kmap va=0xFFFF900000298000 pa=0x0000000004BCC000
[VMM] kmap va=0xFFFF900000299000 pa=0x0000000004BCD000
[VMM] kmap va=0xFFFF90000029A000 pa=0x0000000004BCE000
[VMM] kmap va=0xFFFF90000029B000 pa=0x0000000004BCF000
[VMM] kmap va=0xFFFF90000029C000 pa=0x0000000004BD0000
[VMM] kmap va=0xFFFF90000029D000 pa=0x0000000004BD1000
[VMM] kmap va=0xFFFF90000029E000 pa=0x0000000004BD2000
[VMM] kmap va=0xFFFF90000029F000 pa=0x0000000004BD3000
[VMM] kmap va=0xFFFF9000002A0000 pa=0x0000000004BD4000
[VMM] kmap va=0xFFFF9000002A1000 pa=0x0000000004BD5000
[VMM] kmap va=0xFFFF9000002A2000 pa=0x0000000004BD6000
[VMM] kmap va=0xFFFF9000002A3000 pa=0x0000000004BD7000
[VMM] kmap va=0xFFFF9000002A4000 pa=0x0000000004BD8000
[VMM] kmap va=0xFFFF9000002A5000 pa=0x0000000004BD9000
[VMM] kmap va=0xFFFF9000002A6000 pa=0x0000000004BDA000
[VMM] kmap va=0xFFFF9000002A7000 pa=0x0000000004BDB000
[VMM] kmap va=0xFFFF9000002A8000 pa=0x0000000004BDC000
[VMM] kmap va=0xFFFF9000002A9000 pa=0x0000000004BDD000
[VMM] kmap va=0xFFFF9000002AA000 pa=0x0000000004BDE000
[VMM] kmap va=0xFFFF9000002AB000 pa=0x0000000004BDF000
[VMM] kmap va=0xFFFF9000002AC000 pa=0x0000000004BE0000
[VMM] kmap va=0xFFFF9000002AD000 pa=0x0000000004BE1000
[VMM] kmap va=0xFFFF9000002AE000 pa=0x0000000004BE2000
[VMM] kmap va=0xFFFF9000002AF000 pa=0x0000000004BE3000
[VMM] kmap va=0xFFFF9000002B0000 pa=0x0000000004BE4000
[VMM] kmap va=0xFFFF9000002B1000 pa=0x0000000004BE5000
[VMM] kmap va=0xFFFF9000002B2000 pa=0x0000000004BE6000
[VMM] kmap va=0xFFFF9000002B3000 pa=0x0000000004BE7000
[VMM] kmap va=0xFFFF9000002B4000 pa=0x0000000004BE8000
[VMM] kmap va=0xFFFF9000002B5000 pa=0x0000000004BE9000
[BEFORE SPLIT]
current=0x0xFFFF9000001FA000
current->size=0x0x00000000000BBFE0
request=0x0x00000000000BB800
header=0x0x0000000000000020
[AFTER SPLIT]
new_block=0x0xFFFF9000002B5820
new_block->size=0x0x00000000000007C0
new_block->magic=0x0x00000000DEADC0DE
new_block->next=0x0x0000000000000000
[heap] SPLIT block=0x0xFFFF9000001FA000 alloc=0x0x00000000000BB800 remainder=0x0xFFFF9000002B5820 rem_size=0x0x00000000000007C0
[heap] KMALLOC ptr=0x0xFFFF9000001FA020 size=0x0x00000000000BB800 ra0=0x0xFFFFFFFF800056AB ra1=0x0xFFFFFFFF80010F7B ra2=0x0xFFFFFFFF800164D6

[W0] n=0x0000000000000000 cpu=0x0000000000000000 task=0x0000000000000000 rip=0xFFFFFFFF8000583D val=0x00000000FFF5F5F5  <== SUSPECT cr3=0x0000000004B1F000 rsp=0xFFFF900000137E20 pte=0x0000000004BE7067 pa=0x0000000004BE7A50 kpml4=0x000000001FF8E000
[BEFORE SPLIT]
current=0x0xFFFF9000000020C0
current->size=0x0x0000000000000F20
request=0x0x0000000000000200
header=0x0x0000000000000020
[AFTER SPLIT]
new_block=0x0xFFFF9000000022E0
new_block->size=0x0x0000000000000D00
new_block->magic=0x0x00000000DEADC0DE
new_block->next=0x0xFFFF900000003000
[heap] SPLIT block=0x0xFFFF9000000020C0 alloc=0x0x0000000000000200 remainder=0x0xFFFF9000000022E0 rem_size=0x0x0000000000000D00
[heap] KMALLOC ptr=0x0xFFFF9000000020E0 size=0x0x0000000000000200 ra0=0x0xFFFFFFFF80008FE4 ra1=0x0xFFFFFFFF80010F96 ra2=0x0xFFFFFFFF800164D6
[heap] KFREE ptr=0x0xFFFF9000000020E0 size=0x0x0000000000000200 ra0=0x0xFFFFFFFF800092D9
[MERGE CHECK]
current=0x0xFFFF9000000020C0
expected_next=0x0xFFFF9000000022E0
actual_next=0x0xFFFF9000000022E0
[heap] MERGE into=0x0xFFFF9000000020C0 absorb=0x0xFFFF9000000022E0 new_size=0x0x0000000000000F20
[BEFORE SPLIT]
current=0x0xFFFF9000000020C0
current->size=0x0x0000000000000F20
request=0x0x0000000000000200
header=0x0x0000000000000020
[AFTER SPLIT]
new_block=0x0xFFFF9000000022E0
new_block->size=0x0x0000000000000D00
new_block->magic=0x0x00000000DEADC0DE
new_block->next=0x0xFFFF900000003000
[heap] SPLIT block=0x0xFFFF9000000020C0 alloc=0x0x0000000000000200 remainder=0x0xFFFF9000000022E0 rem_size=0x0x0000000000000D00
[heap] KMALLOC ptr=0x0xFFFF9000000020E0 size=0x0x0000000000000200 ra0=0x0xFFFFFFFF80008457 ra1=0x0xFFFFFFFF80011156 ra2=0x0xFFFFFFFF800164D6
[heap] KFREE ptr=0x0xFFFF9000000020E0 size=0x0x0000000000000200 ra0=0x0xFFFFFFFF800084D3
[MERGE CHECK]
current=0x0xFFFF9000000020C0
expected_next=0x0xFFFF9000000022E0
actual_next=0x0xFFFF9000000022E0
[heap] MERGE into=0x0xFFFF9000000020C0 absorb=0x0xFFFF9000000022E0 new_size=0x0x0000000000000F20
[BEFORE SPLIT]
current=0x0xFFFF9000000020C0
current->size=0x0x0000000000000F20
request=0x0x0000000000000200
header=0x0x0000000000000020
[AFTER SPLIT]
new_block=0x0xFFFF9000000022E0
new_block->size=0x0x0000000000000D00
new_block->magic=0x0x00000000DEADC0DE
new_block->next=0x0xFFFF900000003000
[heap] SPLIT block=0x0xFFFF9000000020C0 alloc=0x0x0000000000000200 remainder=0x0xFFFF9000000022E0 rem_size=0x0x0000000000000D00
[heap] KMALLOC ptr=0x0xFFFF9000000020E0 size=0x0x0000000000000200 ra0=0x0xFFFFFFFF80008560 ra1=0x0xFFFFFFFF80010F63 ra2=0x0xFFFFFFFF800164D6
[heap] KFREE ptr=0x0xFFFF9000000020E0 size=0x0x0000000000000200 ra0=0x0xFFFFFFFF800085F2
[MERGE CHECK]
current=0x0xFFFF9000000020C0
expected_next=0x0xFFFF9000000022E0
actual_next=0x0xFFFF9000000022E0
[heap] MERGE into=0x0xFFFF9000000020C0 absorb=0x0xFFFF9000000022E0 new_size=0x0x0000000000000F20
[BEFORE SPLIT]
current=0x0xFFFF9000000020C0
current->size=0x0x0000000000000F20
request=0x0x0000000000000200
header=0x0x0000000000000020
[AFTER SPLIT]
new_block=0x0xFFFF9000000022E0
new_block->size=0x0x0000000000000D00
new_block->magic=0x0x00000000DEADC0DE
new_block->next=0x0xFFFF900000003000
[heap] SPLIT block=0x0xFFFF9000000020C0 alloc=0x0x0000000000000200 remainder=0x0xFFFF9000000022E0 rem_size=0x0x0000000000000D00
[heap] KMALLOC ptr=0x0xFFFF9000000020E0 size=0x0x0000000000000200 ra0=0x0xFFFFFFFF8000868D ra1=0x0xFFFFFFFF80010F55 ra2=0x0xFFFFFFFF800164D6
[heap] KFREE ptr=0x0xFFFF9000000020E0 size=0x0x0000000000000200 ra0=0x0xFFFFFFFF80008737
[MERGE CHECK]
current=0x0xFFFF9000000020C0
expected_next=0x0xFFFF9000000022E0
actual_next=0x0xFFFF9000000022E0
[heap] MERGE into=0x0xFFFF9000000020C0 absorb=0x0xFFFF9000000022E0 new_size=0x0x0000000000000F20
[BEFORE SPLIT]
current=0x0xFFFF9000000020C0
current->size=0x0x0000000000000F20
request=0x0x0000000000000200
header=0x0x0000000000000020
[AFTER SPLIT]
new_block=0x0xFFFF9000000022E0
new_block->size=0x0x0000000000000D00
new_block->magic=0x0x00000000DEADC0DE
new_block->next=0x0xFFFF900000003000
[heap] SPLIT block=0x0xFFFF9000000020C0 alloc=0x0x0000000000000200 remainder=0x0xFFFF9000000022E0 rem_size=0x0x0000000000000D00
[heap] KMALLOC ptr=0x0xFFFF9000000020E0 size=0x0x0000000000000200 ra0=0x0xFFFFFFFF80008765 ra1=0x0xFFFFFFFF80010F55 ra2=0x0xFFFFFFFF800164D6
[heap] KFREE ptr=0x0xFFFF9000000020E0 size=0x0x0000000000000200 ra0=0x0xFFFFFFFF800087D4
[MERGE CHECK]
current=0x0xFFFF9000000020C0
expected_next=0x0xFFFF9000000022E0
actual_next=0x0xFFFF9000000022E0
[heap] MERGE into=0x0xFFFF9000000020C0 absorb=0x0xFFFF9000000022E0 new_size=0x0x0000000000000F20
[BEFORE SPLIT]
current=0x0xFFFF9000000020C0
current->size=0x0x0000000000000F20
request=0x0x0000000000000200
header=0x0x0000000000000020
[AFTER SPLIT]
new_block=0x0xFFFF9000000022E0
new_block->size=0x0x0000000000000D00
new_block->magic=0x0x00000000DEADC0DE
new_block->next=0x0xFFFF900000003000
[heap] SPLIT block=0x0xFFFF9000000020C0 alloc=0x0x0000000000000200 remainder=0x0xFFFF9000000022E0 rem_size=0x0x0000000000000D00
[heap] KMALLOC ptr=0x0xFFFF9000000020E0 size=0x0x0000000000000200 ra0=0x0xFFFFFFFF800081EE ra1=0x0xFFFFFFFF80010FB4 ra2=0x0xFFFFFFFF800164D6
[heap] KFREE ptr=0x0xFFFF9000000020E0 size=0x0x0000000000000200 ra0=0x0xFFFFFFFF800082C2
[MERGE CHECK]
current=0x0xFFFF9000000020C0
expected_next=0x0xFFFF9000000022E0
actual_next=0x0xFFFF9000000022E0
[heap] MERGE into=0x0xFFFF9000000020C0 absorb=0x0xFFFF9000000022E0 new_size=0x0x0000000000000F20
[BEFORE SPLIT]
current=0x0xFFFF9000000020C0
current->size=0x0x0000000000000F20
request=0x0x0000000000000200
header=0x0x0000000000000020
[AFTER SPLIT]
new_block=0x0xFFFF9000000022E0
new_block->size=0x0x0000000000000D00
new_block->magic=0x0x00000000DEADC0DE
new_block->next=0x0xFFFF900000003000
[heap] SPLIT block=0x0xFFFF9000000020C0 alloc=0x0x0000000000000200 remainder=0x0xFFFF9000000022E0 rem_size=0x0x0000000000000D00
[heap] KMALLOC ptr=0x0xFFFF9000000020E0 size=0x0x0000000000000200 ra0=0x0xFFFFFFFF8000832A ra1=0x0xFFFFFFFF80010FB4 ra2=0x0xFFFFFFFF800164D6
[heap] KFREE ptr=0x0xFFFF9000000020E0 size=0x0x0000000000000200 ra0=0x0xFFFFFFFF80008382
[MERGE CHECK]
current=0x0xFFFF9000000020C0
expected_next=0x0xFFFF9000000022E0
actual_next=0x0xFFFF9000000022E0
[heap] MERGE into=0x0xFFFF9000000020C0 absorb=0x0xFFFF9000000022E0 new_size=0x0x0000000000000F20
[OK] File dihapus!
[BEFORE SPLIT]
current=0x0xFFFF9000000020C0
current->size=0x0x0000000000000F20
request=0x0x0000000000000200
header=0x0x0000000000000020
[AFTER SPLIT]
new_block=0x0xFFFF9000000022E0
new_block->size=0x0x0000000000000D00
new_block->magic=0x0x00000000DEADC0DE
new_block->next=0x0xFFFF900000003000
[heap] SPLIT block=0x0xFFFF9000000020C0 alloc=0x0x0000000000000200 remainder=0x0xFFFF9000000022E0 rem_size=0x0x0000000000000D00
[heap] KMALLOC ptr=0x0xFFFF9000000020E0 size=0x0x0000000000000200 ra0=0x0xFFFFFFFF80008560 ra1=0x0xFFFFFFFF80010F63 ra2=0x0xFFFFFFFF800164D6
[heap] KFREE ptr=0x0xFFFF9000000020E0 size=0x0x0000000000000200 ra0=0x0xFFFFFFFF800085F2
[MERGE CHECK]
current=0x0xFFFF9000000020C0
expected_next=0x0xFFFF9000000022E0
actual_next=0x0xFFFF9000000022E0
[heap] MERGE into=0x0xFFFF9000000020C0 absorb=0x0xFFFF9000000022E0 new_size=0x0x0000000000000F20
[VMM] kmap va=0xFFFF9000002B6000 pa=0x0000000004BEA000
[VMM] kmap va=0xFFFF9000002B7000 pa=0x0000000004BEB000
[VMM] kmap va=0xFFFF9000002B8000 pa=0x0000000004BEC000
[VMM] kmap va=0xFFFF9000002B9000 pa=0x0000000004BED000
[VMM] kmap va=0xFFFF9000002BA000 pa=0x0000000004BEE000
[VMM] kmap va=0xFFFF9000002BB000 pa=0x0000000004BEF000
[VMM] kmap va=0xFFFF9000002BC000 pa=0x0000000004BF0000
[VMM] kmap va=0xFFFF9000002BD000 pa=0x0000000004BF1000
[VMM] kmap va=0xFFFF9000002BE000 pa=0x0000000004BF2000
[VMM] kmap va=0xFFFF9000002BF000 pa=0x0000000004BF3000
[VMM] kmap va=0xFFFF9000002C0000 pa=0x0000000004BF4000
[VMM] kmap va=0xFFFF9000002C1000 pa=0x0000000004BF5000
[VMM] kmap va=0xFFFF9000002C2000 pa=0x0000000004BF6000
[VMM] kmap va=0xFFFF9000002C3000 pa=0x0000000004BF7000
[VMM] kmap va=0xFFFF9000002C4000 pa=0x0000000004BF8000
[VMM] kmap va=0xFFFF9000002C5000 pa=0x0000000004BF9000
[VMM] kmap va=0xFFFF9000002C6000 pa=0x0000000004BFA000
[VMM] kmap va=0xFFFF9000002C7000 pa=0x0000000004BFB000
[VMM] kmap va=0xFFFF9000002C8000 pa=0x0000000004BFC000
[VMM] kmap va=0xFFFF9000002C9000 pa=0x0000000004BFD000
[VMM] kmap va=0xFFFF9000002CA000 pa=0x0000000004BFE000
[VMM] kmap va=0xFFFF9000002CB000 pa=0x0000000004BFF000
[VMM] kmap va=0xFFFF9000002CC000 pa=0x0000000004C00000
[VMM] kmap va=0xFFFF9000002CD000 pa=0x0000000004C01000
[VMM] kmap va=0xFFFF9000002CE000 pa=0x0000000004C02000
[VMM] kmap va=0xFFFF9000002CF000 pa=0x0000000004C03000
[VMM] kmap va=0xFFFF9000002D0000 pa=0x0000000004C04000
[VMM] kmap va=0xFFFF9000002D1000 pa=0x0000000004C05000
[VMM] kmap va=0xFFFF9000002D2000 pa=0x0000000004C06000
[VMM] kmap va=0xFFFF9000002D3000 pa=0x0000000004C07000
[VMM] kmap va=0xFFFF9000002D4000 pa=0x0000000004C08000
[VMM] kmap va=0xFFFF9000002D5000 pa=0x0000000004C09000
[VMM] kmap va=0xFFFF9000002D6000 pa=0x0000000004C0A000
[VMM] kmap va=0xFFFF9000002D7000 pa=0x0000000004C0B000
[VMM] kmap va=0xFFFF9000002D8000 pa=0x0000000004C0C000
[VMM] kmap va=0xFFFF9000002D9000 pa=0x0000000004C0D000
[VMM] kmap va=0xFFFF9000002DA000 pa=0x0000000004C0E000
[VMM] kmap va=0xFFFF9000002DB000 pa=0x0000000004C0F000
[VMM] kmap va=0xFFFF9000002DC000 pa=0x0000000004C10000
[VMM] kmap va=0xFFFF9000002DD000 pa=0x0000000004C11000
[VMM] kmap va=0xFFFF9000002DE000 pa=0x0000000004C12000
[VMM] kmap va=0xFFFF9000002DF000 pa=0x0000000004C13000
[VMM] kmap va=0xFFFF9000002E0000 pa=0x0000000004C14000
[VMM] kmap va=0xFFFF9000002E1000 pa=0x0000000004C15000
[VMM] kmap va=0xFFFF9000002E2000 pa=0x0000000004C16000
[BEFORE SPLIT]
current=0x0xFFFF9000002B6000
current->size=0x0x000000000002CFE0
request=0x0x000000000002CA30
header=0x0x0000000000000020
[AFTER SPLIT]
new_block=0x0xFFFF9000002E2A50
new_block->size=0x0x0000000000000590
new_block->magic=0x0x00000000DEADC0DE
new_block->next=0x0x0000000000000000
[heap] SPLIT block=0x0xFFFF9000002B6000 alloc=0x0x000000000002CA30 remainder=0x0xFFFF9000002E2A50 rem_size=0x0x0000000000000590
[heap] KMALLOC ptr=0x0xFFFF9000002B6020 size=0x0x000000000002CA30 ra0=0x0xFFFFFFFF80011074 ra1=0x0xFFFFFFFF800164D6 ra2=0x0x000000000400216A
[BEFORE SPLIT]
current=0x0xFFFF9000000020C0
current->size=0x0x0000000000000F20
request=0x0x0000000000000200
header=0x0x0000000000000020
[AFTER SPLIT]
new_block=0x0xFFFF9000000022E0
new_block->size=0x0x0000000000000D00
new_block->magic=0x0x00000000DEADC0DE
new_block->next=0x0xFFFF900000003000
[heap] SPLIT block=0x0xFFFF9000000020C0 alloc=0x0x0000000000000200 remainder=0x0xFFFF9000000022E0 rem_size=0x0x0000000000000D00
[heap] KMALLOC ptr=0x0xFFFF9000000020E0 size=0x0x0000000000000200 ra0=0x0xFFFFFFFF8000868D ra1=0x0xFFFFFFFF80010F55 ra2=0x0xFFFFFFFF800164D6
[heap] KFREE ptr=0x0xFFFF9000000020E0 size=0x0x0000000000000200 ra0=0x0xFFFFFFFF80008737
[MERGE CHECK]
current=0x0xFFFF9000000020C0
expected_next=0x0xFFFF9000000022E0
actual_next=0x0xFFFF9000000022E0
[heap] MERGE into=0x0xFFFF9000000020C0 absorb=0x0xFFFF9000000022E0 new_size=0x0x0000000000000F20
[BEFORE SPLIT]
current=0x0xFFFF9000000020C0
current->size=0x0x0000000000000F20
request=0x0x0000000000000200
header=0x0x0000000000000020
[AFTER SPLIT]
new_block=0x0xFFFF9000000022E0
new_block->size=0x0x0000000000000D00
new_block->magic=0x0x00000000DEADC0DE
new_block->next=0x0xFFFF900000003000
[heap] SPLIT block=0x0xFFFF9000000020C0 alloc=0x0x0000000000000200 remainder=0x0xFFFF9000000022E0 rem_size=0x0x0000000000000D00
[heap] KMALLOC ptr=0x0xFFFF9000000020E0 size=0x0x0000000000000200 ra0=0x0xFFFFFFFF80008765 ra1=0x0xFFFFFFFF80010F55 ra2=0x0xFFFFFFFF800164D6
[heap] KFREE ptr=0x0xFFFF9000000020E0 size=0x0x0000000000000200 ra0=0x0xFFFFFFFF800087D4
[MERGE CHECK]
current=0x0xFFFF9000000020C0
expected_next=0x0xFFFF9000000022E0
actual_next=0x0xFFFF9000000022E0
[heap] MERGE into=0x0xFFFF9000000020C0 absorb=0x0xFFFF9000000022E0 new_size=0x0x0000000000000F20
[VMM] kmap va=0xFFFF9000002E3000 pa=0x0000000004C17000
[VMM] kmap va=0xFFFF9000002E4000 pa=0x0000000004C18000
[VMM] kmap va=0xFFFF9000002E5000 pa=0x0000000004C19000
[VMM] kmap va=0xFFFF9000002E6000 pa=0x0000000004C1A000
[VMM] kmap va=0xFFFF9000002E7000 pa=0x0000000004C1B000
[VMM] kmap va=0xFFFF9000002E8000 pa=0x0000000004C1C000
[VMM] kmap va=0xFFFF9000002E9000 pa=0x0000000004C1D000
[VMM] kmap va=0xFFFF9000002EA000 pa=0x0000000004C1E000
[VMM] kmap va=0xFFFF9000002EB000 pa=0x0000000004C1F000
[VMM] kmap va=0xFFFF9000002EC000 pa=0x0000000004C20000
[VMM] kmap va=0xFFFF9000002ED000 pa=0x0000000004C21000
[VMM] kmap va=0xFFFF9000002EE000 pa=0x0000000004C22000
[VMM] kmap va=0xFFFF9000002EF000 pa=0x0000000004C23000
[VMM] kmap va=0xFFFF9000002F0000 pa=0x0000000004C24000
[VMM] kmap va=0xFFFF9000002F1000 pa=0x0000000004C25000
[VMM] kmap va=0xFFFF9000002F2000 pa=0x0000000004C26000
[VMM] kmap va=0xFFFF9000002F3000 pa=0x0000000004C27000
[VMM] kmap va=0xFFFF9000002F4000 pa=0x0000000004C28000
[VMM] kmap va=0xFFFF9000002F5000 pa=0x0000000004C29000
[VMM] kmap va=0xFFFF9000002F6000 pa=0x0000000004C2A000
[VMM] kmap va=0xFFFF9000002F7000 pa=0x0000000004C2B000
[VMM] kmap va=0xFFFF9000002F8000 pa=0x0000000004C2C000
[VMM] kmap va=0xFFFF9000002F9000 pa=0x0000000004C2D000
[VMM] kmap va=0xFFFF9000002FA000 pa=0x0000000004C2E000
[VMM] kmap va=0xFFFF9000002FB000 pa=0x0000000004C2F000
[VMM] kmap va=0xFFFF9000002FC000 pa=0x0000000004C30000
[VMM] kmap va=0xFFFF9000002FD000 pa=0x0000000004C31000
[VMM] kmap va=0xFFFF9000002FE000 pa=0x0000000004C32000
[VMM] kmap va=0xFFFF9000002FF000 pa=0x0000000004C33000
[VMM] kmap va=0xFFFF900000300000 pa=0x0000000004C34000
[VMM] kmap va=0xFFFF900000301000 pa=0x0000000004C35000
[VMM] kmap va=0xFFFF900000302000 pa=0x0000000004C36000
[VMM] kmap va=0xFFFF900000303000 pa=0x0000000004C37000
[VMM] kmap va=0xFFFF900000304000 pa=0x0000000004C38000
[VMM] kmap va=0xFFFF900000305000 pa=0x0000000004C39000
[VMM] kmap va=0xFFFF900000306000 pa=0x0000000004C3A000
[VMM] kmap va=0xFFFF900000307000 pa=0x0000000004C3B000
[VMM] kmap va=0xFFFF900000308000 pa=0x0000000004C3C000
[VMM] kmap va=0xFFFF900000309000 pa=0x0000000004C3D000
[VMM] kmap va=0xFFFF90000030A000 pa=0x0000000004C3E000
[VMM] kmap va=0xFFFF90000030B000 pa=0x0000000004C3F000
[VMM] kmap va=0xFFFF90000030C000 pa=0x0000000004C40000
[VMM] kmap va=0xFFFF90000030D000 pa=0x0000000004C41000
[VMM] kmap va=0xFFFF90000030E000 pa=0x0000000004C42000
[VMM] kmap va=0xFFFF90000030F000 pa=0x0000000004C43000
[BEFORE SPLIT]
current=0x0xFFFF9000002E3000
current->size=0x0x000000000002CFE0
request=0x0x000000000002C9D0
header=0x0x0000000000000020
[AFTER SPLIT]
new_block=0x0xFFFF90000030F9F0
new_block->size=0x0x00000000000005F0
new_block->magic=0x0x00000000DEADC0DE
new_block->next=0x0x0000000000000000
[heap] SPLIT block=0x0xFFFF9000002E3000 alloc=0x0x000000000002C9D0 remainder=0x0xFFFF90000030F9F0 rem_size=0x0x00000000000005F0
[heap] KMALLOC ptr=0x0xFFFF9000002E3020 size=0x0x000000000002C9D0 ra0=0x0xFFFFFFFF80004048 ra1=0x0xFFFFFFFF800111E8 ra2=0x0xFFFFFFFF800164D6
[VMM] kmap va=0xFFFF900000310000 pa=0x0000000004C44000
[VMM] kmap va=0xFFFF900000311000 pa=0x0000000004C45000
[VMM] kmap va=0xFFFF900000312000 pa=0x0000000004C46000
[VMM] kmap va=0xFFFF900000313000 pa=0x0000000004C47000
[VMM] kmap va=0xFFFF900000314000 pa=0x0000000004C48000
[VMM] kmap va=0xFFFF900000315000 pa=0x0000000004C49000
[VMM] kmap va=0xFFFF900000316000 pa=0x0000000004C4A000
[VMM] kmap va=0xFFFF900000317000 pa=0x0000000004C4B000
[VMM] kmap va=0xFFFF900000318000 pa=0x0000000004C4C000
[VMM] kmap va=0xFFFF900000319000 pa=0x0000000004C4D000
[VMM] kmap va=0xFFFF90000031A000 pa=0x0000000004C4E000
[VMM] kmap va=0xFFFF90000031B000 pa=0x0000000004C4F000
[VMM] kmap va=0xFFFF90000031C000 pa=0x0000000004C50000
[VMM] kmap va=0xFFFF90000031D000 pa=0x0000000004C51000
[VMM] kmap va=0xFFFF90000031E000 pa=0x0000000004C52000
[VMM] kmap va=0xFFFF90000031F000 pa=0x0000000004C53000
[VMM] kmap va=0xFFFF900000320000 pa=0x0000000004C54000
[VMM] kmap va=0xFFFF900000321000 pa=0x0000000004C55000
[VMM] kmap va=0xFFFF900000322000 pa=0x0000000004C56000
[VMM] kmap va=0xFFFF900000323000 pa=0x0000000004C57000
[VMM] kmap va=0xFFFF900000324000 pa=0x0000000004C58000
[VMM] kmap va=0xFFFF900000325000 pa=0x0000000004C59000
[VMM] kmap va=0xFFFF900000326000 pa=0x0000000004C5A000
[VMM] kmap va=0xFFFF900000327000 pa=0x0000000004C5B000
[VMM] kmap va=0xFFFF900000328000 pa=0x0000000004C5C000
[VMM] kmap va=0xFFFF900000329000 pa=0x0000000004C5D000
[VMM] kmap va=0xFFFF90000032A000 pa=0x0000000004C5E000
[VMM] kmap va=0xFFFF90000032B000 pa=0x0000000004C5F000
[VMM] kmap va=0xFFFF90000032C000 pa=0x0000000004C60000
[VMM] kmap va=0xFFFF90000032D000 pa=0x0000000004C61000
[VMM] kmap va=0xFFFF90000032E000 pa=0x0000000004C62000
[VMM] kmap va=0xFFFF90000032F000 pa=0x0000000004C63000
[VMM] kmap va=0xFFFF900000330000 pa=0x0000000004C64000
[VMM] kmap va=0xFFFF900000331000 pa=0x0000000004C65000
[VMM] kmap va=0xFFFF900000332000 pa=0x0000000004C66000
[VMM] kmap va=0xFFFF900000333000 pa=0x0000000004C67000
[VMM] kmap va=0xFFFF900000334000 pa=0x0000000004C68000
[VMM] kmap va=0xFFFF900000335000 pa=0x0000000004C69000
[VMM] kmap va=0xFFFF900000336000 pa=0x0000000004C6A000
[VMM] kmap va=0xFFFF900000337000 pa=0x0000000004C6B000
[VMM] kmap va=0xFFFF900000338000 pa=0x0000000004C6C000
[VMM] kmap va=0xFFFF900000339000 pa=0x0000000004C6D000
[VMM] kmap va=0xFFFF90000033A000 pa=0x0000000004C6E000
[VMM] kmap va=0xFFFF90000033B000 pa=0x0000000004C6F000
[VMM] kmap va=0xFFFF90000033C000 pa=0x0000000004C70000
[VMM] kmap va=0xFFFF90000033D000 pa=0x0000000004C71000
[VMM] kmap va=0xFFFF90000033E000 pa=0x0000000004C72000
[VMM] kmap va=0xFFFF90000033F000 pa=0x0000000004C73000
[VMM] kmap va=0xFFFF900000340000 pa=0x0000000004C74000
[VMM] kmap va=0xFFFF900000341000 pa=0x0000000004C75000
[VMM] kmap va=0xFFFF900000342000 pa=0x0000000004C76000
[VMM] kmap va=0xFFFF900000343000 pa=0x0000000004C77000
[VMM] kmap va=0xFFFF900000344000 pa=0x0000000004C78000
[VMM] kmap va=0xFFFF900000345000 pa=0x0000000004C79000
[VMM] kmap va=0xFFFF900000346000 pa=0x0000000004C7A000
[VMM] kmap va=0xFFFF900000347000 pa=0x0000000004C7B000
[VMM] kmap va=0xFFFF900000348000 pa=0x0000000004C7C000
[VMM] kmap va=0xFFFF900000349000 pa=0x0000000004C7D000
[VMM] kmap va=0xFFFF90000034A000 pa=0x0000000004C7E000
[VMM] kmap va=0xFFFF90000034B000 pa=0x0000000004C7F000
[VMM] kmap va=0xFFFF90000034C000 pa=0x0000000004C80000
[VMM] kmap va=0xFFFF90000034D000 pa=0x0000000004C81000
[VMM] kmap va=0xFFFF90000034E000 pa=0x0000000004C82000
[VMM] kmap va=0xFFFF90000034F000 pa=0x0000000004C83000
[VMM] kmap va=0xFFFF900000350000 pa=0x0000000004C84000
[VMM] kmap va=0xFFFF900000351000 pa=0x0000000004C85000
[VMM] kmap va=0xFFFF900000352000 pa=0x0000000004C86000
[VMM] kmap va=0xFFFF900000353000 pa=0x0000000004C87000
[VMM] kmap va=0xFFFF900000354000 pa=0x0000000004C88000
[VMM] kmap va=0xFFFF900000355000 pa=0x0000000004C89000
[VMM] kmap va=0xFFFF900000356000 pa=0x0000000004C8A000
[VMM] kmap va=0xFFFF900000357000 pa=0x0000000004C8B000
[VMM] kmap va=0xFFFF900000358000 pa=0x0000000004C8C000
[VMM] kmap va=0xFFFF900000359000 pa=0x0000000004C8D000
[VMM] kmap va=0xFFFF90000035A000 pa=0x0000000004C8E000
[VMM] kmap va=0xFFFF90000035B000 pa=0x0000000004C8F000
[VMM] kmap va=0xFFFF90000035C000 pa=0x0000000004C90000
[VMM] kmap va=0xFFFF90000035D000 pa=0x0000000004C91000
[VMM] kmap va=0xFFFF90000035E000 pa=0x0000000004C92000
[VMM] kmap va=0xFFFF90000035F000 pa=0x0000000004C93000
[VMM] kmap va=0xFFFF900000360000 pa=0x0000000004C94000
[VMM] kmap va=0xFFFF900000361000 pa=0x0000000004C95000
[VMM] kmap va=0xFFFF900000362000 pa=0x0000000004C96000
[VMM] kmap va=0xFFFF900000363000 pa=0x0000000004C97000
[VMM] kmap va=0xFFFF900000364000 pa=0x0000000004C98000
[VMM] kmap va=0xFFFF900000365000 pa=0x0000000004C99000
[VMM] kmap va=0xFFFF900000366000 pa=0x0000000004C9A000
[VMM] kmap va=0xFFFF900000367000 pa=0x0000000004C9B000
[VMM] kmap va=0xFFFF900000368000 pa=0x0000000004C9C000
[VMM] kmap va=0xFFFF900000369000 pa=0x0000000004C9D000
[VMM] kmap va=0xFFFF90000036A000 pa=0x0000000004C9E000
[VMM] kmap va=0xFFFF90000036B000 pa=0x0000000004C9F000
[VMM] kmap va=0xFFFF90000036C000 pa=0x0000000004CA0000
[VMM] kmap va=0xFFFF90000036D000 pa=0x0000000004CA1000
[VMM] kmap va=0xFFFF90000036E000 pa=0x0000000004CA2000
[VMM] kmap va=0xFFFF90000036F000 pa=0x0000000004CA3000
[VMM] kmap va=0xFFFF900000370000 pa=0x0000000004CA4000
[VMM] kmap va=0xFFFF900000371000 pa=0x0000000004CA5000
[VMM] kmap va=0xFFFF900000372000 pa=0x0000000004CA6000
[VMM] kmap va=0xFFFF900000373000 pa=0x0000000004CA7000
[VMM] kmap va=0xFFFF900000374000 pa=0x0000000004CA8000
[VMM] kmap va=0xFFFF900000375000 pa=0x0000000004CA9000
[VMM] kmap va=0xFFFF900000376000 pa=0x0000000004CAA000
[VMM] kmap va=0xFFFF900000377000 pa=0x0000000004CAB000
[VMM] kmap va=0xFFFF900000378000 pa=0x0000000004CAC000
[VMM] kmap va=0xFFFF900000379000 pa=0x0000000004CAD000
[VMM] kmap va=0xFFFF90000037A000 pa=0x0000000004CAE000
[VMM] kmap va=0xFFFF90000037B000 pa=0x0000000004CAF000
[VMM] kmap va=0xFFFF90000037C000 pa=0x0000000004CB0000
[VMM] kmap va=0xFFFF90000037D000 pa=0x0000000004CB1000
[VMM] kmap va=0xFFFF90000037E000 pa=0x0000000004CB2000
[VMM] kmap va=0xFFFF90000037F000 pa=0x0000000004CB3000
[VMM] kmap va=0xFFFF900000380000 pa=0x0000000004CB4000
[VMM] kmap va=0xFFFF900000381000 pa=0x0000000004CB5000
[VMM] kmap va=0xFFFF900000382000 pa=0x0000000004CB6000
[VMM] kmap va=0xFFFF900000383000 pa=0x0000000004CB7000
[VMM] kmap va=0xFFFF900000384000 pa=0x0000000004CB8000
[VMM] kmap va=0xFFFF900000385000 pa=0x0000000004CB9000
[VMM] kmap va=0xFFFF900000386000 pa=0x0000000004CBA000
[VMM] kmap va=0xFFFF900000387000 pa=0x0000000004CBB000
[VMM] kmap va=0xFFFF900000388000 pa=0x0000000004CBC000
[VMM] kmap va=0xFFFF900000389000 pa=0x0000000004CBD000
[VMM] kmap va=0xFFFF90000038A000 pa=0x0000000004CBE000
[VMM] kmap va=0xFFFF90000038B000 pa=0x0000000004CBF000
[VMM] kmap va=0xFFFF90000038C000 pa=0x0000000004CC0000
[VMM] kmap va=0xFFFF90000038D000 pa=0x0000000004CC1000
[VMM] kmap va=0xFFFF90000038E000 pa=0x0000000004CC2000
[VMM] kmap va=0xFFFF90000038F000 pa=0x0000000004CC3000
[VMM] kmap va=0xFFFF900000390000 pa=0x0000000004CC4000
[BEFORE SPLIT]
current=0x0xFFFF900000310000
current->size=0x0x0000000000080FE0
request=0x0x0000000000080400
header=0x0x0000000000000020
[AFTER SPLIT]
new_block=0x0xFFFF900000390420
new_block->size=0x0x0000000000000BC0
new_block->magic=0x0x00000000DEADC0DE
new_block->next=0x0x0000000000000000
[heap] SPLIT block=0x0xFFFF900000310000 alloc=0x0x0000000000080400 remainder=0x0xFFFF900000390420 rem_size=0x0x0000000000000BC0
[heap] KMALLOC ptr=0x0xFFFF900000310020 size=0x0x0000000000080400 ra0=0x0xFFFFFFFF80011074 ra1=0x0xFFFFFFFF800164D6 ra2=0x0x0000000004004280
[heap] KFREE ptr=0x0xFFFF9000002E3020 size=0x0x000000000002C9D0 ra0=0x0xFFFFFFFF80011042
[MERGE CHECK]
current=0x0xFFFF9000002E2A50
expected_next=0x0xFFFF9000002E3000
actual_next=0x0xFFFF9000002E3000
[heap] MERGE into=0x0xFFFF9000002E2A50 absorb=0x0xFFFF9000002E3000 new_size=0x0x000000000002CF80
[MERGE CHECK]
current=0x0xFFFF9000002E2A50
expected_next=0x0xFFFF90000030F9F0
actual_next=0x0xFFFF90000030F9F0
[heap] MERGE into=0x0xFFFF9000002E2A50 absorb=0x0xFFFF90000030F9F0 new_size=0x0x000000000002D590
[VMM] kmap va=0xFFFF900000391000 pa=0x0000000004CC5000
[VMM] kmap va=0xFFFF900000392000 pa=0x0000000004CC6000
[VMM] kmap va=0xFFFF900000393000 pa=0x0000000004CC7000
[VMM] kmap va=0xFFFF900000394000 pa=0x0000000004CC8000
[VMM] kmap va=0xFFFF900000395000 pa=0x0000000004CC9000
[VMM] kmap va=0xFFFF900000396000 pa=0x0000000004CCA000
[VMM] kmap va=0xFFFF900000397000 pa=0x0000000004CCB000
[VMM] kmap va=0xFFFF900000398000 pa=0x0000000004CCC000
[VMM] kmap va=0xFFFF900000399000 pa=0x0000000004CCD000
[VMM] kmap va=0xFFFF90000039A000 pa=0x0000000004CCE000
[VMM] kmap va=0xFFFF90000039B000 pa=0x0000000004CCF000
[VMM] kmap va=0xFFFF90000039C000 pa=0x0000000004CD0000
[VMM] kmap va=0xFFFF90000039D000 pa=0x0000000004CD1000
[VMM] kmap va=0xFFFF90000039E000 pa=0x0000000004CD2000
[VMM] kmap va=0xFFFF90000039F000 pa=0x0000000004CD3000
[VMM] kmap va=0xFFFF9000003A0000 pa=0x0000000004CD4000
[VMM] kmap va=0xFFFF9000003A1000 pa=0x0000000004CD5000
[VMM] kmap va=0xFFFF9000003A2000 pa=0x0000000004CD6000
[VMM] kmap va=0xFFFF9000003A3000 pa=0x0000000004CD7000
[VMM] kmap va=0xFFFF9000003A4000 pa=0x0000000004CD8000
[VMM] kmap va=0xFFFF9000003A5000 pa=0x0000000004CD9000
[VMM] kmap va=0xFFFF9000003A6000 pa=0x0000000004CDA000
[VMM] kmap va=0xFFFF9000003A7000 pa=0x0000000004CDB000
[VMM] kmap va=0xFFFF9000003A8000 pa=0x0000000004CDC000
[VMM] kmap va=0xFFFF9000003A9000 pa=0x0000000004CDD000
[VMM] kmap va=0xFFFF9000003AA000 pa=0x0000000004CDE000
[VMM] kmap va=0xFFFF9000003AB000 pa=0x0000000004CDF000
[VMM] kmap va=0xFFFF9000003AC000 pa=0x0000000004CE0000
[VMM] kmap va=0xFFFF9000003AD000 pa=0x0000000004CE1000
[VMM] kmap va=0xFFFF9000003AE000 pa=0x0000000004CE2000
[VMM] kmap va=0xFFFF9000003AF000 pa=0x0000000004CE3000
[VMM] kmap va=0xFFFF9000003B0000 pa=0x0000000004CE4000
[VMM] kmap va=0xFFFF9000003B1000 pa=0x0000000004CE5000
[VMM] kmap va=0xFFFF9000003B2000 pa=0x0000000004CE6000
[VMM] kmap va=0xFFFF9000003B3000 pa=0x0000000004CE7000
[VMM] kmap va=0xFFFF9000003B4000 pa=0x0000000004CE8000
[VMM] kmap va=0xFFFF9000003B5000 pa=0x0000000004CE9000
[VMM] kmap va=0xFFFF9000003B6000 pa=0x0000000004CEA000
[VMM] kmap va=0xFFFF9000003B7000 pa=0x0000000004CEB000
[VMM] kmap va=0xFFFF9000003B8000 pa=0x0000000004CEC000
[VMM] kmap va=0xFFFF9000003B9000 pa=0x0000000004CED000
[VMM] kmap va=0xFFFF9000003BA000 pa=0x0000000004CEE000
[VMM] kmap va=0xFFFF9000003BB000 pa=0x0000000004CEF000
[VMM] kmap va=0xFFFF9000003BC000 pa=0x0000000004CF0000
[VMM] kmap va=0xFFFF9000003BD000 pa=0x0000000004CF1000
[VMM] kmap va=0xFFFF9000003BE000 pa=0x0000000004CF2000
[VMM] kmap va=0xFFFF9000003BF000 pa=0x0000000004CF3000
[VMM] kmap va=0xFFFF9000003C0000 pa=0x0000000004CF4000
[VMM] kmap va=0xFFFF9000003C1000 pa=0x0000000004CF5000
[VMM] kmap va=0xFFFF9000003C2000 pa=0x0000000004CF6000
[VMM] kmap va=0xFFFF9000003C3000 pa=0x0000000004CF7000
[VMM] kmap va=0xFFFF9000003C4000 pa=0x0000000004CF8000
[VMM] kmap va=0xFFFF9000003C5000 pa=0x0000000004CF9000
[VMM] kmap va=0xFFFF9000003C6000 pa=0x0000000004CFA000
[VMM] kmap va=0xFFFF9000003C7000 pa=0x0000000004CFB000
[VMM] kmap va=0xFFFF9000003C8000 pa=0x0000000004CFC000
[VMM] kmap va=0xFFFF9000003C9000 pa=0x0000000004CFD000
[VMM] kmap va=0xFFFF9000003CA000 pa=0x0000000004CFE000
[VMM] kmap va=0xFFFF9000003CB000 pa=0x0000000004CFF000
[VMM] kmap va=0xFFFF9000003CC000 pa=0x0000000004D00000
[VMM] kmap va=0xFFFF9000003CD000 pa=0x0000000004D01000
[VMM] kmap va=0xFFFF9000003CE000 pa=0x0000000004D02000
[VMM] kmap va=0xFFFF9000003CF000 pa=0x0000000004D03000
[VMM] kmap va=0xFFFF9000003D0000 pa=0x0000000004D04000
[VMM] kmap va=0xFFFF9000003D1000 pa=0x0000000004D05000
[VMM] kmap va=0xFFFF9000003D2000 pa=0x0000000004D06000
[VMM] kmap va=0xFFFF9000003D3000 pa=0x0000000004D07000
[VMM] kmap va=0xFFFF9000003D4000 pa=0x0000000004D08000
[VMM] kmap va=0xFFFF9000003D5000 pa=0x0000000004D09000
[VMM] kmap va=0xFFFF9000003D6000 pa=0x0000000004D0A000
[VMM] kmap va=0xFFFF9000003D7000 pa=0x0000000004D0B000
[VMM] kmap va=0xFFFF9000003D8000 pa=0x0000000004D0C000
[VMM] kmap va=0xFFFF9000003D9000 pa=0x0000000004D0D000
[VMM] kmap va=0xFFFF9000003DA000 pa=0x0000000004D0E000
[VMM] kmap va=0xFFFF9000003DB000 pa=0x0000000004D0F000
[VMM] kmap va=0xFFFF9000003DC000 pa=0x0000000004D10000
[VMM] kmap va=0xFFFF9000003DD000 pa=0x0000000004D11000
[VMM] kmap va=0xFFFF9000003DE000 pa=0x0000000004D12000
[VMM] kmap va=0xFFFF9000003DF000 pa=0x0000000004D13000
[VMM] kmap va=0xFFFF9000003E0000 pa=0x0000000004D14000
[VMM] kmap va=0xFFFF9000003E1000 pa=0x0000000004D15000
[VMM] kmap va=0xFFFF9000003E2000 pa=0x0000000004D16000
[VMM] kmap va=0xFFFF9000003E3000 pa=0x0000000004D17000
[VMM] kmap va=0xFFFF9000003E4000 pa=0x0000000004D18000
[VMM] kmap va=0xFFFF9000003E5000 pa=0x0000000004D19000
[VMM] kmap va=0xFFFF9000003E6000 pa=0x0000000004D1A000
[VMM] kmap va=0xFFFF9000003E7000 pa=0x0000000004D1B000
[VMM] kmap va=0xFFFF9000003E8000 pa=0x0000000004D1C000
[VMM] kmap va=0xFFFF9000003E9000 pa=0x0000000004D1D000
[VMM] kmap va=0xFFFF9000003EA000 pa=0x0000000004D1E000
[VMM] kmap va=0xFFFF9000003EB000 pa=0x0000000004D1F000
[VMM] kmap va=0xFFFF9000003EC000 pa=0x0000000004D20000
[VMM] kmap va=0xFFFF9000003ED000 pa=0x0000000004D21000
[VMM] kmap va=0xFFFF9000003EE000 pa=0x0000000004D22000
[VMM] kmap va=0xFFFF9000003EF000 pa=0x0000000004D23000
[VMM] kmap va=0xFFFF9000003F0000 pa=0x0000000004D24000
[VMM] kmap va=0xFFFF9000003F1000 pa=0x0000000004D25000
[VMM] kmap va=0xFFFF9000003F2000 pa=0x0000000004D26000
[VMM] kmap va=0xFFFF9000003F3000 pa=0x0000000004D27000
[VMM] kmap va=0xFFFF9000003F4000 pa=0x0000000004D28000
[VMM] kmap va=0xFFFF9000003F5000 pa=0x0000000004D29000
[VMM] kmap va=0xFFFF9000003F6000 pa=0x0000000004D2A000
[VMM] kmap va=0xFFFF9000003F7000 pa=0x0000000004D2B000
[VMM] kmap va=0xFFFF9000003F8000 pa=0x0000000004D2C000
[VMM] kmap va=0xFFFF9000003F9000 pa=0x0000000004D2D000
[VMM] kmap va=0xFFFF9000003FA000 pa=0x0000000004D2E000
[VMM] kmap va=0xFFFF9000003FB000 pa=0x0000000004D2F000
[VMM] kmap va=0xFFFF9000003FC000 pa=0x0000000004D30000
[VMM] kmap va=0xFFFF9000003FD000 pa=0x0000000004D31000
[VMM] kmap va=0xFFFF9000003FE000 pa=0x0000000004D32000
[VMM] kmap va=0xFFFF9000003FF000 pa=0x0000000004D33000
[VMM] kmap va=0xFFFF900000400000 pa=0x0000000004D34000
[VMM] kmap va=0xFFFF900000401000 pa=0x0000000004D36000
[VMM] kmap va=0xFFFF900000402000 pa=0x0000000004D37000
[VMM] kmap va=0xFFFF900000403000 pa=0x0000000004D38000
[VMM] kmap va=0xFFFF900000404000 pa=0x0000000004D39000
[VMM] kmap va=0xFFFF900000405000 pa=0x0000000004D3A000
[VMM] kmap va=0xFFFF900000406000 pa=0x0000000004D3B000
[VMM] kmap va=0xFFFF900000407000 pa=0x0000000004D3C000
[VMM] kmap va=0xFFFF900000408000 pa=0x0000000004D3D000
[VMM] kmap va=0xFFFF900000409000 pa=0x0000000004D3E000
[VMM] kmap va=0xFFFF90000040A000 pa=0x0000000004D3F000
[VMM] kmap va=0xFFFF90000040B000 pa=0x0000000004D40000
[VMM] kmap va=0xFFFF90000040C000 pa=0x0000000004D41000
[VMM] kmap va=0xFFFF90000040D000 pa=0x0000000004D42000
[VMM] kmap va=0xFFFF90000040E000 pa=0x0000000004D43000
[VMM] kmap va=0xFFFF90000040F000 pa=0x0000000004D44000
[VMM] kmap va=0xFFFF900000410000 pa=0x0000000004D45000
[VMM] kmap va=0xFFFF900000411000 pa=0x0000000004D46000
[VMM] kmap va=0xFFFF900000412000 pa=0x0000000004D47000
[VMM] kmap va=0xFFFF900000413000 pa=0x0000000004D48000
[VMM] kmap va=0xFFFF900000414000 pa=0x0000000004D49000
[VMM] kmap va=0xFFFF900000415000 pa=0x0000000004D4A000
[VMM] kmap va=0xFFFF900000416000 pa=0x0000000004D4B000
[VMM] kmap va=0xFFFF900000417000 pa=0x0000000004D4C000
[VMM] kmap va=0xFFFF900000418000 pa=0x0000000004D4D000
[VMM] kmap va=0xFFFF900000419000 pa=0x0000000004D4E000
[VMM] kmap va=0xFFFF90000041A000 pa=0x0000000004D4F000
[VMM] kmap va=0xFFFF90000041B000 pa=0x0000000004D50000
[VMM] kmap va=0xFFFF90000041C000 pa=0x0000000004D51000
[VMM] kmap va=0xFFFF90000041D000 pa=0x0000000004D52000
[VMM] kmap va=0xFFFF90000041E000 pa=0x0000000004D53000
[VMM] kmap va=0xFFFF90000041F000 pa=0x0000000004D54000
[VMM] kmap va=0xFFFF900000420000 pa=0x0000000004D55000
[VMM] kmap va=0xFFFF900000421000 pa=0x0000000004D56000
[VMM] kmap va=0xFFFF900000422000 pa=0x0000000004D57000
[VMM] kmap va=0xFFFF900000423000 pa=0x0000000004D58000
[VMM] kmap va=0xFFFF900000424000 pa=0x0000000004D59000
[VMM] kmap va=0xFFFF900000425000 pa=0x0000000004D5A000
[VMM] kmap va=0xFFFF900000426000 pa=0x0000000004D5B000
[VMM] kmap va=0xFFFF900000427000 pa=0x0000000004D5C000
[VMM] kmap va=0xFFFF900000428000 pa=0x0000000004D5D000
[VMM] kmap va=0xFFFF900000429000 pa=0x0000000004D5E000
[VMM] kmap va=0xFFFF90000042A000 pa=0x0000000004D5F000
[VMM] kmap va=0xFFFF90000042B000 pa=0x0000000004D60000
[VMM] kmap va=0xFFFF90000042C000 pa=0x0000000004D61000
[VMM] kmap va=0xFFFF90000042D000 pa=0x0000000004D62000
[VMM] kmap va=0xFFFF90000042E000 pa=0x0000000004D63000
[VMM] kmap va=0xFFFF90000042F000 pa=0x0000000004D64000
[VMM] kmap va=0xFFFF900000430000 pa=0x0000000004D65000
[VMM] kmap va=0xFFFF900000431000 pa=0x0000000004D66000
[VMM] kmap va=0xFFFF900000432000 pa=0x0000000004D67000
[VMM] kmap va=0xFFFF900000433000 pa=0x0000000004D68000
[VMM] kmap va=0xFFFF900000434000 pa=0x0000000004D69000
[VMM] kmap va=0xFFFF900000435000 pa=0x0000000004D6A000
[VMM] kmap va=0xFFFF900000436000 pa=0x0000000004D6B000
[VMM] kmap va=0xFFFF900000437000 pa=0x0000000004D6C000
[VMM] kmap va=0xFFFF900000438000 pa=0x0000000004D6D000
[VMM] kmap va=0xFFFF900000439000 pa=0x0000000004D6E000
[VMM] kmap va=0xFFFF90000043A000 pa=0x0000000004D6F000
[VMM] kmap va=0xFFFF90000043B000 pa=0x0000000004D70000
[VMM] kmap va=0xFFFF90000043C000 pa=0x0000000004D71000
[VMM] kmap va=0xFFFF90000043D000 pa=0x0000000004D72000
[VMM] kmap va=0xFFFF90000043E000 pa=0x0000000004D73000
[VMM] kmap va=0xFFFF90000043F000 pa=0x0000000004D74000
[VMM] kmap va=0xFFFF900000440000 pa=0x0000000004D75000
[VMM] kmap va=0xFFFF900000441000 pa=0x0000000004D76000
[VMM] kmap va=0xFFFF900000442000 pa=0x0000000004D77000
[VMM] kmap va=0xFFFF900000443000 pa=0x0000000004D78000
[VMM] kmap va=0xFFFF900000444000 pa=0x0000000004D79000
[VMM] kmap va=0xFFFF900000445000 pa=0x0000000004D7A000
[VMM] kmap va=0xFFFF900000446000 pa=0x0000000004D7B000
[VMM] kmap va=0xFFFF900000447000 pa=0x0000000004D7C000
[VMM] kmap va=0xFFFF900000448000 pa=0x0000000004D7D000
[VMM] kmap va=0xFFFF900000449000 pa=0x0000000004D7E000
[VMM] kmap va=0xFFFF90000044A000 pa=0x0000000004D7F000
[VMM] kmap va=0xFFFF90000044B000 pa=0x0000000004D80000
[VMM] kmap va=0xFFFF90000044C000 pa=0x0000000004D81000
[VMM] kmap va=0xFFFF90000044D000 pa=0x0000000004D82000
[VMM] kmap va=0xFFFF90000044E000 pa=0x0000000004D83000
[VMM] kmap va=0xFFFF90000044F000 pa=0x0000000004D84000
[VMM] kmap va=0xFFFF900000450000 pa=0x0000000004D85000
[VMM] kmap va=0xFFFF900000451000 pa=0x0000000004D86000
[VMM] kmap va=0xFFFF900000452000 pa=0x0000000004D87000
[VMM] kmap va=0xFFFF900000453000 pa=0x0000000004D88000
[VMM] kmap va=0xFFFF900000454000 pa=0x0000000004D89000
[VMM] kmap va=0xFFFF900000455000 pa=0x0000000004D8A000
[VMM] kmap va=0xFFFF900000456000 pa=0x0000000004D8B000
[VMM] kmap va=0xFFFF900000457000 pa=0x0000000004D8C000
[VMM] kmap va=0xFFFF900000458000 pa=0x0000000004D8D000
[VMM] kmap va=0xFFFF900000459000 pa=0x0000000004D8E000
[VMM] kmap va=0xFFFF90000045A000 pa=0x0000000004D8F000
[VMM] kmap va=0xFFFF90000045B000 pa=0x0000000004D90000
[VMM] kmap va=0xFFFF90000045C000 pa=0x0000000004D91000
[VMM] kmap va=0xFFFF90000045D000 pa=0x0000000004D92000
[VMM] kmap va=0xFFFF90000045E000 pa=0x0000000004D93000
[VMM] kmap va=0xFFFF90000045F000 pa=0x0000000004D94000
[VMM] kmap va=0xFFFF900000460000 pa=0x0000000004D95000
[VMM] kmap va=0xFFFF900000461000 pa=0x0000000004D96000
[VMM] kmap va=0xFFFF900000462000 pa=0x0000000004D97000
[VMM] kmap va=0xFFFF900000463000 pa=0x0000000004D98000
[VMM] kmap va=0xFFFF900000464000 pa=0x0000000004D99000
[VMM] kmap va=0xFFFF900000465000 pa=0x0000000004D9A000
[VMM] kmap va=0xFFFF900000466000 pa=0x0000000004D9B000
[VMM] kmap va=0xFFFF900000467000 pa=0x0000000004D9C000
[VMM] kmap va=0xFFFF900000468000 pa=0x0000000004D9D000
[VMM] kmap va=0xFFFF900000469000 pa=0x0000000004D9E000
[VMM] kmap va=0xFFFF90000046A000 pa=0x0000000004D9F000
[VMM] kmap va=0xFFFF90000046B000 pa=0x0000000004DA0000
[VMM] kmap va=0xFFFF90000046C000 pa=0x0000000004DA1000
[VMM] kmap va=0xFFFF90000046D000 pa=0x0000000004DA2000
[VMM] kmap va=0xFFFF90000046E000 pa=0x0000000004DA3000
[VMM] kmap va=0xFFFF90000046F000 pa=0x0000000004DA4000
[VMM] kmap va=0xFFFF900000470000 pa=0x0000000004DA5000
[VMM] kmap va=0xFFFF900000471000 pa=0x0000000004DA6000
[VMM] kmap va=0xFFFF900000472000 pa=0x0000000004DA7000
[VMM] kmap va=0xFFFF900000473000 pa=0x0000000004DA8000
[VMM] kmap va=0xFFFF900000474000 pa=0x0000000004DA9000
[VMM] kmap va=0xFFFF900000475000 pa=0x0000000004DAA000
[VMM] kmap va=0xFFFF900000476000 pa=0x0000000004DAB000
[VMM] kmap va=0xFFFF900000477000 pa=0x0000000004DAC000
[VMM] kmap va=0xFFFF900000478000 pa=0x0000000004DAD000
[VMM] kmap va=0xFFFF900000479000 pa=0x0000000004DAE000
[VMM] kmap va=0xFFFF90000047A000 pa=0x0000000004DAF000
[VMM] kmap va=0xFFFF90000047B000 pa=0x0000000004DB0000
[VMM] kmap va=0xFFFF90000047C000 pa=0x0000000004DB1000
[VMM] kmap va=0xFFFF90000047D000 pa=0x0000000004DB2000
[VMM] kmap va=0xFFFF90000047E000 pa=0x0000000004DB3000
[VMM] kmap va=0xFFFF90000047F000 pa=0x0000000004DB4000
[VMM] kmap va=0xFFFF900000480000 pa=0x0000000004DB5000
[VMM] kmap va=0xFFFF900000481000 pa=0x0000000004DB6000
[VMM] kmap va=0xFFFF900000482000 pa=0x0000000004DB7000
[VMM] kmap va=0xFFFF900000483000 pa=0x0000000004DB8000
[VMM] kmap va=0xFFFF900000484000 pa=0x0000000004DB9000
[VMM] kmap va=0xFFFF900000485000 pa=0x0000000004DBA000
[VMM] kmap va=0xFFFF900000486000 pa=0x0000000004DBB000
[VMM] kmap va=0xFFFF900000487000 pa=0x0000000004DBC000
[VMM] kmap va=0xFFFF900000488000 pa=0x0000000004DBD000
[VMM] kmap va=0xFFFF900000489000 pa=0x0000000004DBE000
[VMM] kmap va=0xFFFF90000048A000 pa=0x0000000004DBF000
[VMM] kmap va=0xFFFF90000048B000 pa=0x0000000004DC0000
[VMM] kmap va=0xFFFF90000048C000 pa=0x0000000004DC1000
[VMM] kmap va=0xFFFF90000048D000 pa=0x0000000004DC2000
[VMM] kmap va=0xFFFF90000048E000 pa=0x0000000004DC3000
[VMM] kmap va=0xFFFF90000048F000 pa=0x0000000004DC4000
[VMM] kmap va=0xFFFF900000490000 pa=0x0000000004DC5000
[VMM] kmap va=0xFFFF900000491000 pa=0x0000000004DC6000
[BEFORE SPLIT]
current=0x0xFFFF900000391000
current->size=0x0x0000000000100FE0
request=0x0x0000000000100000
header=0x0x0000000000000020
[AFTER SPLIT]
new_block=0x0xFFFF900000491020
new_block->size=0x0x0000000000000FC0
new_block->magic=0x0x00000000DEADC0DE
new_block->next=0x0x0000000000000000
[heap] SPLIT block=0x0xFFFF900000391000 alloc=0x0x0000000000100000 remainder=0x0xFFFF900000491020 rem_size=0x0x0000000000000FC0
[heap] KMALLOC ptr=0x0xFFFF900000391020 size=0x0x0000000000100000 ra0=0x0xFFFFFFFF80011074 ra1=0x0xFFFFFFFF800164D6 ra2=0x0x0000000004004F03
[BEFORE SPLIT]
current=0x0xFFFF9000000020C0
current->size=0x0x0000000000000F20
request=0x0x0000000000000400
header=0x0x0000000000000020
[AFTER SPLIT]
new_block=0x0xFFFF9000000024E0
new_block->size=0x0x0000000000000B00
new_block->magic=0x0x00000000DEADC0DE
new_block->next=0x0xFFFF900000003000
[heap] SPLIT block=0x0xFFFF9000000020C0 alloc=0x0x0000000000000400 remainder=0x0xFFFF9000000024E0 rem_size=0x0x0000000000000B00
[heap] KMALLOC ptr=0x0xFFFF9000000020E0 size=0x0x0000000000000400 ra0=0x0xFFFFFFFF80011074 ra1=0x0xFFFFFFFF800164D6 ra2=0x0x0000000004004FD3
[heap] KFREE ptr=0x0xFFFF9000000020E0 size=0x0x0000000000000400 ra0=0x0xFFFFFFFF80011042
[MERGE CHECK]
current=0x0xFFFF9000000020C0
expected_next=0x0xFFFF9000000024E0
actual_next=0x0xFFFF9000000024E0
[heap] MERGE into=0x0xFFFF9000000020C0 absorb=0x0xFFFF9000000024E0 new_size=0x0x0000000000000F20
[VMM] kmap va=0xFFFF900000492000 pa=0x0000000004DC7000
[VMM] kmap va=0xFFFF900000493000 pa=0x0000000004DC8000
[VMM] kmap va=0xFFFF900000494000 pa=0x0000000004DC9000
[VMM] kmap va=0xFFFF900000495000 pa=0x0000000004DCA000
[VMM] kmap va=0xFFFF900000496000 pa=0x0000000004DCB000
[VMM] kmap va=0xFFFF900000497000 pa=0x0000000004DCC000
[VMM] kmap va=0xFFFF900000498000 pa=0x0000000004DCD000
[VMM] kmap va=0xFFFF900000499000 pa=0x0000000004DCE000
[VMM] kmap va=0xFFFF90000049A000 pa=0x0000000004DCF000
[VMM] kmap va=0xFFFF90000049B000 pa=0x0000000004DD0000
[VMM] kmap va=0xFFFF90000049C000 pa=0x0000000004DD1000
[VMM] kmap va=0xFFFF90000049D000 pa=0x0000000004DD2000
[VMM] kmap va=0xFFFF90000049E000 pa=0x0000000004DD3000
[VMM] kmap va=0xFFFF90000049F000 pa=0x0000000004DD4000
[VMM] kmap va=0xFFFF9000004A0000 pa=0x0000000004DD5000
[VMM] kmap va=0xFFFF9000004A1000 pa=0x0000000004DD6000
[VMM] kmap va=0xFFFF9000004A2000 pa=0x0000000004DD7000
[VMM] kmap va=0xFFFF9000004A3000 pa=0x0000000004DD8000
[VMM] kmap va=0xFFFF9000004A4000 pa=0x0000000004DD9000
[VMM] kmap va=0xFFFF9000004A5000 pa=0x0000000004DDA000
[VMM] kmap va=0xFFFF9000004A6000 pa=0x0000000004DDB000
[VMM] kmap va=0xFFFF9000004A7000 pa=0x0000000004DDC000
[VMM] kmap va=0xFFFF9000004A8000 pa=0x0000000004DDD000
[VMM] kmap va=0xFFFF9000004A9000 pa=0x0000000004DDE000
[VMM] kmap va=0xFFFF9000004AA000 pa=0x0000000004DDF000
[VMM] kmap va=0xFFFF9000004AB000 pa=0x0000000004DE0000
[VMM] kmap va=0xFFFF9000004AC000 pa=0x0000000004DE1000
[VMM] kmap va=0xFFFF9000004AD000 pa=0x0000000004DE2000
[VMM] kmap va=0xFFFF9000004AE000 pa=0x0000000004DE3000
[VMM] kmap va=0xFFFF9000004AF000 pa=0x0000000004DE4000
[VMM] kmap va=0xFFFF9000004B0000 pa=0x0000000004DE5000
[VMM] kmap va=0xFFFF9000004B1000 pa=0x0000000004DE6000
[VMM] kmap va=0xFFFF9000004B2000 pa=0x0000000004DE7000
[VMM] kmap va=0xFFFF9000004B3000 pa=0x0000000004DE8000
[VMM] kmap va=0xFFFF9000004B4000 pa=0x0000000004DE9000
[VMM] kmap va=0xFFFF9000004B5000 pa=0x0000000004DEA000
[VMM] kmap va=0xFFFF9000004B6000 pa=0x0000000004DEB000
[VMM] kmap va=0xFFFF9000004B7000 pa=0x0000000004DEC000
[VMM] kmap va=0xFFFF9000004B8000 pa=0x0000000004DED000
[VMM] kmap va=0xFFFF9000004B9000 pa=0x0000000004DEE000
[VMM] kmap va=0xFFFF9000004BA000 pa=0x0000000004DEF000
[VMM] kmap va=0xFFFF9000004BB000 pa=0x0000000004DF0000
[VMM] kmap va=0xFFFF9000004BC000 pa=0x0000000004DF1000
[VMM] kmap va=0xFFFF9000004BD000 pa=0x0000000004DF2000
[VMM] kmap va=0xFFFF9000004BE000 pa=0x0000000004DF3000
[VMM] kmap va=0xFFFF9000004BF000 pa=0x0000000004DF4000
[VMM] kmap va=0xFFFF9000004C0000 pa=0x0000000004DF5000
[VMM] kmap va=0xFFFF9000004C1000 pa=0x0000000004DF6000
[VMM] kmap va=0xFFFF9000004C2000 pa=0x0000000004DF7000
[VMM] kmap va=0xFFFF9000004C3000 pa=0x0000000004DF8000
[VMM] kmap va=0xFFFF9000004C4000 pa=0x0000000004DF9000
[VMM] kmap va=0xFFFF9000004C5000 pa=0x0000000004DFA000
[VMM] kmap va=0xFFFF9000004C6000 pa=0x0000000004DFB000
[VMM] kmap va=0xFFFF9000004C7000 pa=0x0000000004DFC000
[VMM] kmap va=0xFFFF9000004C8000 pa=0x0000000004DFD000
[VMM] kmap va=0xFFFF9000004C9000 pa=0x0000000004DFE000
[VMM] kmap va=0xFFFF9000004CA000 pa=0x0000000004DFF000
[VMM] kmap va=0xFFFF9000004CB000 pa=0x0000000004E00000
[VMM] kmap va=0xFFFF9000004CC000 pa=0x0000000004E01000
[VMM] kmap va=0xFFFF9000004CD000 pa=0x0000000004E02000
[VMM] kmap va=0xFFFF9000004CE000 pa=0x0000000004E03000
[VMM] kmap va=0xFFFF9000004CF000 pa=0x0000000004E04000
[VMM] kmap va=0xFFFF9000004D0000 pa=0x0000000004E05000
[VMM] kmap va=0xFFFF9000004D1000 pa=0x0000000004E06000
[VMM] kmap va=0xFFFF9000004D2000 pa=0x0000000004E07000
[VMM] kmap va=0xFFFF9000004D3000 pa=0x0000000004E08000
[VMM] kmap va=0xFFFF9000004D4000 pa=0x0000000004E09000
[VMM] kmap va=0xFFFF9000004D5000 pa=0x0000000004E0A000
[VMM] kmap va=0xFFFF9000004D6000 pa=0x0000000004E0B000
[VMM] kmap va=0xFFFF9000004D7000 pa=0x0000000004E0C000
[VMM] kmap va=0xFFFF9000004D8000 pa=0x0000000004E0D000
[VMM] kmap va=0xFFFF9000004D9000 pa=0x0000000004E0E000
[VMM] kmap va=0xFFFF9000004DA000 pa=0x0000000004E0F000
[VMM] kmap va=0xFFFF9000004DB000 pa=0x0000000004E10000
[VMM] kmap va=0xFFFF9000004DC000 pa=0x0000000004E11000
[VMM] kmap va=0xFFFF9000004DD000 pa=0x0000000004E12000
[VMM] kmap va=0xFFFF9000004DE000 pa=0x0000000004E13000
[VMM] kmap va=0xFFFF9000004DF000 pa=0x0000000004E14000
[VMM] kmap va=0xFFFF9000004E0000 pa=0x0000000004E15000
[VMM] kmap va=0xFFFF9000004E1000 pa=0x0000000004E16000
[VMM] kmap va=0xFFFF9000004E2000 pa=0x0000000004E17000
[VMM] kmap va=0xFFFF9000004E3000 pa=0x0000000004E18000
[VMM] kmap va=0xFFFF9000004E4000 pa=0x0000000004E19000
[VMM] kmap va=0xFFFF9000004E5000 pa=0x0000000004E1A000
[VMM] kmap va=0xFFFF9000004E6000 pa=0x0000000004E1B000
[VMM] kmap va=0xFFFF9000004E7000 pa=0x0000000004E1C000
[VMM] kmap va=0xFFFF9000004E8000 pa=0x0000000004E1D000
[VMM] kmap va=0xFFFF9000004E9000 pa=0x0000000004E1E000
[VMM] kmap va=0xFFFF9000004EA000 pa=0x0000000004E1F000
[VMM] kmap va=0xFFFF9000004EB000 pa=0x0000000004E20000
[VMM] kmap va=0xFFFF9000004EC000 pa=0x0000000004E21000
[VMM] kmap va=0xFFFF9000004ED000 pa=0x0000000004E22000
[VMM] kmap va=0xFFFF9000004EE000 pa=0x0000000004E23000
[VMM] kmap va=0xFFFF9000004EF000 pa=0x0000000004E24000
[VMM] kmap va=0xFFFF9000004F0000 pa=0x0000000004E25000
[VMM] kmap va=0xFFFF9000004F1000 pa=0x0000000004E26000
[VMM] kmap va=0xFFFF9000004F2000 pa=0x0000000004E27000
[VMM] kmap va=0xFFFF9000004F3000 pa=0x0000000004E28000
[VMM] kmap va=0xFFFF9000004F4000 pa=0x0000000004E29000
[VMM] kmap va=0xFFFF9000004F5000 pa=0x0000000004E2A000
[VMM] kmap va=0xFFFF9000004F6000 pa=0x0000000004E2B000
[VMM] kmap va=0xFFFF9000004F7000 pa=0x0000000004E2C000
[VMM] kmap va=0xFFFF9000004F8000 pa=0x0000000004E2D000
[VMM] kmap va=0xFFFF9000004F9000 pa=0x0000000004E2E000
[VMM] kmap va=0xFFFF9000004FA000 pa=0x0000000004E2F000
[VMM] kmap va=0xFFFF9000004FB000 pa=0x0000000004E30000
[VMM] kmap va=0xFFFF9000004FC000 pa=0x0000000004E31000
[VMM] kmap va=0xFFFF9000004FD000 pa=0x0000000004E32000
[VMM] kmap va=0xFFFF9000004FE000 pa=0x0000000004E33000
[VMM] kmap va=0xFFFF9000004FF000 pa=0x0000000004E34000
[VMM] kmap va=0xFFFF900000500000 pa=0x0000000004E35000
[VMM] kmap va=0xFFFF900000501000 pa=0x0000000004E36000
[VMM] kmap va=0xFFFF900000502000 pa=0x0000000004E37000
[VMM] kmap va=0xFFFF900000503000 pa=0x0000000004E38000
[VMM] kmap va=0xFFFF900000504000 pa=0x0000000004E39000
[VMM] kmap va=0xFFFF900000505000 pa=0x0000000004E3A000
[VMM] kmap va=0xFFFF900000506000 pa=0x0000000004E3B000
[VMM] kmap va=0xFFFF900000507000 pa=0x0000000004E3C000
[VMM] kmap va=0xFFFF900000508000 pa=0x0000000004E3D000
[VMM] kmap va=0xFFFF900000509000 pa=0x0000000004E3E000
[VMM] kmap va=0xFFFF90000050A000 pa=0x0000000004E3F000
[VMM] kmap va=0xFFFF90000050B000 pa=0x0000000004E40000
[VMM] kmap va=0xFFFF90000050C000 pa=0x0000000004E41000
[VMM] kmap va=0xFFFF90000050D000 pa=0x0000000004E42000
[VMM] kmap va=0xFFFF90000050E000 pa=0x0000000004E43000
[VMM] kmap va=0xFFFF90000050F000 pa=0x0000000004E44000
[VMM] kmap va=0xFFFF900000510000 pa=0x0000000004E45000
[VMM] kmap va=0xFFFF900000511000 pa=0x0000000004E46000
[VMM] kmap va=0xFFFF900000512000 pa=0x0000000004E47000
[VMM] kmap va=0xFFFF900000513000 pa=0x0000000004E48000
[VMM] kmap va=0xFFFF900000514000 pa=0x0000000004E49000
[VMM] kmap va=0xFFFF900000515000 pa=0x0000000004E4A000
[VMM] kmap va=0xFFFF900000516000 pa=0x0000000004E4B000
[VMM] kmap va=0xFFFF900000517000 pa=0x0000000004E4C000
[VMM] kmap va=0xFFFF900000518000 pa=0x0000000004E4D000
[VMM] kmap va=0xFFFF900000519000 pa=0x0000000004E4E000
[VMM] kmap va=0xFFFF90000051A000 pa=0x0000000004E4F000
[VMM] kmap va=0xFFFF90000051B000 pa=0x0000000004E50000
[VMM] kmap va=0xFFFF90000051C000 pa=0x0000000004E51000
[VMM] kmap va=0xFFFF90000051D000 pa=0x0000000004E52000
[VMM] kmap va=0xFFFF90000051E000 pa=0x0000000004E53000
[VMM] kmap va=0xFFFF90000051F000 pa=0x0000000004E54000
[VMM] kmap va=0xFFFF900000520000 pa=0x0000000004E55000
[VMM] kmap va=0xFFFF900000521000 pa=0x0000000004E56000
[VMM] kmap va=0xFFFF900000522000 pa=0x0000000004E57000
[VMM] kmap va=0xFFFF900000523000 pa=0x0000000004E58000
[VMM] kmap va=0xFFFF900000524000 pa=0x0000000004E59000
[VMM] kmap va=0xFFFF900000525000 pa=0x0000000004E5A000
[VMM] kmap va=0xFFFF900000526000 pa=0x0000000004E5B000
[VMM] kmap va=0xFFFF900000527000 pa=0x0000000004E5C000
[VMM] kmap va=0xFFFF900000528000 pa=0x0000000004E5D000
[VMM] kmap va=0xFFFF900000529000 pa=0x0000000004E5E000
[VMM] kmap va=0xFFFF90000052A000 pa=0x0000000004E5F000
[VMM] kmap va=0xFFFF90000052B000 pa=0x0000000004E60000
[VMM] kmap va=0xFFFF90000052C000 pa=0x0000000004E61000
[VMM] kmap va=0xFFFF90000052D000 pa=0x0000000004E62000
[VMM] kmap va=0xFFFF90000052E000 pa=0x0000000004E63000
[VMM] kmap va=0xFFFF90000052F000 pa=0x0000000004E64000
[VMM] kmap va=0xFFFF900000530000 pa=0x0000000004E65000
[VMM] kmap va=0xFFFF900000531000 pa=0x0000000004E66000
[VMM] kmap va=0xFFFF900000532000 pa=0x0000000004E67000
[VMM] kmap va=0xFFFF900000533000 pa=0x0000000004E68000
[VMM] kmap va=0xFFFF900000534000 pa=0x0000000004E69000
[VMM] kmap va=0xFFFF900000535000 pa=0x0000000004E6A000
[VMM] kmap va=0xFFFF900000536000 pa=0x0000000004E6B000
[VMM] kmap va=0xFFFF900000537000 pa=0x0000000004E6C000
[VMM] kmap va=0xFFFF900000538000 pa=0x0000000004E6D000
[VMM] kmap va=0xFFFF900000539000 pa=0x0000000004E6E000
[VMM] kmap va=0xFFFF90000053A000 pa=0x0000000004E6F000
[VMM] kmap va=0xFFFF90000053B000 pa=0x0000000004E70000
[VMM] kmap va=0xFFFF90000053C000 pa=0x0000000004E71000
[VMM] kmap va=0xFFFF90000053D000 pa=0x0000000004E72000
[VMM] kmap va=0xFFFF90000053E000 pa=0x0000000004E73000
[VMM] kmap va=0xFFFF90000053F000 pa=0x0000000004E74000
[VMM] kmap va=0xFFFF900000540000 pa=0x0000000004E75000
[VMM] kmap va=0xFFFF900000541000 pa=0x0000000004E76000
[VMM] kmap va=0xFFFF900000542000 pa=0x0000000004E77000
[VMM] kmap va=0xFFFF900000543000 pa=0x0000000004E78000
[VMM] kmap va=0xFFFF900000544000 pa=0x0000000004E79000
[VMM] kmap va=0xFFFF900000545000 pa=0x0000000004E7A000
[VMM] kmap va=0xFFFF900000546000 pa=0x0000000004E7B000
[VMM] kmap va=0xFFFF900000547000 pa=0x0000000004E7C000
[VMM] kmap va=0xFFFF900000548000 pa=0x0000000004E7D000
[VMM] kmap va=0xFFFF900000549000 pa=0x0000000004E7E000
[VMM] kmap va=0xFFFF90000054A000 pa=0x0000000004E7F000
[VMM] kmap va=0xFFFF90000054B000 pa=0x0000000004E80000
[VMM] kmap va=0xFFFF90000054C000 pa=0x0000000004E81000
[VMM] kmap va=0xFFFF90000054D000 pa=0x0000000004E82000
[VMM] kmap va=0xFFFF90000054E000 pa=0x0000000004E83000
[VMM] kmap va=0xFFFF90000054F000 pa=0x0000000004E84000
[VMM] kmap va=0xFFFF900000550000 pa=0x0000000004E85000
[VMM] kmap va=0xFFFF900000551000 pa=0x0000000004E86000
[VMM] kmap va=0xFFFF900000552000 pa=0x0000000004E87000
[VMM] kmap va=0xFFFF900000553000 pa=0x0000000004E88000
[VMM] kmap va=0xFFFF900000554000 pa=0x0000000004E89000
[VMM] kmap va=0xFFFF900000555000 pa=0x0000000004E8A000
[VMM] kmap va=0xFFFF900000556000 pa=0x0000000004E8B000
[VMM] kmap va=0xFFFF900000557000 pa=0x0000000004E8C000
[VMM] kmap va=0xFFFF900000558000 pa=0x0000000004E8D000
[VMM] kmap va=0xFFFF900000559000 pa=0x0000000004E8E000
[VMM] kmap va=0xFFFF90000055A000 pa=0x0000000004E8F000
[VMM] kmap va=0xFFFF90000055B000 pa=0x0000000004E90000
[VMM] kmap va=0xFFFF90000055C000 pa=0x0000000004E91000
[VMM] kmap va=0xFFFF90000055D000 pa=0x0000000004E92000
[VMM] kmap va=0xFFFF90000055E000 pa=0x0000000004E93000
[VMM] kmap va=0xFFFF90000055F000 pa=0x0000000004E94000
[VMM] kmap va=0xFFFF900000560000 pa=0x0000000004E95000
[VMM] kmap va=0xFFFF900000561000 pa=0x0000000004E96000
[VMM] kmap va=0xFFFF900000562000 pa=0x0000000004E97000
[VMM] kmap va=0xFFFF900000563000 pa=0x0000000004E98000
[VMM] kmap va=0xFFFF900000564000 pa=0x0000000004E99000
[VMM] kmap va=0xFFFF900000565000 pa=0x0000000004E9A000
[VMM] kmap va=0xFFFF900000566000 pa=0x0000000004E9B000
[VMM] kmap va=0xFFFF900000567000 pa=0x0000000004E9C000
[VMM] kmap va=0xFFFF900000568000 pa=0x0000000004E9D000
[VMM] kmap va=0xFFFF900000569000 pa=0x0000000004E9E000
[VMM] kmap va=0xFFFF90000056A000 pa=0x0000000004E9F000
[VMM] kmap va=0xFFFF90000056B000 pa=0x0000000004EA0000
[VMM] kmap va=0xFFFF90000056C000 pa=0x0000000004EA1000
[VMM] kmap va=0xFFFF90000056D000 pa=0x0000000004EA2000
[VMM] kmap va=0xFFFF90000056E000 pa=0x0000000004EA3000
[VMM] kmap va=0xFFFF90000056F000 pa=0x0000000004EA4000
[VMM] kmap va=0xFFFF900000570000 pa=0x0000000004EA5000
[VMM] kmap va=0xFFFF900000571000 pa=0x0000000004EA6000
[VMM] kmap va=0xFFFF900000572000 pa=0x0000000004EA7000
[VMM] kmap va=0xFFFF900000573000 pa=0x0000000004EA8000
[VMM] kmap va=0xFFFF900000574000 pa=0x0000000004EA9000
[VMM] kmap va=0xFFFF900000575000 pa=0x0000000004EAA000
[VMM] kmap va=0xFFFF900000576000 pa=0x0000000004EAB000
[VMM] kmap va=0xFFFF900000577000 pa=0x0000000004EAC000
[VMM] kmap va=0xFFFF900000578000 pa=0x0000000004EAD000
[VMM] kmap va=0xFFFF900000579000 pa=0x0000000004EAE000
[VMM] kmap va=0xFFFF90000057A000 pa=0x0000000004EAF000
[VMM] kmap va=0xFFFF90000057B000 pa=0x0000000004EB0000
[VMM] kmap va=0xFFFF90000057C000 pa=0x0000000004EB1000
[VMM] kmap va=0xFFFF90000057D000 pa=0x0000000004EB2000
[VMM] kmap va=0xFFFF90000057E000 pa=0x0000000004EB3000
[VMM] kmap va=0xFFFF90000057F000 pa=0x0000000004EB4000
[VMM] kmap va=0xFFFF900000580000 pa=0x0000000004EB5000
[VMM] kmap va=0xFFFF900000581000 pa=0x0000000004EB6000
[VMM] kmap va=0xFFFF900000582000 pa=0x0000000004EB7000
[VMM] kmap va=0xFFFF900000583000 pa=0x0000000004EB8000
[VMM] kmap va=0xFFFF900000584000 pa=0x0000000004EB9000
[VMM] kmap va=0xFFFF900000585000 pa=0x0000000004EBA000
[VMM] kmap va=0xFFFF900000586000 pa=0x0000000004EBB000
[VMM] kmap va=0xFFFF900000587000 pa=0x0000000004EBC000
[VMM] kmap va=0xFFFF900000588000 pa=0x0000000004EBD000
[VMM] kmap va=0xFFFF900000589000 pa=0x0000000004EBE000
[VMM] kmap va=0xFFFF90000058A000 pa=0x0000000004EBF000
[VMM] kmap va=0xFFFF90000058B000 pa=0x0000000004EC0000
[VMM] kmap va=0xFFFF90000058C000 pa=0x0000000004EC1000
[VMM] kmap va=0xFFFF90000058D000 pa=0x0000000004EC2000
[VMM] kmap va=0xFFFF90000058E000 pa=0x0000000004EC3000
[VMM] kmap va=0xFFFF90000058F000 pa=0x0000000004EC4000
[VMM] kmap va=0xFFFF900000590000 pa=0x0000000004EC5000
[VMM] kmap va=0xFFFF900000591000 pa=0x0000000004EC6000
[VMM] kmap va=0xFFFF900000592000 pa=0x0000000004EC7000
[VMM] kmap va=0xFFFF900000593000 pa=0x0000000004EC8000
[VMM] kmap va=0xFFFF900000594000 pa=0x0000000004EC9000
[VMM] kmap va=0xFFFF900000595000 pa=0x0000000004ECA000
[VMM] kmap va=0xFFFF900000596000 pa=0x0000000004ECB000
[VMM] kmap va=0xFFFF900000597000 pa=0x0000000004ECC000
[VMM] kmap va=0xFFFF900000598000 pa=0x0000000004ECD000
[VMM] kmap va=0xFFFF900000599000 pa=0x0000000004ECE000
[VMM] kmap va=0xFFFF90000059A000 pa=0x0000000004ECF000
[VMM] kmap va=0xFFFF90000059B000 pa=0x0000000004ED0000
[VMM] kmap va=0xFFFF90000059C000 pa=0x0000000004ED1000
[VMM] kmap va=0xFFFF90000059D000 pa=0x0000000004ED2000
[VMM] kmap va=0xFFFF90000059E000 pa=0x0000000004ED3000
[VMM] kmap va=0xFFFF90000059F000 pa=0x0000000004ED4000
[VMM] kmap va=0xFFFF9000005A0000 pa=0x0000000004ED5000
[VMM] kmap va=0xFFFF9000005A1000 pa=0x0000000004ED6000
[VMM] kmap va=0xFFFF9000005A2000 pa=0x0000000004ED7000
[VMM] kmap va=0xFFFF9000005A3000 pa=0x0000000004ED8000
[VMM] kmap va=0xFFFF9000005A4000 pa=0x0000000004ED9000
[VMM] kmap va=0xFFFF9000005A5000 pa=0x0000000004EDA000
[VMM] kmap va=0xFFFF9000005A6000 pa=0x0000000004EDB000
[VMM] kmap va=0xFFFF9000005A7000 pa=0x0000000004EDC000
[VMM] kmap va=0xFFFF9000005A8000 pa=0x0000000004EDD000
[VMM] kmap va=0xFFFF9000005A9000 pa=0x0000000004EDE000
[VMM] kmap va=0xFFFF9000005AA000 pa=0x0000000004EDF000
[VMM] kmap va=0xFFFF9000005AB000 pa=0x0000000004EE0000
[VMM] kmap va=0xFFFF9000005AC000 pa=0x0000000004EE1000
[VMM] kmap va=0xFFFF9000005AD000 pa=0x0000000004EE2000
[VMM] kmap va=0xFFFF9000005AE000 pa=0x0000000004EE3000
[VMM] kmap va=0xFFFF9000005AF000 pa=0x0000000004EE4000
[VMM] kmap va=0xFFFF9000005B0000 pa=0x0000000004EE5000
[VMM] kmap va=0xFFFF9000005B1000 pa=0x0000000004EE6000
[VMM] kmap va=0xFFFF9000005B2000 pa=0x0000000004EE7000
[VMM] kmap va=0xFFFF9000005B3000 pa=0x0000000004EE8000
[VMM] kmap va=0xFFFF9000005B4000 pa=0x0000000004EE9000
[VMM] kmap va=0xFFFF9000005B5000 pa=0x0000000004EEA000
[VMM] kmap va=0xFFFF9000005B6000 pa=0x0000000004EEB000
[VMM] kmap va=0xFFFF9000005B7000 pa=0x0000000004EEC000
[VMM] kmap va=0xFFFF9000005B8000 pa=0x0000000004EED000
[VMM] kmap va=0xFFFF9000005B9000 pa=0x0000000004EEE000
[VMM] kmap va=0xFFFF9000005BA000 pa=0x0000000004EEF000
[VMM] kmap va=0xFFFF9000005BB000 pa=0x0000000004EF0000
[VMM] kmap va=0xFFFF9000005BC000 pa=0x0000000004EF1000
[VMM] kmap va=0xFFFF9000005BD000 pa=0x0000000004EF2000
[VMM] kmap va=0xFFFF9000005BE000 pa=0x0000000004EF3000
[VMM] kmap va=0xFFFF9000005BF000 pa=0x0000000004EF4000
[VMM] kmap va=0xFFFF9000005C0000 pa=0x0000000004EF5000
[VMM] kmap va=0xFFFF9000005C1000 pa=0x0000000004EF6000
[VMM] kmap va=0xFFFF9000005C2000 pa=0x0000000004EF7000
[VMM] kmap va=0xFFFF9000005C3000 pa=0x0000000004EF8000
[VMM] kmap va=0xFFFF9000005C4000 pa=0x0000000004EF9000
[VMM] kmap va=0xFFFF9000005C5000 pa=0x0000000004EFA000
[VMM] kmap va=0xFFFF9000005C6000 pa=0x0000000004EFB000
[VMM] kmap va=0xFFFF9000005C7000 pa=0x0000000004EFC000
[VMM] kmap va=0xFFFF9000005C8000 pa=0x0000000004EFD000
[VMM] kmap va=0xFFFF9000005C9000 pa=0x0000000004EFE000
[VMM] kmap va=0xFFFF9000005CA000 pa=0x0000000004EFF000
[VMM] kmap va=0xFFFF9000005CB000 pa=0x0000000004F00000
[VMM] kmap va=0xFFFF9000005CC000 pa=0x0000000004F01000
[VMM] kmap va=0xFFFF9000005CD000 pa=0x0000000004F02000
[VMM] kmap va=0xFFFF9000005CE000 pa=0x0000000004F03000
[VMM] kmap va=0xFFFF9000005CF000 pa=0x0000000004F04000
[VMM] kmap va=0xFFFF9000005D0000 pa=0x0000000004F05000
[VMM] kmap va=0xFFFF9000005D1000 pa=0x0000000004F06000
[VMM] kmap va=0xFFFF9000005D2000 pa=0x0000000004F07000
[VMM] kmap va=0xFFFF9000005D3000 pa=0x0000000004F08000
[VMM] kmap va=0xFFFF9000005D4000 pa=0x0000000004F09000
[VMM] kmap va=0xFFFF9000005D5000 pa=0x0000000004F0A000
[VMM] kmap va=0xFFFF9000005D6000 pa=0x0000000004F0B000
[VMM] kmap va=0xFFFF9000005D7000 pa=0x0000000004F0C000
[VMM] kmap va=0xFFFF9000005D8000 pa=0x0000000004F0D000
[VMM] kmap va=0xFFFF9000005D9000 pa=0x0000000004F0E000
[VMM] kmap va=0xFFFF9000005DA000 pa=0x0000000004F0F000
[VMM] kmap va=0xFFFF9000005DB000 pa=0x0000000004F10000
[VMM] kmap va=0xFFFF9000005DC000 pa=0x0000000004F11000
[VMM] kmap va=0xFFFF9000005DD000 pa=0x0000000004F12000
[VMM] kmap va=0xFFFF9000005DE000 pa=0x0000000004F13000
[VMM] kmap va=0xFFFF9000005DF000 pa=0x0000000004F14000
[VMM] kmap va=0xFFFF9000005E0000 pa=0x0000000004F15000
[VMM] kmap va=0xFFFF9000005E1000 pa=0x0000000004F16000
[VMM] kmap va=0xFFFF9000005E2000 pa=0x0000000004F17000
[VMM] kmap va=0xFFFF9000005E3000 pa=0x0000000004F18000
[VMM] kmap va=0xFFFF9000005E4000 pa=0x0000000004F19000
[VMM] kmap va=0xFFFF9000005E5000 pa=0x0000000004F1A000
[VMM] kmap va=0xFFFF9000005E6000 pa=0x0000000004F1B000
[VMM] kmap va=0xFFFF9000005E7000 pa=0x0000000004F1C000
[VMM] kmap va=0xFFFF9000005E8000 pa=0x0000000004F1D000
[VMM] kmap va=0xFFFF9000005E9000 pa=0x0000000004F1E000
[VMM] kmap va=0xFFFF9000005EA000 pa=0x0000000004F1F000
[VMM] kmap va=0xFFFF9000005EB000 pa=0x0000000004F20000
[VMM] kmap va=0xFFFF9000005EC000 pa=0x0000000004F21000
[VMM] kmap va=0xFFFF9000005ED000 pa=0x0000000004F22000
[VMM] kmap va=0xFFFF9000005EE000 pa=0x0000000004F23000
[VMM] kmap va=0xFFFF9000005EF000 pa=0x0000000004F24000
[VMM] kmap va=0xFFFF9000005F0000 pa=0x0000000004F25000
[VMM] kmap va=0xFFFF9000005F1000 pa=0x0000000004F26000
[VMM] kmap va=0xFFFF9000005F2000 pa=0x0000000004F27000
[VMM] kmap va=0xFFFF9000005F3000 pa=0x0000000004F28000
[VMM] kmap va=0xFFFF9000005F4000 pa=0x0000000004F29000
[VMM] kmap va=0xFFFF9000005F5000 pa=0x0000000004F2A000
[VMM] kmap va=0xFFFF9000005F6000 pa=0x0000000004F2B000
[VMM] kmap va=0xFFFF9000005F7000 pa=0x0000000004F2C000
[VMM] kmap va=0xFFFF9000005F8000 pa=0x0000000004F2D000
[VMM] kmap va=0xFFFF9000005F9000 pa=0x0000000004F2E000
[VMM] kmap va=0xFFFF9000005FA000 pa=0x0000000004F2F000
[VMM] kmap va=0xFFFF9000005FB000 pa=0x0000000004F30000
[VMM] kmap va=0xFFFF9000005FC000 pa=0x0000000004F31000
[VMM] kmap va=0xFFFF9000005FD000 pa=0x0000000004F32000
[VMM] kmap va=0xFFFF9000005FE000 pa=0x0000000004F33000
[VMM] kmap va=0xFFFF9000005FF000 pa=0x0000000004F34000
[VMM] kmap va=0xFFFF900000600000 pa=0x0000000004F35000
[VMM] kmap va=0xFFFF900000601000 pa=0x0000000004F37000
[VMM] kmap va=0xFFFF900000602000 pa=0x0000000004F38000
[VMM] kmap va=0xFFFF900000603000 pa=0x0000000004F39000
[VMM] kmap va=0xFFFF900000604000 pa=0x0000000004F3A000
[VMM] kmap va=0xFFFF900000605000 pa=0x0000000004F3B000
[VMM] kmap va=0xFFFF900000606000 pa=0x0000000004F3C000
[VMM] kmap va=0xFFFF900000607000 pa=0x0000000004F3D000
[VMM] kmap va=0xFFFF900000608000 pa=0x0000000004F3E000
[VMM] kmap va=0xFFFF900000609000 pa=0x0000000004F3F000
[VMM] kmap va=0xFFFF90000060A000 pa=0x0000000004F40000
[VMM] kmap va=0xFFFF90000060B000 pa=0x0000000004F41000
[VMM] kmap va=0xFFFF90000060C000 pa=0x0000000004F42000
[VMM] kmap va=0xFFFF90000060D000 pa=0x0000000004F43000
[VMM] kmap va=0xFFFF90000060E000 pa=0x0000000004F44000
[VMM] kmap va=0xFFFF90000060F000 pa=0x0000000004F45000
[VMM] kmap va=0xFFFF900000610000 pa=0x0000000004F46000
[VMM] kmap va=0xFFFF900000611000 pa=0x0000000004F47000
[VMM] kmap va=0xFFFF900000612000 pa=0x0000000004F48000
[VMM] kmap va=0xFFFF900000613000 pa=0x0000000004F49000
[VMM] kmap va=0xFFFF900000614000 pa=0x0000000004F4A000
[VMM] kmap va=0xFFFF900000615000 pa=0x0000000004F4B000
[VMM] kmap va=0xFFFF900000616000 pa=0x0000000004F4C000
[VMM] kmap va=0xFFFF900000617000 pa=0x0000000004F4D000
[VMM] kmap va=0xFFFF900000618000 pa=0x0000000004F4E000
[VMM] kmap va=0xFFFF900000619000 pa=0x0000000004F4F000
[VMM] kmap va=0xFFFF90000061A000 pa=0x0000000004F50000
[VMM] kmap va=0xFFFF90000061B000 pa=0x0000000004F51000
[VMM] kmap va=0xFFFF90000061C000 pa=0x0000000004F52000
[VMM] kmap va=0xFFFF90000061D000 pa=0x0000000004F53000
[VMM] kmap va=0xFFFF90000061E000 pa=0x0000000004F54000
[VMM] kmap va=0xFFFF90000061F000 pa=0x0000000004F55000
[VMM] kmap va=0xFFFF900000620000 pa=0x0000000004F56000
[VMM] kmap va=0xFFFF900000621000 pa=0x0000000004F57000
[VMM] kmap va=0xFFFF900000622000 pa=0x0000000004F58000
[VMM] kmap va=0xFFFF900000623000 pa=0x0000000004F59000
[VMM] kmap va=0xFFFF900000624000 pa=0x0000000004F5A000
[VMM] kmap va=0xFFFF900000625000 pa=0x0000000004F5B000
[VMM] kmap va=0xFFFF900000626000 pa=0x0000000004F5C000
[VMM] kmap va=0xFFFF900000627000 pa=0x0000000004F5D000
[VMM] kmap va=0xFFFF900000628000 pa=0x0000000004F5E000
[VMM] kmap va=0xFFFF900000629000 pa=0x0000000004F5F000
[VMM] kmap va=0xFFFF90000062A000 pa=0x0000000004F60000
[VMM] kmap va=0xFFFF90000062B000 pa=0x0000000004F61000
[VMM] kmap va=0xFFFF90000062C000 pa=0x0000000004F62000
[VMM] kmap va=0xFFFF90000062D000 pa=0x0000000004F63000
[VMM] kmap va=0xFFFF90000062E000 pa=0x0000000004F64000
[VMM] kmap va=0xFFFF90000062F000 pa=0x0000000004F65000
[VMM] kmap va=0xFFFF900000630000 pa=0x0000000004F66000
[VMM] kmap va=0xFFFF900000631000 pa=0x0000000004F67000
[VMM] kmap va=0xFFFF900000632000 pa=0x0000000004F68000
[VMM] kmap va=0xFFFF900000633000 pa=0x0000000004F69000
[VMM] kmap va=0xFFFF900000634000 pa=0x0000000004F6A000
[VMM] kmap va=0xFFFF900000635000 pa=0x0000000004F6B000
[VMM] kmap va=0xFFFF900000636000 pa=0x0000000004F6C000
[VMM] kmap va=0xFFFF900000637000 pa=0x0000000004F6D000
[VMM] kmap va=0xFFFF900000638000 pa=0x0000000004F6E000
[VMM] kmap va=0xFFFF900000639000 pa=0x0000000004F6F000
[VMM] kmap va=0xFFFF90000063A000 pa=0x0000000004F70000
[VMM] kmap va=0xFFFF90000063B000 pa=0x0000000004F71000
[VMM] kmap va=0xFFFF90000063C000 pa=0x0000000004F72000
[VMM] kmap va=0xFFFF90000063D000 pa=0x0000000004F73000
[VMM] kmap va=0xFFFF90000063E000 pa=0x0000000004F74000
[VMM] kmap va=0xFFFF90000063F000 pa=0x0000000004F75000
[VMM] kmap va=0xFFFF900000640000 pa=0x0000000004F76000
[VMM] kmap va=0xFFFF900000641000 pa=0x0000000004F77000
[VMM] kmap va=0xFFFF900000642000 pa=0x0000000004F78000
[VMM] kmap va=0xFFFF900000643000 pa=0x0000000004F79000
[VMM] kmap va=0xFFFF900000644000 pa=0x0000000004F7A000
[VMM] kmap va=0xFFFF900000645000 pa=0x0000000004F7B000
[VMM] kmap va=0xFFFF900000646000 pa=0x0000000004F7C000
[VMM] kmap va=0xFFFF900000647000 pa=0x0000000004F7D000
[VMM] kmap va=0xFFFF900000648000 pa=0x0000000004F7E000
[VMM] kmap va=0xFFFF900000649000 pa=0x0000000004F7F000
[VMM] kmap va=0xFFFF90000064A000 pa=0x0000000004F80000
[VMM] kmap va=0xFFFF90000064B000 pa=0x0000000004F81000
[VMM] kmap va=0xFFFF90000064C000 pa=0x0000000004F82000
[VMM] kmap va=0xFFFF90000064D000 pa=0x0000000004F83000
[VMM] kmap va=0xFFFF90000064E000 pa=0x0000000004F84000
[VMM] kmap va=0xFFFF90000064F000 pa=0x0000000004F85000
[VMM] kmap va=0xFFFF900000650000 pa=0x0000000004F86000
[VMM] kmap va=0xFFFF900000651000 pa=0x0000000004F87000
[VMM] kmap va=0xFFFF900000652000 pa=0x0000000004F88000
[VMM] kmap va=0xFFFF900000653000 pa=0x0000000004F89000
[VMM] kmap va=0xFFFF900000654000 pa=0x0000000004F8A000
[VMM] kmap va=0xFFFF900000655000 pa=0x0000000004F8B000
[VMM] kmap va=0xFFFF900000656000 pa=0x0000000004F8C000
[VMM] kmap va=0xFFFF900000657000 pa=0x0000000004F8D000
[VMM] kmap va=0xFFFF900000658000 pa=0x0000000004F8E000
[VMM] kmap va=0xFFFF900000659000 pa=0x0000000004F8F000
[VMM] kmap va=0xFFFF90000065A000 pa=0x0000000004F90000
[VMM] kmap va=0xFFFF90000065B000 pa=0x0000000004F91000
[VMM] kmap va=0xFFFF90000065C000 pa=0x0000000004F92000
[VMM] kmap va=0xFFFF90000065D000 pa=0x0000000004F93000
[VMM] kmap va=0xFFFF90000065E000 pa=0x0000000004F94000
[VMM] kmap va=0xFFFF90000065F000 pa=0x0000000004F95000
[VMM] kmap va=0xFFFF900000660000 pa=0x0000000004F96000
[VMM] kmap va=0xFFFF900000661000 pa=0x0000000004F97000
[VMM] kmap va=0xFFFF900000662000 pa=0x0000000004F98000
[VMM] kmap va=0xFFFF900000663000 pa=0x0000000004F99000
[VMM] kmap va=0xFFFF900000664000 pa=0x0000000004F9A000
[VMM] kmap va=0xFFFF900000665000 pa=0x0000000004F9B000
[VMM] kmap va=0xFFFF900000666000 pa=0x0000000004F9C000
[VMM] kmap va=0xFFFF900000667000 pa=0x0000000004F9D000
[VMM] kmap va=0xFFFF900000668000 pa=0x0000000004F9E000
[VMM] kmap va=0xFFFF900000669000 pa=0x0000000004F9F000
[VMM] kmap va=0xFFFF90000066A000 pa=0x0000000004FA0000
[VMM] kmap va=0xFFFF90000066B000 pa=0x0000000004FA1000
[VMM] kmap va=0xFFFF90000066C000 pa=0x0000000004FA2000
[VMM] kmap va=0xFFFF90000066D000 pa=0x0000000004FA3000
[VMM] kmap va=0xFFFF90000066E000 pa=0x0000000004FA4000
[VMM] kmap va=0xFFFF90000066F000 pa=0x0000000004FA5000
[VMM] kmap va=0xFFFF900000670000 pa=0x0000000004FA6000
[VMM] kmap va=0xFFFF900000671000 pa=0x0000000004FA7000
[VMM] kmap va=0xFFFF900000672000 pa=0x0000000004FA8000
[VMM] kmap va=0xFFFF900000673000 pa=0x0000000004FA9000
[VMM] kmap va=0xFFFF900000674000 pa=0x0000000004FAA000
[VMM] kmap va=0xFFFF900000675000 pa=0x0000000004FAB000
[VMM] kmap va=0xFFFF900000676000 pa=0x0000000004FAC000
[VMM] kmap va=0xFFFF900000677000 pa=0x0000000004FAD000
[VMM] kmap va=0xFFFF900000678000 pa=0x0000000004FAE000
[VMM] kmap va=0xFFFF900000679000 pa=0x0000000004FAF000
[VMM] kmap va=0xFFFF90000067A000 pa=0x0000000004FB0000
[VMM] kmap va=0xFFFF90000067B000 pa=0x0000000004FB1000
[VMM] kmap va=0xFFFF90000067C000 pa=0x0000000004FB2000
[VMM] kmap va=0xFFFF90000067D000 pa=0x0000000004FB3000
[VMM] kmap va=0xFFFF90000067E000 pa=0x0000000004FB4000
[VMM] kmap va=0xFFFF90000067F000 pa=0x0000000004FB5000
[VMM] kmap va=0xFFFF900000680000 pa=0x0000000004FB6000
[VMM] kmap va=0xFFFF900000681000 pa=0x0000000004FB7000
[VMM] kmap va=0xFFFF900000682000 pa=0x0000000004FB8000
[VMM] kmap va=0xFFFF900000683000 pa=0x0000000004FB9000
[VMM] kmap va=0xFFFF900000684000 pa=0x0000000004FBA000
[VMM] kmap va=0xFFFF900000685000 pa=0x0000000004FBB000
[VMM] kmap va=0xFFFF900000686000 pa=0x0000000004FBC000
[VMM] kmap va=0xFFFF900000687000 pa=0x0000000004FBD000
[VMM] kmap va=0xFFFF900000688000 pa=0x0000000004FBE000
[VMM] kmap va=0xFFFF900000689000 pa=0x0000000004FBF000
[VMM] kmap va=0xFFFF90000068A000 pa=0x0000000004FC0000
[VMM] kmap va=0xFFFF90000068B000 pa=0x0000000004FC1000
[VMM] kmap va=0xFFFF90000068C000 pa=0x0000000004FC2000
[VMM] kmap va=0xFFFF90000068D000 pa=0x0000000004FC3000
[VMM] kmap va=0xFFFF90000068E000 pa=0x0000000004FC4000
[VMM] kmap va=0xFFFF90000068F000 pa=0x0000000004FC5000
[VMM] kmap va=0xFFFF900000690000 pa=0x0000000004FC6000
[VMM] kmap va=0xFFFF900000691000 pa=0x0000000004FC7000
[VMM] kmap va=0xFFFF900000692000 pa=0x0000000004FC8000
[VMM] kmap va=0xFFFF900000693000 pa=0x0000000004FC9000
[VMM] kmap va=0xFFFF900000694000 pa=0x0000000004FCA000
[VMM] kmap va=0xFFFF900000695000 pa=0x0000000004FCB000
[VMM] kmap va=0xFFFF900000696000 pa=0x0000000004FCC000
[VMM] kmap va=0xFFFF900000697000 pa=0x0000000004FCD000
[VMM] kmap va=0xFFFF900000698000 pa=0x0000000004FCE000
[VMM] kmap va=0xFFFF900000699000 pa=0x0000000004FCF000
[VMM] kmap va=0xFFFF90000069A000 pa=0x0000000004FD0000
[VMM] kmap va=0xFFFF90000069B000 pa=0x0000000004FD1000
[VMM] kmap va=0xFFFF90000069C000 pa=0x0000000004FD2000
[VMM] kmap va=0xFFFF90000069D000 pa=0x0000000004FD3000
[VMM] kmap va=0xFFFF90000069E000 pa=0x0000000004FD4000
[VMM] kmap va=0xFFFF90000069F000 pa=0x0000000004FD5000
[VMM] kmap va=0xFFFF9000006A0000 pa=0x0000000004FD6000
[VMM] kmap va=0xFFFF9000006A1000 pa=0x0000000004FD7000
[VMM] kmap va=0xFFFF9000006A2000 pa=0x0000000004FD8000
[VMM] kmap va=0xFFFF9000006A3000 pa=0x0000000004FD9000
[VMM] kmap va=0xFFFF9000006A4000 pa=0x0000000004FDA000
[VMM] kmap va=0xFFFF9000006A5000 pa=0x0000000004FDB000
[VMM] kmap va=0xFFFF9000006A6000 pa=0x0000000004FDC000
[VMM] kmap va=0xFFFF9000006A7000 pa=0x0000000004FDD000
[VMM] kmap va=0xFFFF9000006A8000 pa=0x0000000004FDE000
[VMM] kmap va=0xFFFF9000006A9000 pa=0x0000000004FDF000
[VMM] kmap va=0xFFFF9000006AA000 pa=0x0000000004FE0000
[VMM] kmap va=0xFFFF9000006AB000 pa=0x0000000004FE1000
[VMM] kmap va=0xFFFF9000006AC000 pa=0x0000000004FE2000
[VMM] kmap va=0xFFFF9000006AD000 pa=0x0000000004FE3000
[VMM] kmap va=0xFFFF9000006AE000 pa=0x0000000004FE4000
[VMM] kmap va=0xFFFF9000006AF000 pa=0x0000000004FE5000
[VMM] kmap va=0xFFFF9000006B0000 pa=0x0000000004FE6000
[VMM] kmap va=0xFFFF9000006B1000 pa=0x0000000004FE7000
[VMM] kmap va=0xFFFF9000006B2000 pa=0x0000000004FE8000
[VMM] kmap va=0xFFFF9000006B3000 pa=0x0000000004FE9000
[VMM] kmap va=0xFFFF9000006B4000 pa=0x0000000004FEA000
[VMM] kmap va=0xFFFF9000006B5000 pa=0x0000000004FEB000
[VMM] kmap va=0xFFFF9000006B6000 pa=0x0000000004FEC000
[VMM] kmap va=0xFFFF9000006B7000 pa=0x0000000004FED000
[VMM] kmap va=0xFFFF9000006B8000 pa=0x0000000004FEE000
[VMM] kmap va=0xFFFF9000006B9000 pa=0x0000000004FEF000
[VMM] kmap va=0xFFFF9000006BA000 pa=0x0000000004FF0000
[VMM] kmap va=0xFFFF9000006BB000 pa=0x0000000004FF1000
[VMM] kmap va=0xFFFF9000006BC000 pa=0x0000000004FF2000
[VMM] kmap va=0xFFFF9000006BD000 pa=0x0000000004FF3000
[VMM] kmap va=0xFFFF9000006BE000 pa=0x0000000004FF4000
[VMM] kmap va=0xFFFF9000006BF000 pa=0x0000000004FF5000
[VMM] kmap va=0xFFFF9000006C0000 pa=0x0000000004FF6000
[VMM] kmap va=0xFFFF9000006C1000 pa=0x0000000004FF7000
[VMM] kmap va=0xFFFF9000006C2000 pa=0x0000000004FF8000
[VMM] kmap va=0xFFFF9000006C3000 pa=0x0000000004FF9000
[VMM] kmap va=0xFFFF9000006C4000 pa=0x0000000004FFA000
[VMM] kmap va=0xFFFF9000006C5000 pa=0x0000000004FFB000
[VMM] kmap va=0xFFFF9000006C6000 pa=0x0000000004FFC000
[VMM] kmap va=0xFFFF9000006C7000 pa=0x0000000004FFD000
[VMM] kmap va=0xFFFF9000006C8000 pa=0x0000000004FFE000
[VMM] kmap va=0xFFFF9000006C9000 pa=0x0000000004FFF000
[VMM] kmap va=0xFFFF9000006CA000 pa=0x0000000005000000
[VMM] kmap va=0xFFFF9000006CB000 pa=0x0000000005001000
[VMM] kmap va=0xFFFF9000006CC000 pa=0x0000000005002000
[VMM] kmap va=0xFFFF9000006CD000 pa=0x0000000005003000
[VMM] kmap va=0xFFFF9000006CE000 pa=0x0000000005004000
[VMM] kmap va=0xFFFF9000006CF000 pa=0x0000000005005000
[VMM] kmap va=0xFFFF9000006D0000 pa=0x0000000005006000
[VMM] kmap va=0xFFFF9000006D1000 pa=0x0000000005007000
[VMM] kmap va=0xFFFF9000006D2000 pa=0x0000000005008000
[VMM] kmap va=0xFFFF9000006D3000 pa=0x0000000005009000
[VMM] kmap va=0xFFFF9000006D4000 pa=0x000000000500A000
[VMM] kmap va=0xFFFF9000006D5000 pa=0x000000000500B000
[VMM] kmap va=0xFFFF9000006D6000 pa=0x000000000500C000
[VMM] kmap va=0xFFFF9000006D7000 pa=0x000000000500D000
[VMM] kmap va=0xFFFF9000006D8000 pa=0x000000000500E000
[VMM] kmap va=0xFFFF9000006D9000 pa=0x000000000500F000
[VMM] kmap va=0xFFFF9000006DA000 pa=0x0000000005010000
[VMM] kmap va=0xFFFF9000006DB000 pa=0x0000000005011000
[VMM] kmap va=0xFFFF9000006DC000 pa=0x0000000005012000
[VMM] kmap va=0xFFFF9000006DD000 pa=0x0000000005013000
[VMM] kmap va=0xFFFF9000006DE000 pa=0x0000000005014000
[VMM] kmap va=0xFFFF9000006DF000 pa=0x0000000005015000
[VMM] kmap va=0xFFFF9000006E0000 pa=0x0000000005016000
[VMM] kmap va=0xFFFF9000006E1000 pa=0x0000000005017000
[VMM] kmap va=0xFFFF9000006E2000 pa=0x0000000005018000
[VMM] kmap va=0xFFFF9000006E3000 pa=0x0000000005019000
[VMM] kmap va=0xFFFF9000006E4000 pa=0x000000000501A000
[VMM] kmap va=0xFFFF9000006E5000 pa=0x000000000501B000
[VMM] kmap va=0xFFFF9000006E6000 pa=0x000000000501C000
[VMM] kmap va=0xFFFF9000006E7000 pa=0x000000000501D000
[VMM] kmap va=0xFFFF9000006E8000 pa=0x000000000501E000
[VMM] kmap va=0xFFFF9000006E9000 pa=0x000000000501F000
[VMM] kmap va=0xFFFF9000006EA000 pa=0x0000000005020000
[VMM] kmap va=0xFFFF9000006EB000 pa=0x0000000005021000
[VMM] kmap va=0xFFFF9000006EC000 pa=0x0000000005022000
[VMM] kmap va=0xFFFF9000006ED000 pa=0x0000000005023000
[VMM] kmap va=0xFFFF9000006EE000 pa=0x0000000005024000
[VMM] kmap va=0xFFFF9000006EF000 pa=0x0000000005025000
[VMM] kmap va=0xFFFF9000006F0000 pa=0x0000000005026000
[VMM] kmap va=0xFFFF9000006F1000 pa=0x0000000005027000
[VMM] kmap va=0xFFFF9000006F2000 pa=0x0000000005028000
[VMM] kmap va=0xFFFF9000006F3000 pa=0x0000000005029000
[VMM] kmap va=0xFFFF9000006F4000 pa=0x000000000502A000
[VMM] kmap va=0xFFFF9000006F5000 pa=0x000000000502B000
[VMM] kmap va=0xFFFF9000006F6000 pa=0x000000000502C000
[VMM] kmap va=0xFFFF9000006F7000 pa=0x000000000502D000
[VMM] kmap va=0xFFFF9000006F8000 pa=0x000000000502E000
[VMM] kmap va=0xFFFF9000006F9000 pa=0x000000000502F000
[VMM] kmap va=0xFFFF9000006FA000 pa=0x0000000005030000
[VMM] kmap va=0xFFFF9000006FB000 pa=0x0000000005031000
[VMM] kmap va=0xFFFF9000006FC000 pa=0x0000000005032000
[VMM] kmap va=0xFFFF9000006FD000 pa=0x0000000005033000
[VMM] kmap va=0xFFFF9000006FE000 pa=0x0000000005034000
[VMM] kmap va=0xFFFF9000006FF000 pa=0x0000000005035000
[VMM] kmap va=0xFFFF900000700000 pa=0x0000000005036000
[VMM] kmap va=0xFFFF900000701000 pa=0x0000000005037000
[VMM] kmap va=0xFFFF900000702000 pa=0x0000000005038000
[VMM] kmap va=0xFFFF900000703000 pa=0x0000000005039000
[VMM] kmap va=0xFFFF900000704000 pa=0x000000000503A000
[VMM] kmap va=0xFFFF900000705000 pa=0x000000000503B000
[VMM] kmap va=0xFFFF900000706000 pa=0x000000000503C000
[VMM] kmap va=0xFFFF900000707000 pa=0x000000000503D000
[VMM] kmap va=0xFFFF900000708000 pa=0x000000000503E000
[VMM] kmap va=0xFFFF900000709000 pa=0x000000000503F000
[VMM] kmap va=0xFFFF90000070A000 pa=0x0000000005040000
[VMM] kmap va=0xFFFF90000070B000 pa=0x0000000005041000
[VMM] kmap va=0xFFFF90000070C000 pa=0x0000000005042000
[VMM] kmap va=0xFFFF90000070D000 pa=0x0000000005043000
[VMM] kmap va=0xFFFF90000070E000 pa=0x0000000005044000
[VMM] kmap va=0xFFFF90000070F000 pa=0x0000000005045000
[VMM] kmap va=0xFFFF900000710000 pa=0x0000000005046000
[VMM] kmap va=0xFFFF900000711000 pa=0x0000000005047000
[VMM] kmap va=0xFFFF900000712000 pa=0x0000000005048000
[VMM] kmap va=0xFFFF900000713000 pa=0x0000000005049000
[VMM] kmap va=0xFFFF900000714000 pa=0x000000000504A000
[VMM] kmap va=0xFFFF900000715000 pa=0x000000000504B000
[VMM] kmap va=0xFFFF900000716000 pa=0x000000000504C000
[VMM] kmap va=0xFFFF900000717000 pa=0x000000000504D000
[VMM] kmap va=0xFFFF900000718000 pa=0x000000000504E000
[VMM] kmap va=0xFFFF900000719000 pa=0x000000000504F000
[VMM] kmap va=0xFFFF90000071A000 pa=0x0000000005050000
[VMM] kmap va=0xFFFF90000071B000 pa=0x0000000005051000
[VMM] kmap va=0xFFFF90000071C000 pa=0x0000000005052000
[VMM] kmap va=0xFFFF90000071D000 pa=0x0000000005053000
[VMM] kmap va=0xFFFF90000071E000 pa=0x0000000005054000
[VMM] kmap va=0xFFFF90000071F000 pa=0x0000000005055000
[VMM] kmap va=0xFFFF900000720000 pa=0x0000000005056000
[VMM] kmap va=0xFFFF900000721000 pa=0x0000000005057000
[VMM] kmap va=0xFFFF900000722000 pa=0x0000000005058000
[VMM] kmap va=0xFFFF900000723000 pa=0x0000000005059000
[VMM] kmap va=0xFFFF900000724000 pa=0x000000000505A000
[VMM] kmap va=0xFFFF900000725000 pa=0x000000000505B000
[VMM] kmap va=0xFFFF900000726000 pa=0x000000000505C000
[VMM] kmap va=0xFFFF900000727000 pa=0x000000000505D000
[VMM] kmap va=0xFFFF900000728000 pa=0x000000000505E000
[VMM] kmap va=0xFFFF900000729000 pa=0x000000000505F000
[VMM] kmap va=0xFFFF90000072A000 pa=0x0000000005060000
[VMM] kmap va=0xFFFF90000072B000 pa=0x0000000005061000
[VMM] kmap va=0xFFFF90000072C000 pa=0x0000000005062000
[VMM] kmap va=0xFFFF90000072D000 pa=0x0000000005063000
[VMM] kmap va=0xFFFF90000072E000 pa=0x0000000005064000
[VMM] kmap va=0xFFFF90000072F000 pa=0x0000000005065000
[VMM] kmap va=0xFFFF900000730000 pa=0x0000000005066000
[VMM] kmap va=0xFFFF900000731000 pa=0x0000000005067000
[VMM] kmap va=0xFFFF900000732000 pa=0x0000000005068000
[VMM] kmap va=0xFFFF900000733000 pa=0x0000000005069000
[VMM] kmap va=0xFFFF900000734000 pa=0x000000000506A000
[VMM] kmap va=0xFFFF900000735000 pa=0x000000000506B000
[VMM] kmap va=0xFFFF900000736000 pa=0x000000000506C000
[VMM] kmap va=0xFFFF900000737000 pa=0x000000000506D000
[VMM] kmap va=0xFFFF900000738000 pa=0x000000000506E000
[VMM] kmap va=0xFFFF900000739000 pa=0x000000000506F000
[VMM] kmap va=0xFFFF90000073A000 pa=0x0000000005070000
[VMM] kmap va=0xFFFF90000073B000 pa=0x0000000005071000
[VMM] kmap va=0xFFFF90000073C000 pa=0x0000000005072000
[VMM] kmap va=0xFFFF90000073D000 pa=0x0000000005073000
[VMM] kmap va=0xFFFF90000073E000 pa=0x0000000005074000
[VMM] kmap va=0xFFFF90000073F000 pa=0x0000000005075000
[VMM] kmap va=0xFFFF900000740000 pa=0x0000000005076000
[VMM] kmap va=0xFFFF900000741000 pa=0x0000000005077000
[VMM] kmap va=0xFFFF900000742000 pa=0x0000000005078000
[VMM] kmap va=0xFFFF900000743000 pa=0x0000000005079000
[VMM] kmap va=0xFFFF900000744000 pa=0x000000000507A000
[VMM] kmap va=0xFFFF900000745000 pa=0x000000000507B000
[VMM] kmap va=0xFFFF900000746000 pa=0x000000000507C000
[VMM] kmap va=0xFFFF900000747000 pa=0x000000000507D000
[VMM] kmap va=0xFFFF900000748000 pa=0x000000000507E000
[VMM] kmap va=0xFFFF900000749000 pa=0x000000000507F000
[VMM] kmap va=0xFFFF90000074A000 pa=0x0000000005080000
[VMM] kmap va=0xFFFF90000074B000 pa=0x0000000005081000
[VMM] kmap va=0xFFFF90000074C000 pa=0x0000000005082000
[VMM] kmap va=0xFFFF90000074D000 pa=0x0000000005083000
[VMM] kmap va=0xFFFF90000074E000 pa=0x0000000005084000
[VMM] kmap va=0xFFFF90000074F000 pa=0x0000000005085000
[VMM] kmap va=0xFFFF900000750000 pa=0x0000000005086000
[VMM] kmap va=0xFFFF900000751000 pa=0x0000000005087000
[VMM] kmap va=0xFFFF900000752000 pa=0x0000000005088000
[VMM] kmap va=0xFFFF900000753000 pa=0x0000000005089000
[VMM] kmap va=0xFFFF900000754000 pa=0x000000000508A000
[VMM] kmap va=0xFFFF900000755000 pa=0x000000000508B000
[VMM] kmap va=0xFFFF900000756000 pa=0x000000000508C000
[VMM] kmap va=0xFFFF900000757000 pa=0x000000000508D000
[VMM] kmap va=0xFFFF900000758000 pa=0x000000000508E000
[VMM] kmap va=0xFFFF900000759000 pa=0x000000000508F000
[VMM] kmap va=0xFFFF90000075A000 pa=0x0000000005090000
[VMM] kmap va=0xFFFF90000075B000 pa=0x0000000005091000
[VMM] kmap va=0xFFFF90000075C000 pa=0x0000000005092000
[VMM] kmap va=0xFFFF90000075D000 pa=0x0000000005093000
[VMM] kmap va=0xFFFF90000075E000 pa=0x0000000005094000
[VMM] kmap va=0xFFFF90000075F000 pa=0x0000000005095000
[VMM] kmap va=0xFFFF900000760000 pa=0x0000000005096000
[VMM] kmap va=0xFFFF900000761000 pa=0x0000000005097000
[VMM] kmap va=0xFFFF900000762000 pa=0x0000000005098000
[VMM] kmap va=0xFFFF900000763000 pa=0x0000000005099000
[VMM] kmap va=0xFFFF900000764000 pa=0x000000000509A000
[VMM] kmap va=0xFFFF900000765000 pa=0x000000000509B000
[VMM] kmap va=0xFFFF900000766000 pa=0x000000000509C000
[VMM] kmap va=0xFFFF900000767000 pa=0x000000000509D000
[VMM] kmap va=0xFFFF900000768000 pa=0x000000000509E000
[VMM] kmap va=0xFFFF900000769000 pa=0x000000000509F000
[VMM] kmap va=0xFFFF90000076A000 pa=0x00000000050A0000
[VMM] kmap va=0xFFFF90000076B000 pa=0x00000000050A1000
[VMM] kmap va=0xFFFF90000076C000 pa=0x00000000050A2000
[VMM] kmap va=0xFFFF90000076D000 pa=0x00000000050A3000
[VMM] kmap va=0xFFFF90000076E000 pa=0x00000000050A4000
[VMM] kmap va=0xFFFF90000076F000 pa=0x00000000050A5000
[VMM] kmap va=0xFFFF900000770000 pa=0x00000000050A6000
[VMM] kmap va=0xFFFF900000771000 pa=0x00000000050A7000
[VMM] kmap va=0xFFFF900000772000 pa=0x00000000050A8000
[VMM] kmap va=0xFFFF900000773000 pa=0x00000000050A9000
[VMM] kmap va=0xFFFF900000774000 pa=0x00000000050AA000
[VMM] kmap va=0xFFFF900000775000 pa=0x00000000050AB000
[VMM] kmap va=0xFFFF900000776000 pa=0x00000000050AC000
[VMM] kmap va=0xFFFF900000777000 pa=0x00000000050AD000
[VMM] kmap va=0xFFFF900000778000 pa=0x00000000050AE000
[VMM] kmap va=0xFFFF900000779000 pa=0x00000000050AF000
[VMM] kmap va=0xFFFF90000077A000 pa=0x00000000050B0000
[VMM] kmap va=0xFFFF90000077B000 pa=0x00000000050B1000
[VMM] kmap va=0xFFFF90000077C000 pa=0x00000000050B2000
[VMM] kmap va=0xFFFF90000077D000 pa=0x00000000050B3000
[VMM] kmap va=0xFFFF90000077E000 pa=0x00000000050B4000
[VMM] kmap va=0xFFFF90000077F000 pa=0x00000000050B5000
[VMM] kmap va=0xFFFF900000780000 pa=0x00000000050B6000
[VMM] kmap va=0xFFFF900000781000 pa=0x00000000050B7000
[VMM] kmap va=0xFFFF900000782000 pa=0x00000000050B8000
[VMM] kmap va=0xFFFF900000783000 pa=0x00000000050B9000
[VMM] kmap va=0xFFFF900000784000 pa=0x00000000050BA000
[VMM] kmap va=0xFFFF900000785000 pa=0x00000000050BB000
[VMM] kmap va=0xFFFF900000786000 pa=0x00000000050BC000
[VMM] kmap va=0xFFFF900000787000 pa=0x00000000050BD000
[VMM] kmap va=0xFFFF900000788000 pa=0x00000000050BE000
[VMM] kmap va=0xFFFF900000789000 pa=0x00000000050BF000
[VMM] kmap va=0xFFFF90000078A000 pa=0x00000000050C0000
[VMM] kmap va=0xFFFF90000078B000 pa=0x00000000050C1000
[VMM] kmap va=0xFFFF90000078C000 pa=0x00000000050C2000
[VMM] kmap va=0xFFFF90000078D000 pa=0x00000000050C3000
[VMM] kmap va=0xFFFF90000078E000 pa=0x00000000050C4000
[VMM] kmap va=0xFFFF90000078F000 pa=0x00000000050C5000
[VMM] kmap va=0xFFFF900000790000 pa=0x00000000050C6000
[VMM] kmap va=0xFFFF900000791000 pa=0x00000000050C7000
[VMM] kmap va=0xFFFF900000792000 pa=0x00000000050C8000
[VMM] kmap va=0xFFFF900000793000 pa=0x00000000050C9000
[VMM] kmap va=0xFFFF900000794000 pa=0x00000000050CA000
[VMM] kmap va=0xFFFF900000795000 pa=0x00000000050CB000
[VMM] kmap va=0xFFFF900000796000 pa=0x00000000050CC000
[VMM] kmap va=0xFFFF900000797000 pa=0x00000000050CD000
[VMM] kmap va=0xFFFF900000798000 pa=0x00000000050CE000
[VMM] kmap va=0xFFFF900000799000 pa=0x00000000050CF000
[VMM] kmap va=0xFFFF90000079A000 pa=0x00000000050D0000
[VMM] kmap va=0xFFFF90000079B000 pa=0x00000000050D1000
[VMM] kmap va=0xFFFF90000079C000 pa=0x00000000050D2000
[VMM] kmap va=0xFFFF90000079D000 pa=0x00000000050D3000
[VMM] kmap va=0xFFFF90000079E000 pa=0x00000000050D4000
[VMM] kmap va=0xFFFF90000079F000 pa=0x00000000050D5000
[VMM] kmap va=0xFFFF9000007A0000 pa=0x00000000050D6000
[VMM] kmap va=0xFFFF9000007A1000 pa=0x00000000050D7000
[VMM] kmap va=0xFFFF9000007A2000 pa=0x00000000050D8000
[VMM] kmap va=0xFFFF9000007A3000 pa=0x00000000050D9000
[VMM] kmap va=0xFFFF9000007A4000 pa=0x00000000050DA000
[VMM] kmap va=0xFFFF9000007A5000 pa=0x00000000050DB000
[VMM] kmap va=0xFFFF9000007A6000 pa=0x00000000050DC000
[VMM] kmap va=0xFFFF9000007A7000 pa=0x00000000050DD000
[VMM] kmap va=0xFFFF9000007A8000 pa=0x00000000050DE000
[VMM] kmap va=0xFFFF9000007A9000 pa=0x00000000050DF000
[VMM] kmap va=0xFFFF9000007AA000 pa=0x00000000050E0000
[VMM] kmap va=0xFFFF9000007AB000 pa=0x00000000050E1000
[VMM] kmap va=0xFFFF9000007AC000 pa=0x00000000050E2000
[VMM] kmap va=0xFFFF9000007AD000 pa=0x00000000050E3000
[VMM] kmap va=0xFFFF9000007AE000 pa=0x00000000050E4000
[VMM] kmap va=0xFFFF9000007AF000 pa=0x00000000050E5000
[VMM] kmap va=0xFFFF9000007B0000 pa=0x00000000050E6000
[VMM] kmap va=0xFFFF9000007B1000 pa=0x00000000050E7000
[VMM] kmap va=0xFFFF9000007B2000 pa=0x00000000050E8000
[VMM] kmap va=0xFFFF9000007B3000 pa=0x00000000050E9000
[VMM] kmap va=0xFFFF9000007B4000 pa=0x00000000050EA000
[VMM] kmap va=0xFFFF9000007B5000 pa=0x00000000050EB000
[VMM] kmap va=0xFFFF9000007B6000 pa=0x00000000050EC000
[VMM] kmap va=0xFFFF9000007B7000 pa=0x00000000050ED000
[VMM] kmap va=0xFFFF9000007B8000 pa=0x00000000050EE000
[VMM] kmap va=0xFFFF9000007B9000 pa=0x00000000050EF000
[VMM] kmap va=0xFFFF9000007BA000 pa=0x00000000050F0000
[VMM] kmap va=0xFFFF9000007BB000 pa=0x00000000050F1000
[VMM] kmap va=0xFFFF9000007BC000 pa=0x00000000050F2000
[VMM] kmap va=0xFFFF9000007BD000 pa=0x00000000050F3000
[VMM] kmap va=0xFFFF9000007BE000 pa=0x00000000050F4000
[VMM] kmap va=0xFFFF9000007BF000 pa=0x00000000050F5000
[VMM] kmap va=0xFFFF9000007C0000 pa=0x00000000050F6000
[VMM] kmap va=0xFFFF9000007C1000 pa=0x00000000050F7000
[VMM] kmap va=0xFFFF9000007C2000 pa=0x00000000050F8000
[VMM] kmap va=0xFFFF9000007C3000 pa=0x00000000050F9000
[VMM] kmap va=0xFFFF9000007C4000 pa=0x00000000050FA000
[VMM] kmap va=0xFFFF9000007C5000 pa=0x00000000050FB000
[VMM] kmap va=0xFFFF9000007C6000 pa=0x00000000050FC000
[VMM] kmap va=0xFFFF9000007C7000 pa=0x00000000050FD000
[VMM] kmap va=0xFFFF9000007C8000 pa=0x00000000050FE000
[VMM] kmap va=0xFFFF9000007C9000 pa=0x00000000050FF000
[VMM] kmap va=0xFFFF9000007CA000 pa=0x0000000005100000
[VMM] kmap va=0xFFFF9000007CB000 pa=0x0000000005101000
[VMM] kmap va=0xFFFF9000007CC000 pa=0x0000000005102000
[VMM] kmap va=0xFFFF9000007CD000 pa=0x0000000005103000
[VMM] kmap va=0xFFFF9000007CE000 pa=0x0000000005104000
[VMM] kmap va=0xFFFF9000007CF000 pa=0x0000000005105000
[VMM] kmap va=0xFFFF9000007D0000 pa=0x0000000005106000
[VMM] kmap va=0xFFFF9000007D1000 pa=0x0000000005107000
[VMM] kmap va=0xFFFF9000007D2000 pa=0x0000000005108000
[VMM] kmap va=0xFFFF9000007D3000 pa=0x0000000005109000
[VMM] kmap va=0xFFFF9000007D4000 pa=0x000000000510A000
[VMM] kmap va=0xFFFF9000007D5000 pa=0x000000000510B000
[VMM] kmap va=0xFFFF9000007D6000 pa=0x000000000510C000
[VMM] kmap va=0xFFFF9000007D7000 pa=0x000000000510D000
[VMM] kmap va=0xFFFF9000007D8000 pa=0x000000000510E000
[VMM] kmap va=0xFFFF9000007D9000 pa=0x000000000510F000
[VMM] kmap va=0xFFFF9000007DA000 pa=0x0000000005110000
[VMM] kmap va=0xFFFF9000007DB000 pa=0x0000000005111000
[VMM] kmap va=0xFFFF9000007DC000 pa=0x0000000005112000
[VMM] kmap va=0xFFFF9000007DD000 pa=0x0000000005113000
[VMM] kmap va=0xFFFF9000007DE000 pa=0x0000000005114000
[VMM] kmap va=0xFFFF9000007DF000 pa=0x0000000005115000
[VMM] kmap va=0xFFFF9000007E0000 pa=0x0000000005116000
[VMM] kmap va=0xFFFF9000007E1000 pa=0x0000000005117000
[VMM] kmap va=0xFFFF9000007E2000 pa=0x0000000005118000
[VMM] kmap va=0xFFFF9000007E3000 pa=0x0000000005119000
[VMM] kmap va=0xFFFF9000007E4000 pa=0x000000000511A000
[VMM] kmap va=0xFFFF9000007E5000 pa=0x000000000511B000
[VMM] kmap va=0xFFFF9000007E6000 pa=0x000000000511C000
[VMM] kmap va=0xFFFF9000007E7000 pa=0x000000000511D000
[VMM] kmap va=0xFFFF9000007E8000 pa=0x000000000511E000
[VMM] kmap va=0xFFFF9000007E9000 pa=0x000000000511F000
[VMM] kmap va=0xFFFF9000007EA000 pa=0x0000000005120000
[VMM] kmap va=0xFFFF9000007EB000 pa=0x0000000005121000
[VMM] kmap va=0xFFFF9000007EC000 pa=0x0000000005122000
[VMM] kmap va=0xFFFF9000007ED000 pa=0x0000000005123000
[VMM] kmap va=0xFFFF9000007EE000 pa=0x0000000005124000
[VMM] kmap va=0xFFFF9000007EF000 pa=0x0000000005125000
[VMM] kmap va=0xFFFF9000007F0000 pa=0x0000000005126000
[VMM] kmap va=0xFFFF9000007F1000 pa=0x0000000005127000
[VMM] kmap va=0xFFFF9000007F2000 pa=0x0000000005128000
[VMM] kmap va=0xFFFF9000007F3000 pa=0x0000000005129000
[VMM] kmap va=0xFFFF9000007F4000 pa=0x000000000512A000
[VMM] kmap va=0xFFFF9000007F5000 pa=0x000000000512B000
[VMM] kmap va=0xFFFF9000007F6000 pa=0x000000000512C000
[VMM] kmap va=0xFFFF9000007F7000 pa=0x000000000512D000
[VMM] kmap va=0xFFFF9000007F8000 pa=0x000000000512E000
[VMM] kmap va=0xFFFF9000007F9000 pa=0x000000000512F000
[VMM] kmap va=0xFFFF9000007FA000 pa=0x0000000005130000
[VMM] kmap va=0xFFFF9000007FB000 pa=0x0000000005131000
[VMM] kmap va=0xFFFF9000007FC000 pa=0x0000000005132000
[VMM] kmap va=0xFFFF9000007FD000 pa=0x0000000005133000
[VMM] kmap va=0xFFFF9000007FE000 pa=0x0000000005134000
[VMM] kmap va=0xFFFF9000007FF000 pa=0x0000000005135000
[VMM] kmap va=0xFFFF900000800000 pa=0x0000000005136000
[VMM] kmap va=0xFFFF900000801000 pa=0x0000000005138000
[VMM] kmap va=0xFFFF900000802000 pa=0x0000000005139000
[VMM] kmap va=0xFFFF900000803000 pa=0x000000000513A000
[VMM] kmap va=0xFFFF900000804000 pa=0x000000000513B000
[VMM] kmap va=0xFFFF900000805000 pa=0x000000000513C000
[VMM] kmap va=0xFFFF900000806000 pa=0x000000000513D000
[VMM] kmap va=0xFFFF900000807000 pa=0x000000000513E000
[VMM] kmap va=0xFFFF900000808000 pa=0x000000000513F000
[VMM] kmap va=0xFFFF900000809000 pa=0x0000000005140000
[VMM] kmap va=0xFFFF90000080A000 pa=0x0000000005141000
[VMM] kmap va=0xFFFF90000080B000 pa=0x0000000005142000
[VMM] kmap va=0xFFFF90000080C000 pa=0x0000000005143000
[VMM] kmap va=0xFFFF90000080D000 pa=0x0000000005144000
[VMM] kmap va=0xFFFF90000080E000 pa=0x0000000005145000
[VMM] kmap va=0xFFFF90000080F000 pa=0x0000000005146000
[VMM] kmap va=0xFFFF900000810000 pa=0x0000000005147000
[VMM] kmap va=0xFFFF900000811000 pa=0x0000000005148000
[VMM] kmap va=0xFFFF900000812000 pa=0x0000000005149000
[VMM] kmap va=0xFFFF900000813000 pa=0x000000000514A000
[VMM] kmap va=0xFFFF900000814000 pa=0x000000000514B000
[VMM] kmap va=0xFFFF900000815000 pa=0x000000000514C000
[VMM] kmap va=0xFFFF900000816000 pa=0x000000000514D000
[VMM] kmap va=0xFFFF900000817000 pa=0x000000000514E000
[VMM] kmap va=0xFFFF900000818000 pa=0x000000000514F000
[VMM] kmap va=0xFFFF900000819000 pa=0x0000000005150000
[VMM] kmap va=0xFFFF90000081A000 pa=0x0000000005151000
[VMM] kmap va=0xFFFF90000081B000 pa=0x0000000005152000
[VMM] kmap va=0xFFFF90000081C000 pa=0x0000000005153000
[VMM] kmap va=0xFFFF90000081D000 pa=0x0000000005154000
[VMM] kmap va=0xFFFF90000081E000 pa=0x0000000005155000
[VMM] kmap va=0xFFFF90000081F000 pa=0x0000000005156000
[VMM] kmap va=0xFFFF900000820000 pa=0x0000000005157000
[VMM] kmap va=0xFFFF900000821000 pa=0x0000000005158000
[VMM] kmap va=0xFFFF900000822000 pa=0x0000000005159000
[VMM] kmap va=0xFFFF900000823000 pa=0x000000000515A000
[VMM] kmap va=0xFFFF900000824000 pa=0x000000000515B000
[VMM] kmap va=0xFFFF900000825000 pa=0x000000000515C000
[VMM] kmap va=0xFFFF900000826000 pa=0x000000000515D000
[VMM] kmap va=0xFFFF900000827000 pa=0x000000000515E000
[VMM] kmap va=0xFFFF900000828000 pa=0x000000000515F000
[VMM] kmap va=0xFFFF900000829000 pa=0x0000000005160000
[VMM] kmap va=0xFFFF90000082A000 pa=0x0000000005161000
[VMM] kmap va=0xFFFF90000082B000 pa=0x0000000005162000
[VMM] kmap va=0xFFFF90000082C000 pa=0x0000000005163000
[VMM] kmap va=0xFFFF90000082D000 pa=0x0000000005164000
[VMM] kmap va=0xFFFF90000082E000 pa=0x0000000005165000
[VMM] kmap va=0xFFFF90000082F000 pa=0x0000000005166000
[VMM] kmap va=0xFFFF900000830000 pa=0x0000000005167000
[VMM] kmap va=0xFFFF900000831000 pa=0x0000000005168000
[VMM] kmap va=0xFFFF900000832000 pa=0x0000000005169000
[VMM] kmap va=0xFFFF900000833000 pa=0x000000000516A000
[VMM] kmap va=0xFFFF900000834000 pa=0x000000000516B000
[VMM] kmap va=0xFFFF900000835000 pa=0x000000000516C000
[VMM] kmap va=0xFFFF900000836000 pa=0x000000000516D000
[VMM] kmap va=0xFFFF900000837000 pa=0x000000000516E000
[VMM] kmap va=0xFFFF900000838000 pa=0x000000000516F000
[VMM] kmap va=0xFFFF900000839000 pa=0x0000000005170000
[VMM] kmap va=0xFFFF90000083A000 pa=0x0000000005171000
[VMM] kmap va=0xFFFF90000083B000 pa=0x0000000005172000
[VMM] kmap va=0xFFFF90000083C000 pa=0x0000000005173000
[VMM] kmap va=0xFFFF90000083D000 pa=0x0000000005174000
[VMM] kmap va=0xFFFF90000083E000 pa=0x0000000005175000
[VMM] kmap va=0xFFFF90000083F000 pa=0x0000000005176000
[VMM] kmap va=0xFFFF900000840000 pa=0x0000000005177000
[VMM] kmap va=0xFFFF900000841000 pa=0x0000000005178000
[VMM] kmap va=0xFFFF900000842000 pa=0x0000000005179000
[VMM] kmap va=0xFFFF900000843000 pa=0x000000000517A000
[VMM] kmap va=0xFFFF900000844000 pa=0x000000000517B000
[VMM] kmap va=0xFFFF900000845000 pa=0x000000000517C000
[VMM] kmap va=0xFFFF900000846000 pa=0x000000000517D000
[VMM] kmap va=0xFFFF900000847000 pa=0x000000000517E000
[VMM] kmap va=0xFFFF900000848000 pa=0x000000000517F000
[VMM] kmap va=0xFFFF900000849000 pa=0x0000000005180000
[VMM] kmap va=0xFFFF90000084A000 pa=0x0000000005181000
[VMM] kmap va=0xFFFF90000084B000 pa=0x0000000005182000
[VMM] kmap va=0xFFFF90000084C000 pa=0x0000000005183000
[VMM] kmap va=0xFFFF90000084D000 pa=0x0000000005184000
[VMM] kmap va=0xFFFF90000084E000 pa=0x0000000005185000
[VMM] kmap va=0xFFFF90000084F000 pa=0x0000000005186000
[VMM] kmap va=0xFFFF900000850000 pa=0x0000000005187000
[VMM] kmap va=0xFFFF900000851000 pa=0x0000000005188000
[VMM] kmap va=0xFFFF900000852000 pa=0x0000000005189000
[VMM] kmap va=0xFFFF900000853000 pa=0x000000000518A000
[VMM] kmap va=0xFFFF900000854000 pa=0x000000000518B000
[VMM] kmap va=0xFFFF900000855000 pa=0x000000000518C000
[VMM] kmap va=0xFFFF900000856000 pa=0x000000000518D000
[VMM] kmap va=0xFFFF900000857000 pa=0x000000000518E000
[VMM] kmap va=0xFFFF900000858000 pa=0x000000000518F000
[VMM] kmap va=0xFFFF900000859000 pa=0x0000000005190000
[VMM] kmap va=0xFFFF90000085A000 pa=0x0000000005191000
[VMM] kmap va=0xFFFF90000085B000 pa=0x0000000005192000
[VMM] kmap va=0xFFFF90000085C000 pa=0x0000000005193000
[VMM] kmap va=0xFFFF90000085D000 pa=0x0000000005194000
[VMM] kmap va=0xFFFF90000085E000 pa=0x0000000005195000
[VMM] kmap va=0xFFFF90000085F000 pa=0x0000000005196000
[VMM] kmap va=0xFFFF900000860000 pa=0x0000000005197000
[VMM] kmap va=0xFFFF900000861000 pa=0x0000000005198000
[VMM] kmap va=0xFFFF900000862000 pa=0x0000000005199000
[VMM] kmap va=0xFFFF900000863000 pa=0x000000000519A000
[VMM] kmap va=0xFFFF900000864000 pa=0x000000000519B000
[VMM] kmap va=0xFFFF900000865000 pa=0x000000000519C000
[VMM] kmap va=0xFFFF900000866000 pa=0x000000000519D000
[VMM] kmap va=0xFFFF900000867000 pa=0x000000000519E000
[VMM] kmap va=0xFFFF900000868000 pa=0x000000000519F000
[VMM] kmap va=0xFFFF900000869000 pa=0x00000000051A0000
[VMM] kmap va=0xFFFF90000086A000 pa=0x00000000051A1000
[VMM] kmap va=0xFFFF90000086B000 pa=0x00000000051A2000
[VMM] kmap va=0xFFFF90000086C000 pa=0x00000000051A3000
[VMM] kmap va=0xFFFF90000086D000 pa=0x00000000051A4000
[VMM] kmap va=0xFFFF90000086E000 pa=0x00000000051A5000
[VMM] kmap va=0xFFFF90000086F000 pa=0x00000000051A6000
[VMM] kmap va=0xFFFF900000870000 pa=0x00000000051A7000
[VMM] kmap va=0xFFFF900000871000 pa=0x00000000051A8000
[VMM] kmap va=0xFFFF900000872000 pa=0x00000000051A9000
[VMM] kmap va=0xFFFF900000873000 pa=0x00000000051AA000
[VMM] kmap va=0xFFFF900000874000 pa=0x00000000051AB000
[VMM] kmap va=0xFFFF900000875000 pa=0x00000000051AC000
[VMM] kmap va=0xFFFF900000876000 pa=0x00000000051AD000
[VMM] kmap va=0xFFFF900000877000 pa=0x00000000051AE000
[VMM] kmap va=0xFFFF900000878000 pa=0x00000000051AF000
[VMM] kmap va=0xFFFF900000879000 pa=0x00000000051B0000
[VMM] kmap va=0xFFFF90000087A000 pa=0x00000000051B1000
[VMM] kmap va=0xFFFF90000087B000 pa=0x00000000051B2000
[VMM] kmap va=0xFFFF90000087C000 pa=0x00000000051B3000
[VMM] kmap va=0xFFFF90000087D000 pa=0x00000000051B4000
[VMM] kmap va=0xFFFF90000087E000 pa=0x00000000051B5000
[VMM] kmap va=0xFFFF90000087F000 pa=0x00000000051B6000
[VMM] kmap va=0xFFFF900000880000 pa=0x00000000051B7000
[VMM] kmap va=0xFFFF900000881000 pa=0x00000000051B8000
[VMM] kmap va=0xFFFF900000882000 pa=0x00000000051B9000
[VMM] kmap va=0xFFFF900000883000 pa=0x00000000051BA000
[VMM] kmap va=0xFFFF900000884000 pa=0x00000000051BB000
[VMM] kmap va=0xFFFF900000885000 pa=0x00000000051BC000
[VMM] kmap va=0xFFFF900000886000 pa=0x00000000051BD000
[VMM] kmap va=0xFFFF900000887000 pa=0x00000000051BE000
[VMM] kmap va=0xFFFF900000888000 pa=0x00000000051BF000
[VMM] kmap va=0xFFFF900000889000 pa=0x00000000051C0000
[VMM] kmap va=0xFFFF90000088A000 pa=0x00000000051C1000
[VMM] kmap va=0xFFFF90000088B000 pa=0x00000000051C2000
[VMM] kmap va=0xFFFF90000088C000 pa=0x00000000051C3000
[VMM] kmap va=0xFFFF90000088D000 pa=0x00000000051C4000
[VMM] kmap va=0xFFFF90000088E000 pa=0x00000000051C5000
[VMM] kmap va=0xFFFF90000088F000 pa=0x00000000051C6000
[VMM] kmap va=0xFFFF900000890000 pa=0x00000000051C7000
[VMM] kmap va=0xFFFF900000891000 pa=0x00000000051C8000
[VMM] kmap va=0xFFFF900000892000 pa=0x00000000051C9000
[BEFORE SPLIT]
current=0x0xFFFF900000492000
current->size=0x0x0000000000400FE0
request=0x0x0000000000400000
header=0x0x0000000000000020
[AFTER SPLIT]
new_block=0x0xFFFF900000892020
new_block->size=0x0x0000000000000FC0
new_block->magic=0x0x00000000DEADC0DE
new_block->next=0x0x0000000000000000
[heap] SPLIT block=0x0xFFFF900000492000 alloc=0x0x0000000000400000 remainder=0x0xFFFF900000892020 rem_size=0x0x0000000000000FC0
[heap] KMALLOC ptr=0x0xFFFF900000492020 size=0x0x0000000000400000 ra0=0x0xFFFFFFFF80011074 ra1=0x0xFFFFFFFF800164D6 ra2=0x0x00000000040046F9
[heap] KFREE ptr=0x0xFFFF900000391020 size=0x0x0000000000100000 ra0=0x0xFFFFFFFF80011042
[MERGE CHECK]
current=0x0xFFFF900000390420
expected_next=0x0xFFFF900000391000
actual_next=0x0xFFFF900000391000
[heap] MERGE into=0x0xFFFF900000390420 absorb=0x0xFFFF900000391000 new_size=0x0x0000000000100BE0
[MERGE CHECK]
current=0x0xFFFF900000390420
expected_next=0x0xFFFF900000491020
actual_next=0x0xFFFF900000491020
[heap] MERGE into=0x0xFFFF900000390420 absorb=0x0xFFFF900000491020 new_size=0x0x0000000000101BC0
[heap] KFREE ptr=0x0xFFFF900000310020 size=0x0x0000000000080400 ra0=0x0xFFFFFFFF80011042
[MERGE CHECK]
current=0x0xFFFF9000002E2A50
expected_next=0x0xFFFF900000310000
actual_next=0x0xFFFF900000310000
[heap] MERGE into=0x0xFFFF9000002E2A50 absorb=0x0xFFFF900000310000 new_size=0x0x00000000000AD9B0
[MERGE CHECK]
current=0x0xFFFF9000002E2A50
expected_next=0x0xFFFF900000390420
actual_next=0x0xFFFF900000390420
[heap] MERGE into=0x0xFFFF9000002E2A50 absorb=0x0xFFFF900000390420 new_size=0x0x00000000001AF590
[heap] KFREE ptr=0x0xFFFF9000002B6020 size=0x0x000000000002CA30 ra0=0x0xFFFFFFFF80011042
[MERGE CHECK]
current=0x0xFFFF9000002B5820
expected_next=0x0xFFFF9000002B6000
actual_next=0x0xFFFF9000002B6000
[heap] MERGE into=0x0xFFFF9000002B5820 absorb=0x0xFFFF9000002B6000 new_size=0x0x000000000002D210
[MERGE CHECK]
current=0x0xFFFF9000002B5820
expected_next=0x0xFFFF9000002E2A50
actual_next=0x0xFFFF9000002E2A50
[heap] MERGE into=0x0xFFFF9000002B5820 absorb=0x0xFFFF9000002E2A50 new_size=0x0x00000000001DC7C0
[heap] KFREE ptr=0x0xFFFF900000492020 size=0x0x0000000000400000 ra0=0x0xFFFFFFFF80011042
[MERGE CHECK]
current=0x0xFFFF9000002B5820
expected_next=0x0xFFFF900000492000
actual_next=0x0xFFFF900000492000
[heap] MERGE into=0x0xFFFF9000002B5820 absorb=0x0xFFFF900000492000 new_size=0x0x00000000005DC7E0
[MERGE CHECK]
current=0x0xFFFF9000002B5820
expected_next=0x0xFFFF900000892020
actual_next=0x0xFFFF900000892020
[heap] MERGE into=0x0xFFFF9000002B5820 absorb=0x0xFFFF900000892020 new_size=0x0x00000000005DD7C0

[W0] n=0x0000000000000001 cpu=0x0000000000000000 task=0x0000000000000000 rip=0xFFFFFFFF8000583D val=0x00000000FF202020  <== SUSPECT cr3=0x0000000004B1F000 rsp=0xFFFF900000137D10 pte=0x0000000004BE7067 pa=0x0000000004BE7A50 kpml4=0x000000001FF8E000

[W0] n=0x0000000000000002 cpu=0x0000000000000000 task=0x0000000000000000 rip=0xFFFFFFFF8000583D val=0x00000000FFFFFFFF  <== SUSPECT cr3=0x0000000004B1F000 rsp=0xFFFF900000137E60 pte=0x0000000004BE7067 pa=0x0000000004BE7A50 kpml4=0x000000001FF8E000
[BEFORE SPLIT]
current=0x0xFFFF9000000020C0
current->size=0x0x0000000000000F20
request=0x0x0000000000000200
header=0x0x0000000000000020
[AFTER SPLIT]
new_block=0x0xFFFF9000000022E0
new_block->size=0x0x0000000000000D00
new_block->magic=0x0x00000000DEADC0DE
new_block->next=0x0xFFFF900000003000
[heap] SPLIT block=0x0xFFFF9000000020C0 alloc=0x0x0000000000000200 remainder=0x0xFFFF9000000022E0 rem_size=0x0x0000000000000D00
[heap] KMALLOC ptr=0x0xFFFF9000000020E0 size=0x0x0000000000000200 ra0=0x0xFFFFFFFF80008560 ra1=0x0xFFFFFFFF80010F63 ra2=0x0xFFFFFFFF800164D6
[heap] KFREE ptr=0x0xFFFF9000000020E0 size=0x0x0000000000000200 ra0=0x0xFFFFFFFF800085F2
[MERGE CHECK]
current=0x0xFFFF9000000020C0
expected_next=0x0xFFFF9000000022E0
actual_next=0x0xFFFF9000000022E0
[heap] MERGE into=0x0xFFFF9000000020C0 absorb=0x0xFFFF9000000022E0 new_size=0x0x0000000000000F20
[BEFORE SPLIT]
current=0x0xFFFF9000002B5820
current->size=0x0x00000000005DD7C0
request=0x0x0000000000007F90
header=0x0x0000000000000020
[AFTER SPLIT]
new_block=0x0xFFFF9000002BD7D0
new_block->size=0x0x00000000005D5810
new_block->magic=0x0x00000000DEADC0DE
new_block->next=0x0x0000000000000000
[heap] SPLIT block=0x0xFFFF9000002B5820 alloc=0x0x0000000000007F90 remainder=0x0xFFFF9000002BD7D0 rem_size=0x0x00000000005D5810
[heap] KMALLOC ptr=0x0xFFFF9000002B5840 size=0x0x0000000000007F90 ra0=0x0xFFFFFFFF80011074 ra1=0x0xFFFFFFFF800164D6 ra2=0x0x000000000400216A
[BEFORE SPLIT]
current=0x0xFFFF9000000020C0
current->size=0x0x0000000000000F20
request=0x0x0000000000000200
header=0x0x0000000000000020
[AFTER SPLIT]
new_block=0x0xFFFF9000000022E0
new_block->size=0x0x0000000000000D00
new_block->magic=0x0x00000000DEADC0DE
new_block->next=0x0xFFFF900000003000
[heap] SPLIT block=0x0xFFFF9000000020C0 alloc=0x0x0000000000000200 remainder=0x0xFFFF9000000022E0 rem_size=0x0x0000000000000D00
[heap] KMALLOC ptr=0x0xFFFF9000000020E0 size=0x0x0000000000000200 ra0=0x0xFFFFFFFF8000868D ra1=0x0xFFFFFFFF80010F55 ra2=0x0xFFFFFFFF800164D6
[heap] KFREE ptr=0x0xFFFF9000000020E0 size=0x0x0000000000000200 ra0=0x0xFFFFFFFF80008737
[MERGE CHECK]
current=0x0xFFFF9000000020C0
expected_next=0x0xFFFF9000000022E0
actual_next=0x0xFFFF9000000022E0
[heap] MERGE into=0x0xFFFF9000000020C0 absorb=0x0xFFFF9000000022E0 new_size=0x0x0000000000000F20
[BEFORE SPLIT]
current=0x0xFFFF9000000020C0
current->size=0x0x0000000000000F20
request=0x0x0000000000000200
header=0x0x0000000000000020
[AFTER SPLIT]
new_block=0x0xFFFF9000000022E0
new_block->size=0x0x0000000000000D00
new_block->magic=0x0x00000000DEADC0DE
new_block->next=0x0xFFFF900000003000
[heap] SPLIT block=0x0xFFFF9000000020C0 alloc=0x0x0000000000000200 remainder=0x0xFFFF9000000022E0 rem_size=0x0x0000000000000D00
[heap] KMALLOC ptr=0x0xFFFF9000000020E0 size=0x0x0000000000000200 ra0=0x0xFFFFFFFF80008765 ra1=0x0xFFFFFFFF80010F55 ra2=0x0xFFFFFFFF800164D6
[heap] KFREE ptr=0x0xFFFF9000000020E0 size=0x0x0000000000000200 ra0=0x0xFFFFFFFF800087D4
[MERGE CHECK]
current=0x0xFFFF9000000020C0
expected_next=0x0xFFFF9000000022E0
actual_next=0x0xFFFF9000000022E0
[heap] MERGE into=0x0xFFFF9000000020C0 absorb=0x0xFFFF9000000022E0 new_size=0x0x0000000000000F20
[BEFORE SPLIT]
current=0x0xFFFF9000001F3860
current->size=0x0x0000000000006780
request=0x0x0000000000002000
header=0x0x0000000000000020
[AFTER SPLIT]
new_block=0x0xFFFF9000001F5880
new_block->size=0x0x0000000000004760
new_block->magic=0x0x00000000DEADC0DE
new_block->next=0x0xFFFF9000001FA000
[heap] SPLIT block=0x0xFFFF9000001F3860 alloc=0x0x0000000000002000 remainder=0x0xFFFF9000001F5880 rem_size=0x0x0000000000004760
[heap] KMALLOC ptr=0x0xFFFF9000001F3880 size=0x0x0000000000002000 ra0=0x0xFFFFFFFF80004048 ra1=0x0xFFFFFFFF800111E8 ra2=0x0xFFFFFFFF800164D6
[BEFORE SPLIT]
current=0x0xFFFF9000001F5880
current->size=0x0x0000000000004760
request=0x0x0000000000004000
header=0x0x0000000000000020
[AFTER SPLIT]
new_block=0x0xFFFF9000001F98A0
new_block->size=0x0x0000000000000740
new_block->magic=0x0x00000000DEADC0DE
new_block->next=0x0xFFFF9000001FA000
[heap] SPLIT block=0x0xFFFF9000001F5880 alloc=0x0x0000000000004000 remainder=0x0xFFFF9000001F98A0 rem_size=0x0x0000000000000740
[heap] KMALLOC ptr=0x0xFFFF9000001F58A0 size=0x0x0000000000004000 ra0=0x0xFFFFFFFF80004048 ra1=0x0xFFFFFFFF800111E8 ra2=0x0xFFFFFFFF800164D6
[heap] KFREE ptr=0x0xFFFF9000001F3880 size=0x0x0000000000002000 ra0=0x0xFFFFFFFF8000407D
[heap] KREALLOC old_ptr=0x0xFFFF9000001F3880 old_size=0x0x0000000000002000 new_size=0x0x0000000000004000 new_ptr=0x0xFFFF9000001F58A0 MOVED copied=0x0x0000000000002000 ra0=0x0xFFFFFFFF800111E8
[BEFORE SPLIT]
current=0x0xFFFF9000002BD7D0
current->size=0x0x00000000005D5810
request=0x0x0000000000008000
header=0x0x0000000000000020
[AFTER SPLIT]
new_block=0x0xFFFF9000002C57F0
new_block->size=0x0x00000000005CD7F0
new_block->magic=0x0x00000000DEADC0DE
new_block->next=0x0x0000000000000000
[heap] SPLIT block=0x0xFFFF9000002BD7D0 alloc=0x0x0000000000008000 remainder=0x0xFFFF9000002C57F0 rem_size=0x0x00000000005CD7F0
[heap] KMALLOC ptr=0x0xFFFF9000002BD7F0 size=0x0x0000000000008000 ra0=0x0xFFFFFFFF80004048 ra1=0x0xFFFFFFFF800111E8 ra2=0x0xFFFFFFFF800164D6
[heap] KFREE ptr=0x0xFFFF9000001F58A0 size=0x0x0000000000004000 ra0=0x0xFFFFFFFF8000407D
[MERGE CHECK]
current=0x0xFFFF9000001F3860
expected_next=0x0xFFFF9000001F5880
actual_next=0x0xFFFF9000001F5880
[heap] MERGE into=0x0xFFFF9000001F3860 absorb=0x0xFFFF9000001F5880 new_size=0x0x0000000000006020
[MERGE CHECK]
current=0x0xFFFF9000001F3860
expected_next=0x0xFFFF9000001F98A0
actual_next=0x0xFFFF9000001F98A0
[heap] MERGE into=0x0xFFFF9000001F3860 absorb=0x0xFFFF9000001F98A0 new_size=0x0x0000000000006780
[heap] KREALLOC old_ptr=0x0xFFFF9000001F58A0 old_size=0x0x0000000000004000 new_size=0x0x0000000000008000 new_ptr=0x0xFFFF9000002BD7F0 MOVED copied=0x0x0000000000004000 ra0=0x0xFFFFFFFF800111E8
[BEFORE SPLIT]
current=0x0xFFFF9000002C57F0
current->size=0x0x00000000005CD7F0
request=0x0x0000000000100400
header=0x0x0000000000000020
[AFTER SPLIT]
new_block=0x0xFFFF9000003C5C10
new_block->size=0x0x00000000004CD3D0
new_block->magic=0x0x00000000DEADC0DE
new_block->next=0x0x0000000000000000
[heap] SPLIT block=0x0xFFFF9000002C57F0 alloc=0x0x0000000000100400 remainder=0x0xFFFF9000003C5C10 rem_size=0x0x00000000004CD3D0
[heap] KMALLOC ptr=0x0xFFFF9000002C5810 size=0x0x0000000000100400 ra0=0x0xFFFFFFFF80011074 ra1=0x0xFFFFFFFF800164D6 ra2=0x0x0000000004004280
[heap] KFREE ptr=0x0xFFFF9000002BD7F0 size=0x0x0000000000008000 ra0=0x0xFFFFFFFF80011042
[BEFORE SPLIT]
current=0x0xFFFF9000003C5C10
current->size=0x0x00000000004CD3D0
request=0x0x0000000000100000
header=0x0x0000000000000020
[AFTER SPLIT]
new_block=0x0xFFFF9000004C5C30
new_block->size=0x0x00000000003CD3B0
new_block->magic=0x0x00000000DEADC0DE
new_block->next=0x0x0000000000000000
[heap] SPLIT block=0x0xFFFF9000003C5C10 alloc=0x0x0000000000100000 remainder=0x0xFFFF9000004C5C30 rem_size=0x0x00000000003CD3B0
[heap] KMALLOC ptr=0x0xFFFF9000003C5C30 size=0x0x0000000000100000 ra0=0x0xFFFFFFFF80011074 ra1=0x0xFFFFFFFF800164D6 ra2=0x0x0000000004004F03
[BEFORE SPLIT]
current=0x0xFFFF9000000020C0
current->size=0x0x0000000000000F20
request=0x0x0000000000000800
header=0x0x0000000000000020
[AFTER SPLIT]
new_block=0x0xFFFF9000000028E0
new_block->size=0x0x0000000000000700
new_block->magic=0x0x00000000DEADC0DE
new_block->next=0x0xFFFF900000003000
[heap] SPLIT block=0x0xFFFF9000000020C0 alloc=0x0x0000000000000800 remainder=0x0xFFFF9000000028E0 rem_size=0x0x0000000000000700
[heap] KMALLOC ptr=0x0xFFFF9000000020E0 size=0x0x0000000000000800 ra0=0x0xFFFFFFFF80011074 ra1=0x0xFFFFFFFF800164D6 ra2=0x0x0000000004004FD3
[heap] KFREE ptr=0x0xFFFF9000000020E0 size=0x0x0000000000000800 ra0=0x0xFFFFFFFF80011042
[MERGE CHECK]
current=0x0xFFFF9000000020C0
expected_next=0x0xFFFF9000000028E0
actual_next=0x0xFFFF9000000028E0
[heap] MERGE into=0x0xFFFF9000000020C0 absorb=0x0xFFFF9000000028E0 new_size=0x0x0000000000000F20
[VMM] kmap va=0xFFFF900000893000 pa=0x00000000051CA000
[VMM] kmap va=0xFFFF900000894000 pa=0x00000000051CB000
[VMM] kmap va=0xFFFF900000895000 pa=0x00000000051CC000
[VMM] kmap va=0xFFFF900000896000 pa=0x00000000051CD000
[VMM] kmap va=0xFFFF900000897000 pa=0x00000000051CE000
[VMM] kmap va=0xFFFF900000898000 pa=0x00000000051CF000
[VMM] kmap va=0xFFFF900000899000 pa=0x00000000051D0000
[VMM] kmap va=0xFFFF90000089A000 pa=0x00000000051D1000
[VMM] kmap va=0xFFFF90000089B000 pa=0x00000000051D2000
[VMM] kmap va=0xFFFF90000089C000 pa=0x00000000051D3000
[VMM] kmap va=0xFFFF90000089D000 pa=0x00000000051D4000
[VMM] kmap va=0xFFFF90000089E000 pa=0x00000000051D5000
[VMM] kmap va=0xFFFF90000089F000 pa=0x00000000051D6000
[VMM] kmap va=0xFFFF9000008A0000 pa=0x00000000051D7000
[VMM] kmap va=0xFFFF9000008A1000 pa=0x00000000051D8000
[VMM] kmap va=0xFFFF9000008A2000 pa=0x00000000051D9000
[VMM] kmap va=0xFFFF9000008A3000 pa=0x00000000051DA000
[VMM] kmap va=0xFFFF9000008A4000 pa=0x00000000051DB000
[VMM] kmap va=0xFFFF9000008A5000 pa=0x00000000051DC000
[VMM] kmap va=0xFFFF9000008A6000 pa=0x00000000051DD000
[VMM] kmap va=0xFFFF9000008A7000 pa=0x00000000051DE000
[VMM] kmap va=0xFFFF9000008A8000 pa=0x00000000051DF000
[VMM] kmap va=0xFFFF9000008A9000 pa=0x00000000051E0000
[VMM] kmap va=0xFFFF9000008AA000 pa=0x00000000051E1000
[VMM] kmap va=0xFFFF9000008AB000 pa=0x00000000051E2000
[VMM] kmap va=0xFFFF9000008AC000 pa=0x00000000051E3000
[VMM] kmap va=0xFFFF9000008AD000 pa=0x00000000051E4000
[VMM] kmap va=0xFFFF9000008AE000 pa=0x00000000051E5000
[VMM] kmap va=0xFFFF9000008AF000 pa=0x00000000051E6000
[VMM] kmap va=0xFFFF9000008B0000 pa=0x00000000051E7000
[VMM] kmap va=0xFFFF9000008B1000 pa=0x00000000051E8000
[VMM] kmap va=0xFFFF9000008B2000 pa=0x00000000051E9000
[VMM] kmap va=0xFFFF9000008B3000 pa=0x00000000051EA000
[VMM] kmap va=0xFFFF9000008B4000 pa=0x00000000051EB000
[VMM] kmap va=0xFFFF9000008B5000 pa=0x00000000051EC000
[VMM] kmap va=0xFFFF9000008B6000 pa=0x00000000051ED000
[VMM] kmap va=0xFFFF9000008B7000 pa=0x00000000051EE000
[VMM] kmap va=0xFFFF9000008B8000 pa=0x00000000051EF000
[VMM] kmap va=0xFFFF9000008B9000 pa=0x00000000051F0000
[VMM] kmap va=0xFFFF9000008BA000 pa=0x00000000051F1000
[VMM] kmap va=0xFFFF9000008BB000 pa=0x00000000051F2000
[VMM] kmap va=0xFFFF9000008BC000 pa=0x00000000051F3000
[VMM] kmap va=0xFFFF9000008BD000 pa=0x00000000051F4000
[VMM] kmap va=0xFFFF9000008BE000 pa=0x00000000051F5000
[VMM] kmap va=0xFFFF9000008BF000 pa=0x00000000051F6000
[VMM] kmap va=0xFFFF9000008C0000 pa=0x00000000051F7000
[VMM] kmap va=0xFFFF9000008C1000 pa=0x00000000051F8000
[VMM] kmap va=0xFFFF9000008C2000 pa=0x00000000051F9000
[VMM] kmap va=0xFFFF9000008C3000 pa=0x00000000051FA000
[VMM] kmap va=0xFFFF9000008C4000 pa=0x00000000051FB000
[VMM] kmap va=0xFFFF9000008C5000 pa=0x00000000051FC000
[VMM] kmap va=0xFFFF9000008C6000 pa=0x00000000051FD000
[VMM] kmap va=0xFFFF9000008C7000 pa=0x00000000051FE000
[VMM] kmap va=0xFFFF9000008C8000 pa=0x00000000051FF000
[VMM] kmap va=0xFFFF9000008C9000 pa=0x0000000005200000
[VMM] kmap va=0xFFFF9000008CA000 pa=0x0000000005201000
[VMM] kmap va=0xFFFF9000008CB000 pa=0x0000000005202000
[VMM] kmap va=0xFFFF9000008CC000 pa=0x0000000005203000
[VMM] kmap va=0xFFFF9000008CD000 pa=0x0000000005204000
[VMM] kmap va=0xFFFF9000008CE000 pa=0x0000000005205000
[VMM] kmap va=0xFFFF9000008CF000 pa=0x0000000005206000
[VMM] kmap va=0xFFFF9000008D0000 pa=0x0000000005207000
[VMM] kmap va=0xFFFF9000008D1000 pa=0x0000000005208000
[VMM] kmap va=0xFFFF9000008D2000 pa=0x0000000005209000
[VMM] kmap va=0xFFFF9000008D3000 pa=0x000000000520A000
[VMM] kmap va=0xFFFF9000008D4000 pa=0x000000000520B000
[VMM] kmap va=0xFFFF9000008D5000 pa=0x000000000520C000
[VMM] kmap va=0xFFFF9000008D6000 pa=0x000000000520D000
[VMM] kmap va=0xFFFF9000008D7000 pa=0x000000000520E000
[VMM] kmap va=0xFFFF9000008D8000 pa=0x000000000520F000
[VMM] kmap va=0xFFFF9000008D9000 pa=0x0000000005210000
[VMM] kmap va=0xFFFF9000008DA000 pa=0x0000000005211000
[VMM] kmap va=0xFFFF9000008DB000 pa=0x0000000005212000
[VMM] kmap va=0xFFFF9000008DC000 pa=0x0000000005213000
[VMM] kmap va=0xFFFF9000008DD000 pa=0x0000000005214000
[VMM] kmap va=0xFFFF9000008DE000 pa=0x0000000005215000
[VMM] kmap va=0xFFFF9000008DF000 pa=0x0000000005216000
[VMM] kmap va=0xFFFF9000008E0000 pa=0x0000000005217000
[VMM] kmap va=0xFFFF9000008E1000 pa=0x0000000005218000
[VMM] kmap va=0xFFFF9000008E2000 pa=0x0000000005219000
[VMM] kmap va=0xFFFF9000008E3000 pa=0x000000000521A000
[VMM] kmap va=0xFFFF9000008E4000 pa=0x000000000521B000
[VMM] kmap va=0xFFFF9000008E5000 pa=0x000000000521C000
[VMM] kmap va=0xFFFF9000008E6000 pa=0x000000000521D000
[VMM] kmap va=0xFFFF9000008E7000 pa=0x000000000521E000
[VMM] kmap va=0xFFFF9000008E8000 pa=0x000000000521F000
[VMM] kmap va=0xFFFF9000008E9000 pa=0x0000000005220000
[VMM] kmap va=0xFFFF9000008EA000 pa=0x0000000005221000
[VMM] kmap va=0xFFFF9000008EB000 pa=0x0000000005222000
[VMM] kmap va=0xFFFF9000008EC000 pa=0x0000000005223000
[VMM] kmap va=0xFFFF9000008ED000 pa=0x0000000005224000
[VMM] kmap va=0xFFFF9000008EE000 pa=0x0000000005225000
[VMM] kmap va=0xFFFF9000008EF000 pa=0x0000000005226000
[VMM] kmap va=0xFFFF9000008F0000 pa=0x0000000005227000
[VMM] kmap va=0xFFFF9000008F1000 pa=0x0000000005228000
[VMM] kmap va=0xFFFF9000008F2000 pa=0x0000000005229000
[VMM] kmap va=0xFFFF9000008F3000 pa=0x000000000522A000
[VMM] kmap va=0xFFFF9000008F4000 pa=0x000000000522B000
[VMM] kmap va=0xFFFF9000008F5000 pa=0x000000000522C000
[VMM] kmap va=0xFFFF9000008F6000 pa=0x000000000522D000
[VMM] kmap va=0xFFFF9000008F7000 pa=0x000000000522E000
[VMM] kmap va=0xFFFF9000008F8000 pa=0x000000000522F000
[VMM] kmap va=0xFFFF9000008F9000 pa=0x0000000005230000
[VMM] kmap va=0xFFFF9000008FA000 pa=0x0000000005231000
[VMM] kmap va=0xFFFF9000008FB000 pa=0x0000000005232000
[VMM] kmap va=0xFFFF9000008FC000 pa=0x0000000005233000
[VMM] kmap va=0xFFFF9000008FD000 pa=0x0000000005234000
[VMM] kmap va=0xFFFF9000008FE000 pa=0x0000000005235000
[VMM] kmap va=0xFFFF9000008FF000 pa=0x0000000005236000
[VMM] kmap va=0xFFFF900000900000 pa=0x0000000005237000
[VMM] kmap va=0xFFFF900000901000 pa=0x0000000005238000
[VMM] kmap va=0xFFFF900000902000 pa=0x0000000005239000
[VMM] kmap va=0xFFFF900000903000 pa=0x000000000523A000
[VMM] kmap va=0xFFFF900000904000 pa=0x000000000523B000
[VMM] kmap va=0xFFFF900000905000 pa=0x000000000523C000
[VMM] kmap va=0xFFFF900000906000 pa=0x000000000523D000
[VMM] kmap va=0xFFFF900000907000 pa=0x000000000523E000
[VMM] kmap va=0xFFFF900000908000 pa=0x000000000523F000
[VMM] kmap va=0xFFFF900000909000 pa=0x0000000005240000
[VMM] kmap va=0xFFFF90000090A000 pa=0x0000000005241000
[VMM] kmap va=0xFFFF90000090B000 pa=0x0000000005242000
[VMM] kmap va=0xFFFF90000090C000 pa=0x0000000005243000
[VMM] kmap va=0xFFFF90000090D000 pa=0x0000000005244000
[VMM] kmap va=0xFFFF90000090E000 pa=0x0000000005245000
[VMM] kmap va=0xFFFF90000090F000 pa=0x0000000005246000
[VMM] kmap va=0xFFFF900000910000 pa=0x0000000005247000
[VMM] kmap va=0xFFFF900000911000 pa=0x0000000005248000
[VMM] kmap va=0xFFFF900000912000 pa=0x0000000005249000
[VMM] kmap va=0xFFFF900000913000 pa=0x000000000524A000
[VMM] kmap va=0xFFFF900000914000 pa=0x000000000524B000
[VMM] kmap va=0xFFFF900000915000 pa=0x000000000524C000
[VMM] kmap va=0xFFFF900000916000 pa=0x000000000524D000
[VMM] kmap va=0xFFFF900000917000 pa=0x000000000524E000
[VMM] kmap va=0xFFFF900000918000 pa=0x000000000524F000
[VMM] kmap va=0xFFFF900000919000 pa=0x0000000005250000
[VMM] kmap va=0xFFFF90000091A000 pa=0x0000000005251000
[VMM] kmap va=0xFFFF90000091B000 pa=0x0000000005252000
[VMM] kmap va=0xFFFF90000091C000 pa=0x0000000005253000
[VMM] kmap va=0xFFFF90000091D000 pa=0x0000000005254000
[VMM] kmap va=0xFFFF90000091E000 pa=0x0000000005255000
[VMM] kmap va=0xFFFF90000091F000 pa=0x0000000005256000
[VMM] kmap va=0xFFFF900000920000 pa=0x0000000005257000
[VMM] kmap va=0xFFFF900000921000 pa=0x0000000005258000
[VMM] kmap va=0xFFFF900000922000 pa=0x0000000005259000
[VMM] kmap va=0xFFFF900000923000 pa=0x000000000525A000
[VMM] kmap va=0xFFFF900000924000 pa=0x000000000525B000
[VMM] kmap va=0xFFFF900000925000 pa=0x000000000525C000
[VMM] kmap va=0xFFFF900000926000 pa=0x000000000525D000
[VMM] kmap va=0xFFFF900000927000 pa=0x000000000525E000
[VMM] kmap va=0xFFFF900000928000 pa=0x000000000525F000
[VMM] kmap va=0xFFFF900000929000 pa=0x0000000005260000
[VMM] kmap va=0xFFFF90000092A000 pa=0x0000000005261000
[VMM] kmap va=0xFFFF90000092B000 pa=0x0000000005262000
[VMM] kmap va=0xFFFF90000092C000 pa=0x0000000005263000
[VMM] kmap va=0xFFFF90000092D000 pa=0x0000000005264000
[VMM] kmap va=0xFFFF90000092E000 pa=0x0000000005265000
[VMM] kmap va=0xFFFF90000092F000 pa=0x0000000005266000
[VMM] kmap va=0xFFFF900000930000 pa=0x0000000005267000
[VMM] kmap va=0xFFFF900000931000 pa=0x0000000005268000
[VMM] kmap va=0xFFFF900000932000 pa=0x0000000005269000
[VMM] kmap va=0xFFFF900000933000 pa=0x000000000526A000
[VMM] kmap va=0xFFFF900000934000 pa=0x000000000526B000
[VMM] kmap va=0xFFFF900000935000 pa=0x000000000526C000
[VMM] kmap va=0xFFFF900000936000 pa=0x000000000526D000
[VMM] kmap va=0xFFFF900000937000 pa=0x000000000526E000
[VMM] kmap va=0xFFFF900000938000 pa=0x000000000526F000
[VMM] kmap va=0xFFFF900000939000 pa=0x0000000005270000
[VMM] kmap va=0xFFFF90000093A000 pa=0x0000000005271000
[VMM] kmap va=0xFFFF90000093B000 pa=0x0000000005272000
[VMM] kmap va=0xFFFF90000093C000 pa=0x0000000005273000
[VMM] kmap va=0xFFFF90000093D000 pa=0x0000000005274000
[VMM] kmap va=0xFFFF90000093E000 pa=0x0000000005275000
[VMM] kmap va=0xFFFF90000093F000 pa=0x0000000005276000
[VMM] kmap va=0xFFFF900000940000 pa=0x0000000005277000
[VMM] kmap va=0xFFFF900000941000 pa=0x0000000005278000
[VMM] kmap va=0xFFFF900000942000 pa=0x0000000005279000
[VMM] kmap va=0xFFFF900000943000 pa=0x000000000527A000
[VMM] kmap va=0xFFFF900000944000 pa=0x000000000527B000
[VMM] kmap va=0xFFFF900000945000 pa=0x000000000527C000
[VMM] kmap va=0xFFFF900000946000 pa=0x000000000527D000
[VMM] kmap va=0xFFFF900000947000 pa=0x000000000527E000
[VMM] kmap va=0xFFFF900000948000 pa=0x000000000527F000
[VMM] kmap va=0xFFFF900000949000 pa=0x0000000005280000
[VMM] kmap va=0xFFFF90000094A000 pa=0x0000000005281000
[VMM] kmap va=0xFFFF90000094B000 pa=0x0000000005282000
[VMM] kmap va=0xFFFF90000094C000 pa=0x0000000005283000
[VMM] kmap va=0xFFFF90000094D000 pa=0x0000000005284000
[VMM] kmap va=0xFFFF90000094E000 pa=0x0000000005285000
[VMM] kmap va=0xFFFF90000094F000 pa=0x0000000005286000
[VMM] kmap va=0xFFFF900000950000 pa=0x0000000005287000
[VMM] kmap va=0xFFFF900000951000 pa=0x0000000005288000
[VMM] kmap va=0xFFFF900000952000 pa=0x0000000005289000
[VMM] kmap va=0xFFFF900000953000 pa=0x000000000528A000
[VMM] kmap va=0xFFFF900000954000 pa=0x000000000528B000
[VMM] kmap va=0xFFFF900000955000 pa=0x000000000528C000
[VMM] kmap va=0xFFFF900000956000 pa=0x000000000528D000
[VMM] kmap va=0xFFFF900000957000 pa=0x000000000528E000
[VMM] kmap va=0xFFFF900000958000 pa=0x000000000528F000
[VMM] kmap va=0xFFFF900000959000 pa=0x0000000005290000
[VMM] kmap va=0xFFFF90000095A000 pa=0x0000000005291000
[VMM] kmap va=0xFFFF90000095B000 pa=0x0000000005292000
[VMM] kmap va=0xFFFF90000095C000 pa=0x0000000005293000
[VMM] kmap va=0xFFFF90000095D000 pa=0x0000000005294000
[VMM] kmap va=0xFFFF90000095E000 pa=0x0000000005295000
[VMM] kmap va=0xFFFF90000095F000 pa=0x0000000005296000
[VMM] kmap va=0xFFFF900000960000 pa=0x0000000005297000
[VMM] kmap va=0xFFFF900000961000 pa=0x0000000005298000
[VMM] kmap va=0xFFFF900000962000 pa=0x0000000005299000
[VMM] kmap va=0xFFFF900000963000 pa=0x000000000529A000
[VMM] kmap va=0xFFFF900000964000 pa=0x000000000529B000
[VMM] kmap va=0xFFFF900000965000 pa=0x000000000529C000
[VMM] kmap va=0xFFFF900000966000 pa=0x000000000529D000
[VMM] kmap va=0xFFFF900000967000 pa=0x000000000529E000
[VMM] kmap va=0xFFFF900000968000 pa=0x000000000529F000
[VMM] kmap va=0xFFFF900000969000 pa=0x00000000052A0000
[VMM] kmap va=0xFFFF90000096A000 pa=0x00000000052A1000
[VMM] kmap va=0xFFFF90000096B000 pa=0x00000000052A2000
[VMM] kmap va=0xFFFF90000096C000 pa=0x00000000052A3000
[VMM] kmap va=0xFFFF90000096D000 pa=0x00000000052A4000
[VMM] kmap va=0xFFFF90000096E000 pa=0x00000000052A5000
[VMM] kmap va=0xFFFF90000096F000 pa=0x00000000052A6000
[VMM] kmap va=0xFFFF900000970000 pa=0x00000000052A7000
[VMM] kmap va=0xFFFF900000971000 pa=0x00000000052A8000
[VMM] kmap va=0xFFFF900000972000 pa=0x00000000052A9000
[VMM] kmap va=0xFFFF900000973000 pa=0x00000000052AA000
[VMM] kmap va=0xFFFF900000974000 pa=0x00000000052AB000
[VMM] kmap va=0xFFFF900000975000 pa=0x00000000052AC000
[VMM] kmap va=0xFFFF900000976000 pa=0x00000000052AD000
[VMM] kmap va=0xFFFF900000977000 pa=0x00000000052AE000
[VMM] kmap va=0xFFFF900000978000 pa=0x00000000052AF000
[VMM] kmap va=0xFFFF900000979000 pa=0x00000000052B0000
[VMM] kmap va=0xFFFF90000097A000 pa=0x00000000052B1000
[VMM] kmap va=0xFFFF90000097B000 pa=0x00000000052B2000
[VMM] kmap va=0xFFFF90000097C000 pa=0x00000000052B3000
[VMM] kmap va=0xFFFF90000097D000 pa=0x00000000052B4000
[VMM] kmap va=0xFFFF90000097E000 pa=0x00000000052B5000
[VMM] kmap va=0xFFFF90000097F000 pa=0x00000000052B6000
[VMM] kmap va=0xFFFF900000980000 pa=0x00000000052B7000
[VMM] kmap va=0xFFFF900000981000 pa=0x00000000052B8000
[VMM] kmap va=0xFFFF900000982000 pa=0x00000000052B9000
[VMM] kmap va=0xFFFF900000983000 pa=0x00000000052BA000
[VMM] kmap va=0xFFFF900000984000 pa=0x00000000052BB000
[VMM] kmap va=0xFFFF900000985000 pa=0x00000000052BC000
[VMM] kmap va=0xFFFF900000986000 pa=0x00000000052BD000
[VMM] kmap va=0xFFFF900000987000 pa=0x00000000052BE000
[VMM] kmap va=0xFFFF900000988000 pa=0x00000000052BF000
[VMM] kmap va=0xFFFF900000989000 pa=0x00000000052C0000
[VMM] kmap va=0xFFFF90000098A000 pa=0x00000000052C1000
[VMM] kmap va=0xFFFF90000098B000 pa=0x00000000052C2000
[VMM] kmap va=0xFFFF90000098C000 pa=0x00000000052C3000
[VMM] kmap va=0xFFFF90000098D000 pa=0x00000000052C4000
[VMM] kmap va=0xFFFF90000098E000 pa=0x00000000052C5000
[VMM] kmap va=0xFFFF90000098F000 pa=0x00000000052C6000
[VMM] kmap va=0xFFFF900000990000 pa=0x00000000052C7000
[VMM] kmap va=0xFFFF900000991000 pa=0x00000000052C8000
[VMM] kmap va=0xFFFF900000992000 pa=0x00000000052C9000
[VMM] kmap va=0xFFFF900000993000 pa=0x00000000052CA000
[VMM] kmap va=0xFFFF900000994000 pa=0x00000000052CB000
[VMM] kmap va=0xFFFF900000995000 pa=0x00000000052CC000
[VMM] kmap va=0xFFFF900000996000 pa=0x00000000052CD000
[VMM] kmap va=0xFFFF900000997000 pa=0x00000000052CE000
[VMM] kmap va=0xFFFF900000998000 pa=0x00000000052CF000
[VMM] kmap va=0xFFFF900000999000 pa=0x00000000052D0000
[VMM] kmap va=0xFFFF90000099A000 pa=0x00000000052D1000
[VMM] kmap va=0xFFFF90000099B000 pa=0x00000000052D2000
[VMM] kmap va=0xFFFF90000099C000 pa=0x00000000052D3000
[VMM] kmap va=0xFFFF90000099D000 pa=0x00000000052D4000
[VMM] kmap va=0xFFFF90000099E000 pa=0x00000000052D5000
[VMM] kmap va=0xFFFF90000099F000 pa=0x00000000052D6000
[VMM] kmap va=0xFFFF9000009A0000 pa=0x00000000052D7000
[VMM] kmap va=0xFFFF9000009A1000 pa=0x00000000052D8000
[VMM] kmap va=0xFFFF9000009A2000 pa=0x00000000052D9000
[VMM] kmap va=0xFFFF9000009A3000 pa=0x00000000052DA000
[VMM] kmap va=0xFFFF9000009A4000 pa=0x00000000052DB000
[VMM] kmap va=0xFFFF9000009A5000 pa=0x00000000052DC000
[VMM] kmap va=0xFFFF9000009A6000 pa=0x00000000052DD000
[VMM] kmap va=0xFFFF9000009A7000 pa=0x00000000052DE000
[VMM] kmap va=0xFFFF9000009A8000 pa=0x00000000052DF000
[VMM] kmap va=0xFFFF9000009A9000 pa=0x00000000052E0000
[VMM] kmap va=0xFFFF9000009AA000 pa=0x00000000052E1000
[VMM] kmap va=0xFFFF9000009AB000 pa=0x00000000052E2000
[VMM] kmap va=0xFFFF9000009AC000 pa=0x00000000052E3000
[VMM] kmap va=0xFFFF9000009AD000 pa=0x00000000052E4000
[VMM] kmap va=0xFFFF9000009AE000 pa=0x00000000052E5000
[VMM] kmap va=0xFFFF9000009AF000 pa=0x00000000052E6000
[VMM] kmap va=0xFFFF9000009B0000 pa=0x00000000052E7000
[VMM] kmap va=0xFFFF9000009B1000 pa=0x00000000052E8000
[VMM] kmap va=0xFFFF9000009B2000 pa=0x00000000052E9000
[VMM] kmap va=0xFFFF9000009B3000 pa=0x00000000052EA000
[VMM] kmap va=0xFFFF9000009B4000 pa=0x00000000052EB000
[VMM] kmap va=0xFFFF9000009B5000 pa=0x00000000052EC000
[VMM] kmap va=0xFFFF9000009B6000 pa=0x00000000052ED000
[VMM] kmap va=0xFFFF9000009B7000 pa=0x00000000052EE000
[VMM] kmap va=0xFFFF9000009B8000 pa=0x00000000052EF000
[VMM] kmap va=0xFFFF9000009B9000 pa=0x00000000052F0000
[VMM] kmap va=0xFFFF9000009BA000 pa=0x00000000052F1000
[VMM] kmap va=0xFFFF9000009BB000 pa=0x00000000052F2000
[VMM] kmap va=0xFFFF9000009BC000 pa=0x00000000052F3000
[VMM] kmap va=0xFFFF9000009BD000 pa=0x00000000052F4000
[VMM] kmap va=0xFFFF9000009BE000 pa=0x00000000052F5000
[VMM] kmap va=0xFFFF9000009BF000 pa=0x00000000052F6000
[VMM] kmap va=0xFFFF9000009C0000 pa=0x00000000052F7000
[VMM] kmap va=0xFFFF9000009C1000 pa=0x00000000052F8000
[VMM] kmap va=0xFFFF9000009C2000 pa=0x00000000052F9000
[VMM] kmap va=0xFFFF9000009C3000 pa=0x00000000052FA000
[VMM] kmap va=0xFFFF9000009C4000 pa=0x00000000052FB000
[VMM] kmap va=0xFFFF9000009C5000 pa=0x00000000052FC000
[VMM] kmap va=0xFFFF9000009C6000 pa=0x00000000052FD000
[VMM] kmap va=0xFFFF9000009C7000 pa=0x00000000052FE000
[VMM] kmap va=0xFFFF9000009C8000 pa=0x00000000052FF000
[VMM] kmap va=0xFFFF9000009C9000 pa=0x0000000005300000
[VMM] kmap va=0xFFFF9000009CA000 pa=0x0000000005301000
[VMM] kmap va=0xFFFF9000009CB000 pa=0x0000000005302000
[VMM] kmap va=0xFFFF9000009CC000 pa=0x0000000005303000
[VMM] kmap va=0xFFFF9000009CD000 pa=0x0000000005304000
[VMM] kmap va=0xFFFF9000009CE000 pa=0x0000000005305000
[VMM] kmap va=0xFFFF9000009CF000 pa=0x0000000005306000
[VMM] kmap va=0xFFFF9000009D0000 pa=0x0000000005307000
[VMM] kmap va=0xFFFF9000009D1000 pa=0x0000000005308000
[VMM] kmap va=0xFFFF9000009D2000 pa=0x0000000005309000
[VMM] kmap va=0xFFFF9000009D3000 pa=0x000000000530A000
[VMM] kmap va=0xFFFF9000009D4000 pa=0x000000000530B000
[VMM] kmap va=0xFFFF9000009D5000 pa=0x000000000530C000
[VMM] kmap va=0xFFFF9000009D6000 pa=0x000000000530D000
[VMM] kmap va=0xFFFF9000009D7000 pa=0x000000000530E000
[VMM] kmap va=0xFFFF9000009D8000 pa=0x000000000530F000
[VMM] kmap va=0xFFFF9000009D9000 pa=0x0000000005310000
[VMM] kmap va=0xFFFF9000009DA000 pa=0x0000000005311000
[VMM] kmap va=0xFFFF9000009DB000 pa=0x0000000005312000
[VMM] kmap va=0xFFFF9000009DC000 pa=0x0000000005313000
[VMM] kmap va=0xFFFF9000009DD000 pa=0x0000000005314000
[VMM] kmap va=0xFFFF9000009DE000 pa=0x0000000005315000
[VMM] kmap va=0xFFFF9000009DF000 pa=0x0000000005316000
[VMM] kmap va=0xFFFF9000009E0000 pa=0x0000000005317000
[VMM] kmap va=0xFFFF9000009E1000 pa=0x0000000005318000
[VMM] kmap va=0xFFFF9000009E2000 pa=0x0000000005319000
[VMM] kmap va=0xFFFF9000009E3000 pa=0x000000000531A000
[VMM] kmap va=0xFFFF9000009E4000 pa=0x000000000531B000
[VMM] kmap va=0xFFFF9000009E5000 pa=0x000000000531C000
[VMM] kmap va=0xFFFF9000009E6000 pa=0x000000000531D000
[VMM] kmap va=0xFFFF9000009E7000 pa=0x000000000531E000
[VMM] kmap va=0xFFFF9000009E8000 pa=0x000000000531F000
[VMM] kmap va=0xFFFF9000009E9000 pa=0x0000000005320000
[VMM] kmap va=0xFFFF9000009EA000 pa=0x0000000005321000
[VMM] kmap va=0xFFFF9000009EB000 pa=0x0000000005322000
[VMM] kmap va=0xFFFF9000009EC000 pa=0x0000000005323000
[VMM] kmap va=0xFFFF9000009ED000 pa=0x0000000005324000
[VMM] kmap va=0xFFFF9000009EE000 pa=0x0000000005325000
[VMM] kmap va=0xFFFF9000009EF000 pa=0x0000000005326000
[VMM] kmap va=0xFFFF9000009F0000 pa=0x0000000005327000
[VMM] kmap va=0xFFFF9000009F1000 pa=0x0000000005328000
[VMM] kmap va=0xFFFF9000009F2000 pa=0x0000000005329000
[VMM] kmap va=0xFFFF9000009F3000 pa=0x000000000532A000
[VMM] kmap va=0xFFFF9000009F4000 pa=0x000000000532B000
[VMM] kmap va=0xFFFF9000009F5000 pa=0x000000000532C000
[VMM] kmap va=0xFFFF9000009F6000 pa=0x000000000532D000
[VMM] kmap va=0xFFFF9000009F7000 pa=0x000000000532E000
[VMM] kmap va=0xFFFF9000009F8000 pa=0x000000000532F000
[VMM] kmap va=0xFFFF9000009F9000 pa=0x0000000005330000
[VMM] kmap va=0xFFFF9000009FA000 pa=0x0000000005331000
[VMM] kmap va=0xFFFF9000009FB000 pa=0x0000000005332000
[VMM] kmap va=0xFFFF9000009FC000 pa=0x0000000005333000
[VMM] kmap va=0xFFFF9000009FD000 pa=0x0000000005334000
[VMM] kmap va=0xFFFF9000009FE000 pa=0x0000000005335000
[VMM] kmap va=0xFFFF9000009FF000 pa=0x0000000005336000
[VMM] kmap va=0xFFFF900000A00000 pa=0x0000000005337000
[VMM] kmap va=0xFFFF900000A01000 pa=0x0000000005339000
[VMM] kmap va=0xFFFF900000A02000 pa=0x000000000533A000
[VMM] kmap va=0xFFFF900000A03000 pa=0x000000000533B000
[VMM] kmap va=0xFFFF900000A04000 pa=0x000000000533C000
[VMM] kmap va=0xFFFF900000A05000 pa=0x000000000533D000
[VMM] kmap va=0xFFFF900000A06000 pa=0x000000000533E000
[VMM] kmap va=0xFFFF900000A07000 pa=0x000000000533F000
[VMM] kmap va=0xFFFF900000A08000 pa=0x0000000005340000
[VMM] kmap va=0xFFFF900000A09000 pa=0x0000000005341000
[VMM] kmap va=0xFFFF900000A0A000 pa=0x0000000005342000
[VMM] kmap va=0xFFFF900000A0B000 pa=0x0000000005343000
[VMM] kmap va=0xFFFF900000A0C000 pa=0x0000000005344000
[VMM] kmap va=0xFFFF900000A0D000 pa=0x0000000005345000
[VMM] kmap va=0xFFFF900000A0E000 pa=0x0000000005346000
[VMM] kmap va=0xFFFF900000A0F000 pa=0x0000000005347000
[VMM] kmap va=0xFFFF900000A10000 pa=0x0000000005348000
[VMM] kmap va=0xFFFF900000A11000 pa=0x0000000005349000
[VMM] kmap va=0xFFFF900000A12000 pa=0x000000000534A000
[VMM] kmap va=0xFFFF900000A13000 pa=0x000000000534B000
[VMM] kmap va=0xFFFF900000A14000 pa=0x000000000534C000
[VMM] kmap va=0xFFFF900000A15000 pa=0x000000000534D000
[VMM] kmap va=0xFFFF900000A16000 pa=0x000000000534E000
[VMM] kmap va=0xFFFF900000A17000 pa=0x000000000534F000
[VMM] kmap va=0xFFFF900000A18000 pa=0x0000000005350000
[VMM] kmap va=0xFFFF900000A19000 pa=0x0000000005351000
[VMM] kmap va=0xFFFF900000A1A000 pa=0x0000000005352000
[VMM] kmap va=0xFFFF900000A1B000 pa=0x0000000005353000
[VMM] kmap va=0xFFFF900000A1C000 pa=0x0000000005354000
[VMM] kmap va=0xFFFF900000A1D000 pa=0x0000000005355000
[VMM] kmap va=0xFFFF900000A1E000 pa=0x0000000005356000
[VMM] kmap va=0xFFFF900000A1F000 pa=0x0000000005357000
[VMM] kmap va=0xFFFF900000A20000 pa=0x0000000005358000
[VMM] kmap va=0xFFFF900000A21000 pa=0x0000000005359000
[VMM] kmap va=0xFFFF900000A22000 pa=0x000000000535A000
[VMM] kmap va=0xFFFF900000A23000 pa=0x000000000535B000
[VMM] kmap va=0xFFFF900000A24000 pa=0x000000000535C000
[VMM] kmap va=0xFFFF900000A25000 pa=0x000000000535D000
[VMM] kmap va=0xFFFF900000A26000 pa=0x000000000535E000
[VMM] kmap va=0xFFFF900000A27000 pa=0x000000000535F000
[VMM] kmap va=0xFFFF900000A28000 pa=0x0000000005360000
[VMM] kmap va=0xFFFF900000A29000 pa=0x0000000005361000
[VMM] kmap va=0xFFFF900000A2A000 pa=0x0000000005362000
[VMM] kmap va=0xFFFF900000A2B000 pa=0x0000000005363000
[VMM] kmap va=0xFFFF900000A2C000 pa=0x0000000005364000
[VMM] kmap va=0xFFFF900000A2D000 pa=0x0000000005365000
[VMM] kmap va=0xFFFF900000A2E000 pa=0x0000000005366000
[VMM] kmap va=0xFFFF900000A2F000 pa=0x0000000005367000
[VMM] kmap va=0xFFFF900000A30000 pa=0x0000000005368000
[VMM] kmap va=0xFFFF900000A31000 pa=0x0000000005369000
[VMM] kmap va=0xFFFF900000A32000 pa=0x000000000536A000
[VMM] kmap va=0xFFFF900000A33000 pa=0x000000000536B000
[VMM] kmap va=0xFFFF900000A34000 pa=0x000000000536C000
[VMM] kmap va=0xFFFF900000A35000 pa=0x000000000536D000
[VMM] kmap va=0xFFFF900000A36000 pa=0x000000000536E000
[VMM] kmap va=0xFFFF900000A37000 pa=0x000000000536F000
[VMM] kmap va=0xFFFF900000A38000 pa=0x0000000005370000
[VMM] kmap va=0xFFFF900000A39000 pa=0x0000000005371000
[VMM] kmap va=0xFFFF900000A3A000 pa=0x0000000005372000
[VMM] kmap va=0xFFFF900000A3B000 pa=0x0000000005373000
[VMM] kmap va=0xFFFF900000A3C000 pa=0x0000000005374000
[VMM] kmap va=0xFFFF900000A3D000 pa=0x0000000005375000
[VMM] kmap va=0xFFFF900000A3E000 pa=0x0000000005376000
[VMM] kmap va=0xFFFF900000A3F000 pa=0x0000000005377000
[VMM] kmap va=0xFFFF900000A40000 pa=0x0000000005378000
[VMM] kmap va=0xFFFF900000A41000 pa=0x0000000005379000
[VMM] kmap va=0xFFFF900000A42000 pa=0x000000000537A000
[VMM] kmap va=0xFFFF900000A43000 pa=0x000000000537B000
[VMM] kmap va=0xFFFF900000A44000 pa=0x000000000537C000
[VMM] kmap va=0xFFFF900000A45000 pa=0x000000000537D000
[VMM] kmap va=0xFFFF900000A46000 pa=0x000000000537E000
[VMM] kmap va=0xFFFF900000A47000 pa=0x000000000537F000
[VMM] kmap va=0xFFFF900000A48000 pa=0x0000000005380000
[VMM] kmap va=0xFFFF900000A49000 pa=0x0000000005381000
[VMM] kmap va=0xFFFF900000A4A000 pa=0x0000000005382000
[VMM] kmap va=0xFFFF900000A4B000 pa=0x0000000005383000
[VMM] kmap va=0xFFFF900000A4C000 pa=0x0000000005384000
[VMM] kmap va=0xFFFF900000A4D000 pa=0x0000000005385000
[VMM] kmap va=0xFFFF900000A4E000 pa=0x0000000005386000
[VMM] kmap va=0xFFFF900000A4F000 pa=0x0000000005387000
[VMM] kmap va=0xFFFF900000A50000 pa=0x0000000005388000
[VMM] kmap va=0xFFFF900000A51000 pa=0x0000000005389000
[VMM] kmap va=0xFFFF900000A52000 pa=0x000000000538A000
[VMM] kmap va=0xFFFF900000A53000 pa=0x000000000538B000
[VMM] kmap va=0xFFFF900000A54000 pa=0x000000000538C000
[VMM] kmap va=0xFFFF900000A55000 pa=0x000000000538D000
[VMM] kmap va=0xFFFF900000A56000 pa=0x000000000538E000
[VMM] kmap va=0xFFFF900000A57000 pa=0x000000000538F000
[VMM] kmap va=0xFFFF900000A58000 pa=0x0000000005390000
[VMM] kmap va=0xFFFF900000A59000 pa=0x0000000005391000
[VMM] kmap va=0xFFFF900000A5A000 pa=0x0000000005392000
[VMM] kmap va=0xFFFF900000A5B000 pa=0x0000000005393000
[VMM] kmap va=0xFFFF900000A5C000 pa=0x0000000005394000
[VMM] kmap va=0xFFFF900000A5D000 pa=0x0000000005395000
[VMM] kmap va=0xFFFF900000A5E000 pa=0x0000000005396000
[VMM] kmap va=0xFFFF900000A5F000 pa=0x0000000005397000
[VMM] kmap va=0xFFFF900000A60000 pa=0x0000000005398000
[VMM] kmap va=0xFFFF900000A61000 pa=0x0000000005399000
[VMM] kmap va=0xFFFF900000A62000 pa=0x000000000539A000
[VMM] kmap va=0xFFFF900000A63000 pa=0x000000000539B000
[VMM] kmap va=0xFFFF900000A64000 pa=0x000000000539C000
[VMM] kmap va=0xFFFF900000A65000 pa=0x000000000539D000
[VMM] kmap va=0xFFFF900000A66000 pa=0x000000000539E000
[VMM] kmap va=0xFFFF900000A67000 pa=0x000000000539F000
[VMM] kmap va=0xFFFF900000A68000 pa=0x00000000053A0000
[VMM] kmap va=0xFFFF900000A69000 pa=0x00000000053A1000
[VMM] kmap va=0xFFFF900000A6A000 pa=0x00000000053A2000
[VMM] kmap va=0xFFFF900000A6B000 pa=0x00000000053A3000
[VMM] kmap va=0xFFFF900000A6C000 pa=0x00000000053A4000
[VMM] kmap va=0xFFFF900000A6D000 pa=0x00000000053A5000
[VMM] kmap va=0xFFFF900000A6E000 pa=0x00000000053A6000
[VMM] kmap va=0xFFFF900000A6F000 pa=0x00000000053A7000
[VMM] kmap va=0xFFFF900000A70000 pa=0x00000000053A8000
[VMM] kmap va=0xFFFF900000A71000 pa=0x00000000053A9000
[VMM] kmap va=0xFFFF900000A72000 pa=0x00000000053AA000
[VMM] kmap va=0xFFFF900000A73000 pa=0x00000000053AB000
[VMM] kmap va=0xFFFF900000A74000 pa=0x00000000053AC000
[VMM] kmap va=0xFFFF900000A75000 pa=0x00000000053AD000
[VMM] kmap va=0xFFFF900000A76000 pa=0x00000000053AE000
[VMM] kmap va=0xFFFF900000A77000 pa=0x00000000053AF000
[VMM] kmap va=0xFFFF900000A78000 pa=0x00000000053B0000
[VMM] kmap va=0xFFFF900000A79000 pa=0x00000000053B1000
[VMM] kmap va=0xFFFF900000A7A000 pa=0x00000000053B2000
[VMM] kmap va=0xFFFF900000A7B000 pa=0x00000000053B3000
[VMM] kmap va=0xFFFF900000A7C000 pa=0x00000000053B4000
[VMM] kmap va=0xFFFF900000A7D000 pa=0x00000000053B5000
[VMM] kmap va=0xFFFF900000A7E000 pa=0x00000000053B6000
[VMM] kmap va=0xFFFF900000A7F000 pa=0x00000000053B7000
[VMM] kmap va=0xFFFF900000A80000 pa=0x00000000053B8000
[VMM] kmap va=0xFFFF900000A81000 pa=0x00000000053B9000
[VMM] kmap va=0xFFFF900000A82000 pa=0x00000000053BA000
[VMM] kmap va=0xFFFF900000A83000 pa=0x00000000053BB000
[VMM] kmap va=0xFFFF900000A84000 pa=0x00000000053BC000
[VMM] kmap va=0xFFFF900000A85000 pa=0x00000000053BD000
[VMM] kmap va=0xFFFF900000A86000 pa=0x00000000053BE000
[VMM] kmap va=0xFFFF900000A87000 pa=0x00000000053BF000
[VMM] kmap va=0xFFFF900000A88000 pa=0x00000000053C0000
[VMM] kmap va=0xFFFF900000A89000 pa=0x00000000053C1000
[VMM] kmap va=0xFFFF900000A8A000 pa=0x00000000053C2000
[VMM] kmap va=0xFFFF900000A8B000 pa=0x00000000053C3000
[VMM] kmap va=0xFFFF900000A8C000 pa=0x00000000053C4000
[VMM] kmap va=0xFFFF900000A8D000 pa=0x00000000053C5000
[VMM] kmap va=0xFFFF900000A8E000 pa=0x00000000053C6000
[VMM] kmap va=0xFFFF900000A8F000 pa=0x00000000053C7000
[VMM] kmap va=0xFFFF900000A90000 pa=0x00000000053C8000
[VMM] kmap va=0xFFFF900000A91000 pa=0x00000000053C9000
[VMM] kmap va=0xFFFF900000A92000 pa=0x00000000053CA000
[VMM] kmap va=0xFFFF900000A93000 pa=0x00000000053CB000
[VMM] kmap va=0xFFFF900000A94000 pa=0x00000000053CC000
[VMM] kmap va=0xFFFF900000A95000 pa=0x00000000053CD000
[VMM] kmap va=0xFFFF900000A96000 pa=0x00000000053CE000
[VMM] kmap va=0xFFFF900000A97000 pa=0x00000000053CF000
[VMM] kmap va=0xFFFF900000A98000 pa=0x00000000053D0000
[VMM] kmap va=0xFFFF900000A99000 pa=0x00000000053D1000
[VMM] kmap va=0xFFFF900000A9A000 pa=0x00000000053D2000
[VMM] kmap va=0xFFFF900000A9B000 pa=0x00000000053D3000
[VMM] kmap va=0xFFFF900000A9C000 pa=0x00000000053D4000
[VMM] kmap va=0xFFFF900000A9D000 pa=0x00000000053D5000
[VMM] kmap va=0xFFFF900000A9E000 pa=0x00000000053D6000
[VMM] kmap va=0xFFFF900000A9F000 pa=0x00000000053D7000
[VMM] kmap va=0xFFFF900000AA0000 pa=0x00000000053D8000
[VMM] kmap va=0xFFFF900000AA1000 pa=0x00000000053D9000
[VMM] kmap va=0xFFFF900000AA2000 pa=0x00000000053DA000
[VMM] kmap va=0xFFFF900000AA3000 pa=0x00000000053DB000
[VMM] kmap va=0xFFFF900000AA4000 pa=0x00000000053DC000
[VMM] kmap va=0xFFFF900000AA5000 pa=0x00000000053DD000
[VMM] kmap va=0xFFFF900000AA6000 pa=0x00000000053DE000
[VMM] kmap va=0xFFFF900000AA7000 pa=0x00000000053DF000
[VMM] kmap va=0xFFFF900000AA8000 pa=0x00000000053E0000
[VMM] kmap va=0xFFFF900000AA9000 pa=0x00000000053E1000
[VMM] kmap va=0xFFFF900000AAA000 pa=0x00000000053E2000
[VMM] kmap va=0xFFFF900000AAB000 pa=0x00000000053E3000
[VMM] kmap va=0xFFFF900000AAC000 pa=0x00000000053E4000
[VMM] kmap va=0xFFFF900000AAD000 pa=0x00000000053E5000
[VMM] kmap va=0xFFFF900000AAE000 pa=0x00000000053E6000
[VMM] kmap va=0xFFFF900000AAF000 pa=0x00000000053E7000
[VMM] kmap va=0xFFFF900000AB0000 pa=0x00000000053E8000
[VMM] kmap va=0xFFFF900000AB1000 pa=0x00000000053E9000
[VMM] kmap va=0xFFFF900000AB2000 pa=0x00000000053EA000
[VMM] kmap va=0xFFFF900000AB3000 pa=0x00000000053EB000
[VMM] kmap va=0xFFFF900000AB4000 pa=0x00000000053EC000
[VMM] kmap va=0xFFFF900000AB5000 pa=0x00000000053ED000
[VMM] kmap va=0xFFFF900000AB6000 pa=0x00000000053EE000
[VMM] kmap va=0xFFFF900000AB7000 pa=0x00000000053EF000
[VMM] kmap va=0xFFFF900000AB8000 pa=0x00000000053F0000
[VMM] kmap va=0xFFFF900000AB9000 pa=0x00000000053F1000
[VMM] kmap va=0xFFFF900000ABA000 pa=0x00000000053F2000
[VMM] kmap va=0xFFFF900000ABB000 pa=0x00000000053F3000
[VMM] kmap va=0xFFFF900000ABC000 pa=0x00000000053F4000
[VMM] kmap va=0xFFFF900000ABD000 pa=0x00000000053F5000
[VMM] kmap va=0xFFFF900000ABE000 pa=0x00000000053F6000
[VMM] kmap va=0xFFFF900000ABF000 pa=0x00000000053F7000
[VMM] kmap va=0xFFFF900000AC0000 pa=0x00000000053F8000
[VMM] kmap va=0xFFFF900000AC1000 pa=0x00000000053F9000
[VMM] kmap va=0xFFFF900000AC2000 pa=0x00000000053FA000
[VMM] kmap va=0xFFFF900000AC3000 pa=0x00000000053FB000
[VMM] kmap va=0xFFFF900000AC4000 pa=0x00000000053FC000
[VMM] kmap va=0xFFFF900000AC5000 pa=0x00000000053FD000
[VMM] kmap va=0xFFFF900000AC6000 pa=0x00000000053FE000
[VMM] kmap va=0xFFFF900000AC7000 pa=0x00000000053FF000
[VMM] kmap va=0xFFFF900000AC8000 pa=0x0000000005400000
[VMM] kmap va=0xFFFF900000AC9000 pa=0x0000000005401000
[VMM] kmap va=0xFFFF900000ACA000 pa=0x0000000005402000
[VMM] kmap va=0xFFFF900000ACB000 pa=0x0000000005403000
[VMM] kmap va=0xFFFF900000ACC000 pa=0x0000000005404000
[VMM] kmap va=0xFFFF900000ACD000 pa=0x0000000005405000
[VMM] kmap va=0xFFFF900000ACE000 pa=0x0000000005406000
[VMM] kmap va=0xFFFF900000ACF000 pa=0x0000000005407000
[VMM] kmap va=0xFFFF900000AD0000 pa=0x0000000005408000
[VMM] kmap va=0xFFFF900000AD1000 pa=0x0000000005409000
[VMM] kmap va=0xFFFF900000AD2000 pa=0x000000000540A000
[VMM] kmap va=0xFFFF900000AD3000 pa=0x000000000540B000
[VMM] kmap va=0xFFFF900000AD4000 pa=0x000000000540C000
[VMM] kmap va=0xFFFF900000AD5000 pa=0x000000000540D000
[VMM] kmap va=0xFFFF900000AD6000 pa=0x000000000540E000
[VMM] kmap va=0xFFFF900000AD7000 pa=0x000000000540F000
[VMM] kmap va=0xFFFF900000AD8000 pa=0x0000000005410000
[VMM] kmap va=0xFFFF900000AD9000 pa=0x0000000005411000
[VMM] kmap va=0xFFFF900000ADA000 pa=0x0000000005412000
[VMM] kmap va=0xFFFF900000ADB000 pa=0x0000000005413000
[VMM] kmap va=0xFFFF900000ADC000 pa=0x0000000005414000
[VMM] kmap va=0xFFFF900000ADD000 pa=0x0000000005415000
[VMM] kmap va=0xFFFF900000ADE000 pa=0x0000000005416000
[VMM] kmap va=0xFFFF900000ADF000 pa=0x0000000005417000
[VMM] kmap va=0xFFFF900000AE0000 pa=0x0000000005418000
[VMM] kmap va=0xFFFF900000AE1000 pa=0x0000000005419000
[VMM] kmap va=0xFFFF900000AE2000 pa=0x000000000541A000
[VMM] kmap va=0xFFFF900000AE3000 pa=0x000000000541B000
[VMM] kmap va=0xFFFF900000AE4000 pa=0x000000000541C000
[VMM] kmap va=0xFFFF900000AE5000 pa=0x000000000541D000
[VMM] kmap va=0xFFFF900000AE6000 pa=0x000000000541E000
[VMM] kmap va=0xFFFF900000AE7000 pa=0x000000000541F000
[VMM] kmap va=0xFFFF900000AE8000 pa=0x0000000005420000
[VMM] kmap va=0xFFFF900000AE9000 pa=0x0000000005421000
[VMM] kmap va=0xFFFF900000AEA000 pa=0x0000000005422000
[VMM] kmap va=0xFFFF900000AEB000 pa=0x0000000005423000
[VMM] kmap va=0xFFFF900000AEC000 pa=0x0000000005424000
[VMM] kmap va=0xFFFF900000AED000 pa=0x0000000005425000
[VMM] kmap va=0xFFFF900000AEE000 pa=0x0000000005426000
[VMM] kmap va=0xFFFF900000AEF000 pa=0x0000000005427000
[VMM] kmap va=0xFFFF900000AF0000 pa=0x0000000005428000
[VMM] kmap va=0xFFFF900000AF1000 pa=0x0000000005429000
[VMM] kmap va=0xFFFF900000AF2000 pa=0x000000000542A000
[VMM] kmap va=0xFFFF900000AF3000 pa=0x000000000542B000
[VMM] kmap va=0xFFFF900000AF4000 pa=0x000000000542C000
[VMM] kmap va=0xFFFF900000AF5000 pa=0x000000000542D000
[VMM] kmap va=0xFFFF900000AF6000 pa=0x000000000542E000
[VMM] kmap va=0xFFFF900000AF7000 pa=0x000000000542F000
[VMM] kmap va=0xFFFF900000AF8000 pa=0x0000000005430000
[VMM] kmap va=0xFFFF900000AF9000 pa=0x0000000005431000
[VMM] kmap va=0xFFFF900000AFA000 pa=0x0000000005432000
[VMM] kmap va=0xFFFF900000AFB000 pa=0x0000000005433000
[VMM] kmap va=0xFFFF900000AFC000 pa=0x0000000005434000
[VMM] kmap va=0xFFFF900000AFD000 pa=0x0000000005435000
[VMM] kmap va=0xFFFF900000AFE000 pa=0x0000000005436000
[VMM] kmap va=0xFFFF900000AFF000 pa=0x0000000005437000
[VMM] kmap va=0xFFFF900000B00000 pa=0x0000000005438000
[VMM] kmap va=0xFFFF900000B01000 pa=0x0000000005439000
[VMM] kmap va=0xFFFF900000B02000 pa=0x000000000543A000
[VMM] kmap va=0xFFFF900000B03000 pa=0x000000000543B000
[VMM] kmap va=0xFFFF900000B04000 pa=0x000000000543C000
[VMM] kmap va=0xFFFF900000B05000 pa=0x000000000543D000
[VMM] kmap va=0xFFFF900000B06000 pa=0x000000000543E000
[VMM] kmap va=0xFFFF900000B07000 pa=0x000000000543F000
[VMM] kmap va=0xFFFF900000B08000 pa=0x0000000005440000
[VMM] kmap va=0xFFFF900000B09000 pa=0x0000000005441000
[VMM] kmap va=0xFFFF900000B0A000 pa=0x0000000005442000
[VMM] kmap va=0xFFFF900000B0B000 pa=0x0000000005443000
[VMM] kmap va=0xFFFF900000B0C000 pa=0x0000000005444000
[VMM] kmap va=0xFFFF900000B0D000 pa=0x0000000005445000
[VMM] kmap va=0xFFFF900000B0E000 pa=0x0000000005446000
[VMM] kmap va=0xFFFF900000B0F000 pa=0x0000000005447000
[VMM] kmap va=0xFFFF900000B10000 pa=0x0000000005448000
[VMM] kmap va=0xFFFF900000B11000 pa=0x0000000005449000
[VMM] kmap va=0xFFFF900000B12000 pa=0x000000000544A000
[VMM] kmap va=0xFFFF900000B13000 pa=0x000000000544B000
[VMM] kmap va=0xFFFF900000B14000 pa=0x000000000544C000
[VMM] kmap va=0xFFFF900000B15000 pa=0x000000000544D000
[VMM] kmap va=0xFFFF900000B16000 pa=0x000000000544E000
[VMM] kmap va=0xFFFF900000B17000 pa=0x000000000544F000
[VMM] kmap va=0xFFFF900000B18000 pa=0x0000000005450000
[VMM] kmap va=0xFFFF900000B19000 pa=0x0000000005451000
[VMM] kmap va=0xFFFF900000B1A000 pa=0x0000000005452000
[VMM] kmap va=0xFFFF900000B1B000 pa=0x0000000005453000
[VMM] kmap va=0xFFFF900000B1C000 pa=0x0000000005454000
[VMM] kmap va=0xFFFF900000B1D000 pa=0x0000000005455000
[VMM] kmap va=0xFFFF900000B1E000 pa=0x0000000005456000
[VMM] kmap va=0xFFFF900000B1F000 pa=0x0000000005457000
[VMM] kmap va=0xFFFF900000B20000 pa=0x0000000005458000
[VMM] kmap va=0xFFFF900000B21000 pa=0x0000000005459000
[VMM] kmap va=0xFFFF900000B22000 pa=0x000000000545A000
[VMM] kmap va=0xFFFF900000B23000 pa=0x000000000545B000
[VMM] kmap va=0xFFFF900000B24000 pa=0x000000000545C000
[VMM] kmap va=0xFFFF900000B25000 pa=0x000000000545D000
[VMM] kmap va=0xFFFF900000B26000 pa=0x000000000545E000
[VMM] kmap va=0xFFFF900000B27000 pa=0x000000000545F000
[VMM] kmap va=0xFFFF900000B28000 pa=0x0000000005460000
[VMM] kmap va=0xFFFF900000B29000 pa=0x0000000005461000
[VMM] kmap va=0xFFFF900000B2A000 pa=0x0000000005462000
[VMM] kmap va=0xFFFF900000B2B000 pa=0x0000000005463000
[VMM] kmap va=0xFFFF900000B2C000 pa=0x0000000005464000
[VMM] kmap va=0xFFFF900000B2D000 pa=0x0000000005465000
[VMM] kmap va=0xFFFF900000B2E000 pa=0x0000000005466000
[VMM] kmap va=0xFFFF900000B2F000 pa=0x0000000005467000
[VMM] kmap va=0xFFFF900000B30000 pa=0x0000000005468000
[VMM] kmap va=0xFFFF900000B31000 pa=0x0000000005469000
[VMM] kmap va=0xFFFF900000B32000 pa=0x000000000546A000
[VMM] kmap va=0xFFFF900000B33000 pa=0x000000000546B000
[VMM] kmap va=0xFFFF900000B34000 pa=0x000000000546C000
[VMM] kmap va=0xFFFF900000B35000 pa=0x000000000546D000
[VMM] kmap va=0xFFFF900000B36000 pa=0x000000000546E000
[VMM] kmap va=0xFFFF900000B37000 pa=0x000000000546F000
[VMM] kmap va=0xFFFF900000B38000 pa=0x0000000005470000
[VMM] kmap va=0xFFFF900000B39000 pa=0x0000000005471000
[VMM] kmap va=0xFFFF900000B3A000 pa=0x0000000005472000
[VMM] kmap va=0xFFFF900000B3B000 pa=0x0000000005473000
[VMM] kmap va=0xFFFF900000B3C000 pa=0x0000000005474000
[VMM] kmap va=0xFFFF900000B3D000 pa=0x0000000005475000
[VMM] kmap va=0xFFFF900000B3E000 pa=0x0000000005476000
[VMM] kmap va=0xFFFF900000B3F000 pa=0x0000000005477000
[VMM] kmap va=0xFFFF900000B40000 pa=0x0000000005478000
[VMM] kmap va=0xFFFF900000B41000 pa=0x0000000005479000
[VMM] kmap va=0xFFFF900000B42000 pa=0x000000000547A000
[VMM] kmap va=0xFFFF900000B43000 pa=0x000000000547B000
[VMM] kmap va=0xFFFF900000B44000 pa=0x000000000547C000
[VMM] kmap va=0xFFFF900000B45000 pa=0x000000000547D000
[VMM] kmap va=0xFFFF900000B46000 pa=0x000000000547E000
[VMM] kmap va=0xFFFF900000B47000 pa=0x000000000547F000
[VMM] kmap va=0xFFFF900000B48000 pa=0x0000000005480000
[VMM] kmap va=0xFFFF900000B49000 pa=0x0000000005481000
[VMM] kmap va=0xFFFF900000B4A000 pa=0x0000000005482000
[VMM] kmap va=0xFFFF900000B4B000 pa=0x0000000005483000
[VMM] kmap va=0xFFFF900000B4C000 pa=0x0000000005484000
[VMM] kmap va=0xFFFF900000B4D000 pa=0x0000000005485000
[VMM] kmap va=0xFFFF900000B4E000 pa=0x0000000005486000
[VMM] kmap va=0xFFFF900000B4F000 pa=0x0000000005487000
[VMM] kmap va=0xFFFF900000B50000 pa=0x0000000005488000
[VMM] kmap va=0xFFFF900000B51000 pa=0x0000000005489000
[VMM] kmap va=0xFFFF900000B52000 pa=0x000000000548A000
[VMM] kmap va=0xFFFF900000B53000 pa=0x000000000548B000
[VMM] kmap va=0xFFFF900000B54000 pa=0x000000000548C000
[VMM] kmap va=0xFFFF900000B55000 pa=0x000000000548D000
[VMM] kmap va=0xFFFF900000B56000 pa=0x000000000548E000
[VMM] kmap va=0xFFFF900000B57000 pa=0x000000000548F000
[VMM] kmap va=0xFFFF900000B58000 pa=0x0000000005490000
[VMM] kmap va=0xFFFF900000B59000 pa=0x0000000005491000
[VMM] kmap va=0xFFFF900000B5A000 pa=0x0000000005492000
[VMM] kmap va=0xFFFF900000B5B000 pa=0x0000000005493000
[VMM] kmap va=0xFFFF900000B5C000 pa=0x0000000005494000
[VMM] kmap va=0xFFFF900000B5D000 pa=0x0000000005495000
[VMM] kmap va=0xFFFF900000B5E000 pa=0x0000000005496000
[VMM] kmap va=0xFFFF900000B5F000 pa=0x0000000005497000
[VMM] kmap va=0xFFFF900000B60000 pa=0x0000000005498000
[VMM] kmap va=0xFFFF900000B61000 pa=0x0000000005499000
[VMM] kmap va=0xFFFF900000B62000 pa=0x000000000549A000
[VMM] kmap va=0xFFFF900000B63000 pa=0x000000000549B000
[VMM] kmap va=0xFFFF900000B64000 pa=0x000000000549C000
[VMM] kmap va=0xFFFF900000B65000 pa=0x000000000549D000
[VMM] kmap va=0xFFFF900000B66000 pa=0x000000000549E000
[VMM] kmap va=0xFFFF900000B67000 pa=0x000000000549F000
[VMM] kmap va=0xFFFF900000B68000 pa=0x00000000054A0000
[VMM] kmap va=0xFFFF900000B69000 pa=0x00000000054A1000
[VMM] kmap va=0xFFFF900000B6A000 pa=0x00000000054A2000
[VMM] kmap va=0xFFFF900000B6B000 pa=0x00000000054A3000
[VMM] kmap va=0xFFFF900000B6C000 pa=0x00000000054A4000
[VMM] kmap va=0xFFFF900000B6D000 pa=0x00000000054A5000
[VMM] kmap va=0xFFFF900000B6E000 pa=0x00000000054A6000
[VMM] kmap va=0xFFFF900000B6F000 pa=0x00000000054A7000
[VMM] kmap va=0xFFFF900000B70000 pa=0x00000000054A8000
[VMM] kmap va=0xFFFF900000B71000 pa=0x00000000054A9000
[VMM] kmap va=0xFFFF900000B72000 pa=0x00000000054AA000
[VMM] kmap va=0xFFFF900000B73000 pa=0x00000000054AB000
[VMM] kmap va=0xFFFF900000B74000 pa=0x00000000054AC000
[VMM] kmap va=0xFFFF900000B75000 pa=0x00000000054AD000
[VMM] kmap va=0xFFFF900000B76000 pa=0x00000000054AE000
[VMM] kmap va=0xFFFF900000B77000 pa=0x00000000054AF000
[VMM] kmap va=0xFFFF900000B78000 pa=0x00000000054B0000
[VMM] kmap va=0xFFFF900000B79000 pa=0x00000000054B1000
[VMM] kmap va=0xFFFF900000B7A000 pa=0x00000000054B2000
[VMM] kmap va=0xFFFF900000B7B000 pa=0x00000000054B3000
[VMM] kmap va=0xFFFF900000B7C000 pa=0x00000000054B4000
[VMM] kmap va=0xFFFF900000B7D000 pa=0x00000000054B5000
[VMM] kmap va=0xFFFF900000B7E000 pa=0x00000000054B6000
[VMM] kmap va=0xFFFF900000B7F000 pa=0x00000000054B7000
[VMM] kmap va=0xFFFF900000B80000 pa=0x00000000054B8000
[VMM] kmap va=0xFFFF900000B81000 pa=0x00000000054B9000
[VMM] kmap va=0xFFFF900000B82000 pa=0x00000000054BA000
[VMM] kmap va=0xFFFF900000B83000 pa=0x00000000054BB000
[VMM] kmap va=0xFFFF900000B84000 pa=0x00000000054BC000
[VMM] kmap va=0xFFFF900000B85000 pa=0x00000000054BD000
[VMM] kmap va=0xFFFF900000B86000 pa=0x00000000054BE000
[VMM] kmap va=0xFFFF900000B87000 pa=0x00000000054BF000
[VMM] kmap va=0xFFFF900000B88000 pa=0x00000000054C0000
[VMM] kmap va=0xFFFF900000B89000 pa=0x00000000054C1000
[VMM] kmap va=0xFFFF900000B8A000 pa=0x00000000054C2000
[VMM] kmap va=0xFFFF900000B8B000 pa=0x00000000054C3000
[VMM] kmap va=0xFFFF900000B8C000 pa=0x00000000054C4000
[VMM] kmap va=0xFFFF900000B8D000 pa=0x00000000054C5000
[VMM] kmap va=0xFFFF900000B8E000 pa=0x00000000054C6000
[VMM] kmap va=0xFFFF900000B8F000 pa=0x00000000054C7000
[VMM] kmap va=0xFFFF900000B90000 pa=0x00000000054C8000
[VMM] kmap va=0xFFFF900000B91000 pa=0x00000000054C9000
[VMM] kmap va=0xFFFF900000B92000 pa=0x00000000054CA000
[VMM] kmap va=0xFFFF900000B93000 pa=0x00000000054CB000
[VMM] kmap va=0xFFFF900000B94000 pa=0x00000000054CC000
[VMM] kmap va=0xFFFF900000B95000 pa=0x00000000054CD000
[VMM] kmap va=0xFFFF900000B96000 pa=0x00000000054CE000
[VMM] kmap va=0xFFFF900000B97000 pa=0x00000000054CF000
[VMM] kmap va=0xFFFF900000B98000 pa=0x00000000054D0000
[VMM] kmap va=0xFFFF900000B99000 pa=0x00000000054D1000
[VMM] kmap va=0xFFFF900000B9A000 pa=0x00000000054D2000
[VMM] kmap va=0xFFFF900000B9B000 pa=0x00000000054D3000
[VMM] kmap va=0xFFFF900000B9C000 pa=0x00000000054D4000
[VMM] kmap va=0xFFFF900000B9D000 pa=0x00000000054D5000
[VMM] kmap va=0xFFFF900000B9E000 pa=0x00000000054D6000
[VMM] kmap va=0xFFFF900000B9F000 pa=0x00000000054D7000
[VMM] kmap va=0xFFFF900000BA0000 pa=0x00000000054D8000
[VMM] kmap va=0xFFFF900000BA1000 pa=0x00000000054D9000
[VMM] kmap va=0xFFFF900000BA2000 pa=0x00000000054DA000
[VMM] kmap va=0xFFFF900000BA3000 pa=0x00000000054DB000
[VMM] kmap va=0xFFFF900000BA4000 pa=0x00000000054DC000
[VMM] kmap va=0xFFFF900000BA5000 pa=0x00000000054DD000
[VMM] kmap va=0xFFFF900000BA6000 pa=0x00000000054DE000
[VMM] kmap va=0xFFFF900000BA7000 pa=0x00000000054DF000
[VMM] kmap va=0xFFFF900000BA8000 pa=0x00000000054E0000
[VMM] kmap va=0xFFFF900000BA9000 pa=0x00000000054E1000
[VMM] kmap va=0xFFFF900000BAA000 pa=0x00000000054E2000
[VMM] kmap va=0xFFFF900000BAB000 pa=0x00000000054E3000
[VMM] kmap va=0xFFFF900000BAC000 pa=0x00000000054E4000
[VMM] kmap va=0xFFFF900000BAD000 pa=0x00000000054E5000
[VMM] kmap va=0xFFFF900000BAE000 pa=0x00000000054E6000
[VMM] kmap va=0xFFFF900000BAF000 pa=0x00000000054E7000
[VMM] kmap va=0xFFFF900000BB0000 pa=0x00000000054E8000
[VMM] kmap va=0xFFFF900000BB1000 pa=0x00000000054E9000
[VMM] kmap va=0xFFFF900000BB2000 pa=0x00000000054EA000
[VMM] kmap va=0xFFFF900000BB3000 pa=0x00000000054EB000
[VMM] kmap va=0xFFFF900000BB4000 pa=0x00000000054EC000
[VMM] kmap va=0xFFFF900000BB5000 pa=0x00000000054ED000
[VMM] kmap va=0xFFFF900000BB6000 pa=0x00000000054EE000
[VMM] kmap va=0xFFFF900000BB7000 pa=0x00000000054EF000
[VMM] kmap va=0xFFFF900000BB8000 pa=0x00000000054F0000
[VMM] kmap va=0xFFFF900000BB9000 pa=0x00000000054F1000
[VMM] kmap va=0xFFFF900000BBA000 pa=0x00000000054F2000
[VMM] kmap va=0xFFFF900000BBB000 pa=0x00000000054F3000
[VMM] kmap va=0xFFFF900000BBC000 pa=0x00000000054F4000
[VMM] kmap va=0xFFFF900000BBD000 pa=0x00000000054F5000
[VMM] kmap va=0xFFFF900000BBE000 pa=0x00000000054F6000
[VMM] kmap va=0xFFFF900000BBF000 pa=0x00000000054F7000
[VMM] kmap va=0xFFFF900000BC0000 pa=0x00000000054F8000
[VMM] kmap va=0xFFFF900000BC1000 pa=0x00000000054F9000
[VMM] kmap va=0xFFFF900000BC2000 pa=0x00000000054FA000
[VMM] kmap va=0xFFFF900000BC3000 pa=0x00000000054FB000
[VMM] kmap va=0xFFFF900000BC4000 pa=0x00000000054FC000
[VMM] kmap va=0xFFFF900000BC5000 pa=0x00000000054FD000
[VMM] kmap va=0xFFFF900000BC6000 pa=0x00000000054FE000
[VMM] kmap va=0xFFFF900000BC7000 pa=0x00000000054FF000
[VMM] kmap va=0xFFFF900000BC8000 pa=0x0000000005500000
[VMM] kmap va=0xFFFF900000BC9000 pa=0x0000000005501000
[VMM] kmap va=0xFFFF900000BCA000 pa=0x0000000005502000
[VMM] kmap va=0xFFFF900000BCB000 pa=0x0000000005503000
[VMM] kmap va=0xFFFF900000BCC000 pa=0x0000000005504000
[VMM] kmap va=0xFFFF900000BCD000 pa=0x0000000005505000
[VMM] kmap va=0xFFFF900000BCE000 pa=0x0000000005506000
[VMM] kmap va=0xFFFF900000BCF000 pa=0x0000000005507000
[VMM] kmap va=0xFFFF900000BD0000 pa=0x0000000005508000
[VMM] kmap va=0xFFFF900000BD1000 pa=0x0000000005509000
[VMM] kmap va=0xFFFF900000BD2000 pa=0x000000000550A000
[VMM] kmap va=0xFFFF900000BD3000 pa=0x000000000550B000
[VMM] kmap va=0xFFFF900000BD4000 pa=0x000000000550C000
[VMM] kmap va=0xFFFF900000BD5000 pa=0x000000000550D000
[VMM] kmap va=0xFFFF900000BD6000 pa=0x000000000550E000
[VMM] kmap va=0xFFFF900000BD7000 pa=0x000000000550F000
[VMM] kmap va=0xFFFF900000BD8000 pa=0x0000000005510000
[VMM] kmap va=0xFFFF900000BD9000 pa=0x0000000005511000
[VMM] kmap va=0xFFFF900000BDA000 pa=0x0000000005512000
[VMM] kmap va=0xFFFF900000BDB000 pa=0x0000000005513000
[VMM] kmap va=0xFFFF900000BDC000 pa=0x0000000005514000
[VMM] kmap va=0xFFFF900000BDD000 pa=0x0000000005515000
[VMM] kmap va=0xFFFF900000BDE000 pa=0x0000000005516000
[VMM] kmap va=0xFFFF900000BDF000 pa=0x0000000005517000
[VMM] kmap va=0xFFFF900000BE0000 pa=0x0000000005518000
[VMM] kmap va=0xFFFF900000BE1000 pa=0x0000000005519000
[VMM] kmap va=0xFFFF900000BE2000 pa=0x000000000551A000
[VMM] kmap va=0xFFFF900000BE3000 pa=0x000000000551B000
[VMM] kmap va=0xFFFF900000BE4000 pa=0x000000000551C000
[VMM] kmap va=0xFFFF900000BE5000 pa=0x000000000551D000
[VMM] kmap va=0xFFFF900000BE6000 pa=0x000000000551E000
[VMM] kmap va=0xFFFF900000BE7000 pa=0x000000000551F000
[VMM] kmap va=0xFFFF900000BE8000 pa=0x0000000005520000
[VMM] kmap va=0xFFFF900000BE9000 pa=0x0000000005521000
[VMM] kmap va=0xFFFF900000BEA000 pa=0x0000000005522000
[VMM] kmap va=0xFFFF900000BEB000 pa=0x0000000005523000
[VMM] kmap va=0xFFFF900000BEC000 pa=0x0000000005524000
[VMM] kmap va=0xFFFF900000BED000 pa=0x0000000005525000
[VMM] kmap va=0xFFFF900000BEE000 pa=0x0000000005526000
[VMM] kmap va=0xFFFF900000BEF000 pa=0x0000000005527000
[VMM] kmap va=0xFFFF900000BF0000 pa=0x0000000005528000
[VMM] kmap va=0xFFFF900000BF1000 pa=0x0000000005529000
[VMM] kmap va=0xFFFF900000BF2000 pa=0x000000000552A000
[VMM] kmap va=0xFFFF900000BF3000 pa=0x000000000552B000
[VMM] kmap va=0xFFFF900000BF4000 pa=0x000000000552C000
[VMM] kmap va=0xFFFF900000BF5000 pa=0x000000000552D000
[VMM] kmap va=0xFFFF900000BF6000 pa=0x000000000552E000
[VMM] kmap va=0xFFFF900000BF7000 pa=0x000000000552F000
[VMM] kmap va=0xFFFF900000BF8000 pa=0x0000000005530000
[VMM] kmap va=0xFFFF900000BF9000 pa=0x0000000005531000
[VMM] kmap va=0xFFFF900000BFA000 pa=0x0000000005532000
[VMM] kmap va=0xFFFF900000BFB000 pa=0x0000000005533000
[VMM] kmap va=0xFFFF900000BFC000 pa=0x0000000005534000
[VMM] kmap va=0xFFFF900000BFD000 pa=0x0000000005535000
[VMM] kmap va=0xFFFF900000BFE000 pa=0x0000000005536000
[VMM] kmap va=0xFFFF900000BFF000 pa=0x0000000005537000
[VMM] kmap va=0xFFFF900000C00000 pa=0x0000000005538000
[VMM] kmap va=0xFFFF900000C01000 pa=0x000000000553A000
[VMM] kmap va=0xFFFF900000C02000 pa=0x000000000553B000
[VMM] kmap va=0xFFFF900000C03000 pa=0x000000000553C000
[VMM] kmap va=0xFFFF900000C04000 pa=0x000000000553D000
[VMM] kmap va=0xFFFF900000C05000 pa=0x000000000553E000
[VMM] kmap va=0xFFFF900000C06000 pa=0x000000000553F000
[VMM] kmap va=0xFFFF900000C07000 pa=0x0000000005540000
[VMM] kmap va=0xFFFF900000C08000 pa=0x0000000005541000
[VMM] kmap va=0xFFFF900000C09000 pa=0x0000000005542000
[VMM] kmap va=0xFFFF900000C0A000 pa=0x0000000005543000
[VMM] kmap va=0xFFFF900000C0B000 pa=0x0000000005544000
[VMM] kmap va=0xFFFF900000C0C000 pa=0x0000000005545000
[VMM] kmap va=0xFFFF900000C0D000 pa=0x0000000005546000
[VMM] kmap va=0xFFFF900000C0E000 pa=0x0000000005547000
[VMM] kmap va=0xFFFF900000C0F000 pa=0x0000000005548000
[VMM] kmap va=0xFFFF900000C10000 pa=0x0000000005549000
[VMM] kmap va=0xFFFF900000C11000 pa=0x000000000554A000
[VMM] kmap va=0xFFFF900000C12000 pa=0x000000000554B000
[VMM] kmap va=0xFFFF900000C13000 pa=0x000000000554C000
[VMM] kmap va=0xFFFF900000C14000 pa=0x000000000554D000
[VMM] kmap va=0xFFFF900000C15000 pa=0x000000000554E000
[VMM] kmap va=0xFFFF900000C16000 pa=0x000000000554F000
[VMM] kmap va=0xFFFF900000C17000 pa=0x0000000005550000
[VMM] kmap va=0xFFFF900000C18000 pa=0x0000000005551000
[VMM] kmap va=0xFFFF900000C19000 pa=0x0000000005552000
[VMM] kmap va=0xFFFF900000C1A000 pa=0x0000000005553000
[VMM] kmap va=0xFFFF900000C1B000 pa=0x0000000005554000
[VMM] kmap va=0xFFFF900000C1C000 pa=0x0000000005555000
[VMM] kmap va=0xFFFF900000C1D000 pa=0x0000000005556000
[VMM] kmap va=0xFFFF900000C1E000 pa=0x0000000005557000
[VMM] kmap va=0xFFFF900000C1F000 pa=0x0000000005558000
[VMM] kmap va=0xFFFF900000C20000 pa=0x0000000005559000
[VMM] kmap va=0xFFFF900000C21000 pa=0x000000000555A000
[VMM] kmap va=0xFFFF900000C22000 pa=0x000000000555B000
[VMM] kmap va=0xFFFF900000C23000 pa=0x000000000555C000
[VMM] kmap va=0xFFFF900000C24000 pa=0x000000000555D000
[VMM] kmap va=0xFFFF900000C25000 pa=0x000000000555E000
[VMM] kmap va=0xFFFF900000C26000 pa=0x000000000555F000
[VMM] kmap va=0xFFFF900000C27000 pa=0x0000000005560000
[VMM] kmap va=0xFFFF900000C28000 pa=0x0000000005561000
[VMM] kmap va=0xFFFF900000C29000 pa=0x0000000005562000
[VMM] kmap va=0xFFFF900000C2A000 pa=0x0000000005563000
[VMM] kmap va=0xFFFF900000C2B000 pa=0x0000000005564000
[VMM] kmap va=0xFFFF900000C2C000 pa=0x0000000005565000
[VMM] kmap va=0xFFFF900000C2D000 pa=0x0000000005566000
[VMM] kmap va=0xFFFF900000C2E000 pa=0x0000000005567000
[VMM] kmap va=0xFFFF900000C2F000 pa=0x0000000005568000
[VMM] kmap va=0xFFFF900000C30000 pa=0x0000000005569000
[VMM] kmap va=0xFFFF900000C31000 pa=0x000000000556A000
[VMM] kmap va=0xFFFF900000C32000 pa=0x000000000556B000
[VMM] kmap va=0xFFFF900000C33000 pa=0x000000000556C000
[VMM] kmap va=0xFFFF900000C34000 pa=0x000000000556D000
[VMM] kmap va=0xFFFF900000C35000 pa=0x000000000556E000
[VMM] kmap va=0xFFFF900000C36000 pa=0x000000000556F000
[VMM] kmap va=0xFFFF900000C37000 pa=0x0000000005570000
[VMM] kmap va=0xFFFF900000C38000 pa=0x0000000005571000
[VMM] kmap va=0xFFFF900000C39000 pa=0x0000000005572000
[VMM] kmap va=0xFFFF900000C3A000 pa=0x0000000005573000
[VMM] kmap va=0xFFFF900000C3B000 pa=0x0000000005574000
[VMM] kmap va=0xFFFF900000C3C000 pa=0x0000000005575000
[VMM] kmap va=0xFFFF900000C3D000 pa=0x0000000005576000
[VMM] kmap va=0xFFFF900000C3E000 pa=0x0000000005577000
[VMM] kmap va=0xFFFF900000C3F000 pa=0x0000000005578000
[VMM] kmap va=0xFFFF900000C40000 pa=0x0000000005579000
[VMM] kmap va=0xFFFF900000C41000 pa=0x000000000557A000
[VMM] kmap va=0xFFFF900000C42000 pa=0x000000000557B000
[VMM] kmap va=0xFFFF900000C43000 pa=0x000000000557C000
[VMM] kmap va=0xFFFF900000C44000 pa=0x000000000557D000
[VMM] kmap va=0xFFFF900000C45000 pa=0x000000000557E000
[VMM] kmap va=0xFFFF900000C46000 pa=0x000000000557F000
[VMM] kmap va=0xFFFF900000C47000 pa=0x0000000005580000
[VMM] kmap va=0xFFFF900000C48000 pa=0x0000000005581000
[VMM] kmap va=0xFFFF900000C49000 pa=0x0000000005582000
[VMM] kmap va=0xFFFF900000C4A000 pa=0x0000000005583000
[VMM] kmap va=0xFFFF900000C4B000 pa=0x0000000005584000
[VMM] kmap va=0xFFFF900000C4C000 pa=0x0000000005585000
[VMM] kmap va=0xFFFF900000C4D000 pa=0x0000000005586000
[VMM] kmap va=0xFFFF900000C4E000 pa=0x0000000005587000
[VMM] kmap va=0xFFFF900000C4F000 pa=0x0000000005588000
[VMM] kmap va=0xFFFF900000C50000 pa=0x0000000005589000
[VMM] kmap va=0xFFFF900000C51000 pa=0x000000000558A000
[VMM] kmap va=0xFFFF900000C52000 pa=0x000000000558B000
[VMM] kmap va=0xFFFF900000C53000 pa=0x000000000558C000
[VMM] kmap va=0xFFFF900000C54000 pa=0x000000000558D000
[VMM] kmap va=0xFFFF900000C55000 pa=0x000000000558E000
[VMM] kmap va=0xFFFF900000C56000 pa=0x000000000558F000
[VMM] kmap va=0xFFFF900000C57000 pa=0x0000000005590000
[VMM] kmap va=0xFFFF900000C58000 pa=0x0000000005591000
[VMM] kmap va=0xFFFF900000C59000 pa=0x0000000005592000
[VMM] kmap va=0xFFFF900000C5A000 pa=0x0000000005593000
[VMM] kmap va=0xFFFF900000C5B000 pa=0x0000000005594000
[VMM] kmap va=0xFFFF900000C5C000 pa=0x0000000005595000
[VMM] kmap va=0xFFFF900000C5D000 pa=0x0000000005596000
[VMM] kmap va=0xFFFF900000C5E000 pa=0x0000000005597000
[VMM] kmap va=0xFFFF900000C5F000 pa=0x0000000005598000
[VMM] kmap va=0xFFFF900000C60000 pa=0x0000000005599000
[VMM] kmap va=0xFFFF900000C61000 pa=0x000000000559A000
[VMM] kmap va=0xFFFF900000C62000 pa=0x000000000559B000
[VMM] kmap va=0xFFFF900000C63000 pa=0x000000000559C000
[VMM] kmap va=0xFFFF900000C64000 pa=0x000000000559D000
[VMM] kmap va=0xFFFF900000C65000 pa=0x000000000559E000
[VMM] kmap va=0xFFFF900000C66000 pa=0x000000000559F000
[VMM] kmap va=0xFFFF900000C67000 pa=0x00000000055A0000
[VMM] kmap va=0xFFFF900000C68000 pa=0x00000000055A1000
[VMM] kmap va=0xFFFF900000C69000 pa=0x00000000055A2000
[VMM] kmap va=0xFFFF900000C6A000 pa=0x00000000055A3000
[VMM] kmap va=0xFFFF900000C6B000 pa=0x00000000055A4000
[VMM] kmap va=0xFFFF900000C6C000 pa=0x00000000055A5000
[VMM] kmap va=0xFFFF900000C6D000 pa=0x00000000055A6000
[VMM] kmap va=0xFFFF900000C6E000 pa=0x00000000055A7000
[VMM] kmap va=0xFFFF900000C6F000 pa=0x00000000055A8000
[VMM] kmap va=0xFFFF900000C70000 pa=0x00000000055A9000
[VMM] kmap va=0xFFFF900000C71000 pa=0x00000000055AA000
[VMM] kmap va=0xFFFF900000C72000 pa=0x00000000055AB000
[VMM] kmap va=0xFFFF900000C73000 pa=0x00000000055AC000
[VMM] kmap va=0xFFFF900000C74000 pa=0x00000000055AD000
[VMM] kmap va=0xFFFF900000C75000 pa=0x00000000055AE000
[VMM] kmap va=0xFFFF900000C76000 pa=0x00000000055AF000
[VMM] kmap va=0xFFFF900000C77000 pa=0x00000000055B0000
[VMM] kmap va=0xFFFF900000C78000 pa=0x00000000055B1000
[VMM] kmap va=0xFFFF900000C79000 pa=0x00000000055B2000
[VMM] kmap va=0xFFFF900000C7A000 pa=0x00000000055B3000
[VMM] kmap va=0xFFFF900000C7B000 pa=0x00000000055B4000
[VMM] kmap va=0xFFFF900000C7C000 pa=0x00000000055B5000
[VMM] kmap va=0xFFFF900000C7D000 pa=0x00000000055B6000
[VMM] kmap va=0xFFFF900000C7E000 pa=0x00000000055B7000
[VMM] kmap va=0xFFFF900000C7F000 pa=0x00000000055B8000
[VMM] kmap va=0xFFFF900000C80000 pa=0x00000000055B9000
[VMM] kmap va=0xFFFF900000C81000 pa=0x00000000055BA000
[VMM] kmap va=0xFFFF900000C82000 pa=0x00000000055BB000
[VMM] kmap va=0xFFFF900000C83000 pa=0x00000000055BC000
[VMM] kmap va=0xFFFF900000C84000 pa=0x00000000055BD000
[VMM] kmap va=0xFFFF900000C85000 pa=0x00000000055BE000
[VMM] kmap va=0xFFFF900000C86000 pa=0x00000000055BF000
[VMM] kmap va=0xFFFF900000C87000 pa=0x00000000055C0000
[VMM] kmap va=0xFFFF900000C88000 pa=0x00000000055C1000
[VMM] kmap va=0xFFFF900000C89000 pa=0x00000000055C2000
[VMM] kmap va=0xFFFF900000C8A000 pa=0x00000000055C3000
[VMM] kmap va=0xFFFF900000C8B000 pa=0x00000000055C4000
[VMM] kmap va=0xFFFF900000C8C000 pa=0x00000000055C5000
[VMM] kmap va=0xFFFF900000C8D000 pa=0x00000000055C6000
[VMM] kmap va=0xFFFF900000C8E000 pa=0x00000000055C7000
[VMM] kmap va=0xFFFF900000C8F000 pa=0x00000000055C8000
[VMM] kmap va=0xFFFF900000C90000 pa=0x00000000055C9000
[VMM] kmap va=0xFFFF900000C91000 pa=0x00000000055CA000
[VMM] kmap va=0xFFFF900000C92000 pa=0x00000000055CB000
[VMM] kmap va=0xFFFF900000C93000 pa=0x00000000055CC000
[BEFORE SPLIT]
current=0x0xFFFF900000893000
current->size=0x0x0000000000400FE0
request=0x0x0000000000400000
header=0x0x0000000000000020
[AFTER SPLIT]
new_block=0x0xFFFF900000C93020
new_block->size=0x0x0000000000000FC0
new_block->magic=0x0x00000000DEADC0DE
new_block->next=0x0x0000000000000000
[heap] SPLIT block=0x0xFFFF900000893000 alloc=0x0x0000000000400000 remainder=0x0xFFFF900000C93020 rem_size=0x0x0000000000000FC0
[heap] KMALLOC ptr=0x0xFFFF900000893020 size=0x0x0000000000400000 ra0=0x0xFFFFFFFF80011074 ra1=0x0xFFFFFFFF800164D6 ra2=0x0x00000000040046F9
[heap] KFREE ptr=0x0xFFFF9000003C5C30 size=0x0x0000000000100000 ra0=0x0xFFFFFFFF80011042
[MERGE CHECK]
current=0x0xFFFF9000003C5C10
expected_next=0x0xFFFF9000004C5C30
actual_next=0x0xFFFF9000004C5C30
[heap] MERGE into=0x0xFFFF9000003C5C10 absorb=0x0xFFFF9000004C5C30 new_size=0x0x00000000004CD3D0
[heap] KFREE ptr=0x0xFFFF9000002C5810 size=0x0x0000000000100400 ra0=0x0xFFFFFFFF80011042
[MERGE CHECK]
current=0x0xFFFF9000002BD7D0
expected_next=0x0xFFFF9000002C57F0
actual_next=0x0xFFFF9000002C57F0
[heap] MERGE into=0x0xFFFF9000002BD7D0 absorb=0x0xFFFF9000002C57F0 new_size=0x0x0000000000108420
[MERGE CHECK]
current=0x0xFFFF9000002BD7D0
expected_next=0x0xFFFF9000003C5C10
actual_next=0x0xFFFF9000003C5C10
[heap] MERGE into=0x0xFFFF9000002BD7D0 absorb=0x0xFFFF9000003C5C10 new_size=0x0x00000000005D5810
[heap] KFREE ptr=0x0xFFFF9000002B5840 size=0x0x0000000000007F90 ra0=0x0xFFFFFFFF80011042
[MERGE CHECK]
current=0x0xFFFF9000002B5820
expected_next=0x0xFFFF9000002BD7D0
actual_next=0x0xFFFF9000002BD7D0
[heap] MERGE into=0x0xFFFF9000002B5820 absorb=0x0xFFFF9000002BD7D0 new_size=0x0x00000000005DD7C0
[heap] KFREE ptr=0x0xFFFF900000893020 size=0x0x0000000000400000 ra0=0x0xFFFFFFFF80011042
[MERGE CHECK]
current=0x0xFFFF9000002B5820
expected_next=0x0xFFFF900000893000
actual_next=0x0xFFFF900000893000
[heap] MERGE into=0x0xFFFF9000002B5820 absorb=0x0xFFFF900000893000 new_size=0x0x00000000009DD7E0
[MERGE CHECK]
current=0x0xFFFF9000002B5820
expected_next=0x0xFFFF900000C93020
actual_next=0x0xFFFF900000C93020
[heap] MERGE into=0x0xFFFF9000002B5820 absorb=0x0xFFFF900000C93020 new_size=0x0x00000000009DE7C0

[W0] n=0x0000000000000003 cpu=0x0000000000000000 task=0x0000000000000000 rip=0xFFFFFFFF8000583D val=0x00000000FF202020  <== SUSPECT cr3=0x0000000004B1F000 rsp=0xFFFF900000137D10 pte=0x0000000004BE7067 pa=0x0000000004BE7A50 kpml4=0x000000001FF8E000
[heap] KFREE ptr=0x0xFFFF9000001FA020 size=0x0x00000000000BB800 ra0=0x0xFFFFFFFF80005949
[MERGE CHECK]
current=0x0xFFFF9000001F3860
expected_next=0x0xFFFF9000001FA000
actual_next=0x0xFFFF9000001FA000
[heap] MERGE into=0x0xFFFF9000001F3860 absorb=0x0xFFFF9000001FA000 new_size=0x0x00000000000C1FA0
[MERGE CHECK]
current=0x0xFFFF9000001F3860
expected_next=0x0xFFFF9000002B5820
actual_next=0x0xFFFF9000002B5820
[heap] MERGE into=0x0xFFFF9000001F3860 absorb=0x0xFFFF9000002B5820 new_size=0x0x0000000000AA0780
[heap] KFREE ptr=0x0xFFFF900000138060 size=0x0x00000000000BB800 ra0=0x0xFFFFFFFF80011042
[MERGE CHECK]
current=0x0xFFFF900000138040
expected_next=0x0xFFFF9000001F3860
actual_next=0x0xFFFF9000001F3860
[heap] MERGE into=0x0xFFFF900000138040 absorb=0x0xFFFF9000001F3860 new_size=0x0x0000000000B5BFA0
[heap] KFREE ptr=0x0xFFFF900000002040 size=0x0x0000000000000080 ra0=0x0xFFFFFFFF80011042
[MERGE CHECK]
current=0x0xFFFF900000002020
expected_next=0x0xFFFF9000000020C0
actual_next=0x0xFFFF9000000020C0
[heap] MERGE into=0x0xFFFF900000002020 absorb=0x0xFFFF9000000020C0 new_size=0x0x0000000000000FC0
[BEFORE SPLIT]
current=0x0xFFFF900000002020
current->size=0x0x0000000000000FC0
request=0x0x0000000000000200
header=0x0x0000000000000020
[AFTER SPLIT]
new_block=0x0xFFFF900000002240
new_block->size=0x0x0000000000000DA0
new_block->magic=0x0x00000000DEADC0DE
new_block->next=0x0xFFFF900000003000
[heap] SPLIT block=0x0xFFFF900000002020 alloc=0x0x0000000000000200 remainder=0x0xFFFF900000002240 rem_size=0x0x0000000000000DA0
[heap] KMALLOC ptr=0x0xFFFF900000002040 size=0x0x0000000000000200 ra0=0x0xFFFFFFFF80008560 ra1=0x0xFFFFFFFF80002DCF ra2=0x0xFFFFFFFF800113CB
[heap] KFREE ptr=0x0xFFFF900000002040 size=0x0x0000000000000200 ra0=0x0xFFFFFFFF800085F2
[MERGE CHECK]
current=0x0xFFFF900000002020
expected_next=0x0xFFFF900000002240
actual_next=0x0xFFFF900000002240
[heap] MERGE into=0x0xFFFF900000002020 absorb=0x0xFFFF900000002240 new_size=0x0x0000000000000FC0
[BEFORE SPLIT]
current=0x0xFFFF900000138040
current->size=0x0x0000000000B5BFA0
request=0x0x0000000000004690
header=0x0x0000000000000020
[AFTER SPLIT]
new_block=0x0xFFFF90000013C6F0
new_block->size=0x0x0000000000B578F0
new_block->magic=0x0x00000000DEADC0DE
new_block->next=0x0x0000000000000000
[heap] SPLIT block=0x0xFFFF900000138040 alloc=0x0x0000000000004690 remainder=0x0xFFFF90000013C6F0 rem_size=0x0x0000000000B578F0
[heap] KMALLOC ptr=0x0xFFFF900000138060 size=0x0x0000000000004690 ra0=0x0xFFFFFFFF80002DDD ra1=0x0xFFFFFFFF800113CB ra2=0x0xFFFFFFFF800164D6
[BEFORE SPLIT]
current=0x0xFFFF900000002020
current->size=0x0x0000000000000FC0
request=0x0x0000000000000200
header=0x0x0000000000000020
[AFTER SPLIT]
new_block=0x0xFFFF900000002240
new_block->size=0x0x0000000000000DA0
new_block->magic=0x0x00000000DEADC0DE
new_block->next=0x0xFFFF900000003000
[heap] SPLIT block=0x0xFFFF900000002020 alloc=0x0x0000000000000200 remainder=0x0xFFFF900000002240 rem_size=0x0x0000000000000DA0
[heap] KMALLOC ptr=0x0xFFFF900000002040 size=0x0x0000000000000200 ra0=0x0xFFFFFFFF8000868D ra1=0x0xFFFFFFFF80002DF3 ra2=0x0xFFFFFFFF800113CB
[heap] KFREE ptr=0x0xFFFF900000002040 size=0x0x0000000000000200 ra0=0x0xFFFFFFFF80008737
[MERGE CHECK]
current=0x0xFFFF900000002020
expected_next=0x0xFFFF900000002240
actual_next=0x0xFFFF900000002240
[heap] MERGE into=0x0xFFFF900000002020 absorb=0x0xFFFF900000002240 new_size=0x0x0000000000000FC0
[BEFORE SPLIT]
current=0x0xFFFF900000002020
current->size=0x0x0000000000000FC0
request=0x0x0000000000000200
header=0x0x0000000000000020
[AFTER SPLIT]
new_block=0x0xFFFF900000002240
new_block->size=0x0x0000000000000DA0
new_block->magic=0x0x00000000DEADC0DE
new_block->next=0x0xFFFF900000003000
[heap] SPLIT block=0x0xFFFF900000002020 alloc=0x0x0000000000000200 remainder=0x0xFFFF900000002240 rem_size=0x0x0000000000000DA0
[heap] KMALLOC ptr=0x0xFFFF900000002040 size=0x0x0000000000000200 ra0=0x0xFFFFFFFF80008765 ra1=0x0xFFFFFFFF80002DF3 ra2=0x0xFFFFFFFF800113CB
[heap] KFREE ptr=0x0xFFFF900000002040 size=0x0x0000000000000200 ra0=0x0xFFFFFFFF800087D4
[MERGE CHECK]
current=0x0xFFFF900000002020
expected_next=0x0xFFFF900000002240
actual_next=0x0xFFFF900000002240
[heap] MERGE into=0x0xFFFF900000002020 absorb=0x0xFFFF900000002240 new_size=0x0x0000000000000FC0
[heap] KFREE ptr=0x0xFFFF900000138060 size=0x0x0000000000004690 ra0=0x0xFFFFFFFF80003012
[MERGE CHECK]
current=0x0xFFFF900000138040
expected_next=0x0xFFFF90000013C6F0
actual_next=0x0xFFFF90000013C6F0
[heap] MERGE into=0x0xFFFF900000138040 absorb=0x0xFFFF90000013C6F0 new_size=0x0x0000000000B5BFA0
[BEFORE SPLIT]
current=0x0xFFFF900000138040
current->size=0x0x0000000000B5BFA0
request=0x0x0000000000040000
header=0x0x0000000000000020
[AFTER SPLIT]
new_block=0x0xFFFF900000178060
new_block->size=0x0x0000000000B1BF80
new_block->magic=0x0x00000000DEADC0DE
new_block->next=0x0x0000000000000000
[heap] SPLIT block=0x0xFFFF900000138040 alloc=0x0x0000000000040000 remainder=0x0xFFFF900000178060 rem_size=0x0x0000000000B1BF80
[heap] KMALLOC ptr=0x0xFFFF900000138060 size=0x0x0000000000040000 ra0=0x0xFFFFFFFF80003021 ra1=0x0xFFFFFFFF800113CB ra2=0x0xFFFFFFFF800164D6
[heap] KFREE ptr=0x0xFFFF9000000F8040 size=0x0x0000000000040000 ra0=0x0xFFFFFFFF80010D87
[BEFORE SPLIT]
current=0x0xFFFF900000002020
current->size=0x0x0000000000000FC0
request=0x0x0000000000000080
header=0x0x0000000000000020
[AFTER SPLIT]
new_block=0x0xFFFF9000000020C0
new_block->size=0x0x0000000000000F20
new_block->magic=0x0x00000000DEADC0DE
new_block->next=0x0xFFFF900000003000
[heap] SPLIT block=0x0xFFFF900000002020 alloc=0x0x0000000000000080 remainder=0x0xFFFF9000000020C0 rem_size=0x0x0000000000000F20
[heap] KMALLOC ptr=0x0xFFFF900000002040 size=0x0x0000000000000080 ra0=0x0xFFFFFFFF80011074 ra1=0x0xFFFFFFFF800164D6 ra2=0x0x0000000004000EF1
[BEFORE SPLIT]
current=0x0xFFFF900000178060
current->size=0x0x0000000000B1BF80
request=0x0x000000000007D000
header=0x0x0000000000000020
[AFTER SPLIT]
new_block=0x0xFFFF9000001F5080
new_block->size=0x0x0000000000A9EF60
new_block->magic=0x0x00000000DEADC0DE
new_block->next=0x0x0000000000000000
[heap] SPLIT block=0x0xFFFF900000178060 alloc=0x0x000000000007D000 remainder=0x0xFFFF9000001F5080 rem_size=0x0x0000000000A9EF60
[heap] KMALLOC ptr=0x0xFFFF900000178080 size=0x0x000000000007D000 ra0=0x0xFFFFFFFF80011074 ra1=0x0xFFFFFFFF800164D6 ra2=0x0x0000000004000F0C
[BEFORE SPLIT]
current=0x0xFFFF9000001F5080
current->size=0x0x0000000000A9EF60
request=0x0x000000000007D000
header=0x0x0000000000000020
[AFTER SPLIT]
new_block=0x0xFFFF9000002720A0
new_block->size=0x0x0000000000A21F40
new_block->magic=0x0x00000000DEADC0DE
new_block->next=0x0x0000000000000000
[heap] SPLIT block=0x0xFFFF9000001F5080 alloc=0x0x000000000007D000 remainder=0x0xFFFF9000002720A0 rem_size=0x0x0000000000A21F40
[heap] KMALLOC ptr=0x0xFFFF9000001F50A0 size=0x0x000000000007D000 ra0=0x0xFFFFFFFF800056AB ra1=0x0xFFFFFFFF80010F7B ra2=0x0xFFFFFFFF800164D6
[BEFORE SPLIT]
current=0x0xFFFF9000000020C0
current->size=0x0x0000000000000F20
request=0x0x0000000000000200
header=0x0x0000000000000020
[AFTER SPLIT]
new_block=0x0xFFFF9000000022E0
new_block->size=0x0x0000000000000D00
new_block->magic=0x0x00000000DEADC0DE
new_block->next=0x0xFFFF900000003000
[heap] SPLIT block=0x0xFFFF9000000020C0 alloc=0x0x0000000000000200 remainder=0x0xFFFF9000000022E0 rem_size=0x0x0000000000000D00
[heap] KMALLOC ptr=0x0xFFFF9000000020E0 size=0x0x0000000000000200 ra0=0x0xFFFFFFFF80008FE4 ra1=0x0xFFFFFFFF80010F96 ra2=0x0xFFFFFFFF800164D6
[heap] KFREE ptr=0x0xFFFF9000000020E0 size=0x0x0000000000000200 ra0=0x0xFFFFFFFF800092D9
[MERGE CHECK]
current=0x0xFFFF9000000020C0
expected_next=0x0xFFFF9000000022E0
actual_next=0x0xFFFF9000000022E0
[heap] MERGE into=0x0xFFFF9000000020C0 absorb=0x0xFFFF9000000022E0 new_size=0x0x0000000000000F20
[heap] KFREE ptr=0x0xFFFF9000001F50A0 size=0x0x000000000007D000 ra0=0x0xFFFFFFFF80005949
[MERGE CHECK]
current=0x0xFFFF9000001F5080
expected_next=0x0xFFFF9000002720A0
actual_next=0x0xFFFF9000002720A0
[heap] MERGE into=0x0xFFFF9000001F5080 absorb=0x0xFFFF9000002720A0 new_size=0x0x0000000000A9EF60
[heap] KFREE ptr=0x0xFFFF900000178080 size=0x0x000000000007D000 ra0=0x0xFFFFFFFF80011042
[MERGE CHECK]
current=0x0xFFFF900000178060
expected_next=0x0xFFFF9000001F5080
actual_next=0x0xFFFF9000001F5080
[heap] MERGE into=0x0xFFFF900000178060 absorb=0x0xFFFF9000001F5080 new_size=0x0x0000000000B1BF80
[heap] KFREE ptr=0x0xFFFF900000002040 size=0x0x0000000000000080 ra0=0x0xFFFFFFFF80011042
[MERGE CHECK]
current=0x0xFFFF900000002020
expected_next=0x0xFFFF9000000020C0
actual_next=0x0xFFFF9000000020C0
[heap] MERGE into=0x0xFFFF900000002020 absorb=0x0xFFFF9000000020C0 new_size=0x0x0000000000000FC0
[BEFORE SPLIT]
current=0x0xFFFF900000002020
current->size=0x0x0000000000000FC0
request=0x0x0000000000000200
header=0x0x0000000000000020
[AFTER SPLIT]
new_block=0x0xFFFF900000002240
new_block->size=0x0x0000000000000DA0
new_block->magic=0x0x00000000DEADC0DE
new_block->next=0x0xFFFF900000003000
[heap] SPLIT block=0x0xFFFF900000002020 alloc=0x0x0000000000000200 remainder=0x0xFFFF900000002240 rem_size=0x0x0000000000000DA0
[heap] KMALLOC ptr=0x0xFFFF900000002040 size=0x0x0000000000000200 ra0=0x0xFFFFFFFF80008560 ra1=0x0xFFFFFFFF80002DCF ra2=0x0xFFFFFFFF800113CB
[heap] KFREE ptr=0x0xFFFF900000002040 size=0x0x0000000000000200 ra0=0x0xFFFFFFFF800085F2
[MERGE CHECK]
current=0x0xFFFF900000002020
expected_next=0x0xFFFF900000002240
actual_next=0x0xFFFF900000002240
[heap] MERGE into=0x0xFFFF900000002020 absorb=0x0xFFFF900000002240 new_size=0x0x0000000000000FC0
[BEFORE SPLIT]
current=0x0xFFFF9000000F8020
current->size=0x0x0000000000040000
request=0x0x000000000000C0B0
header=0x0x0000000000000020
[AFTER SPLIT]
new_block=0x0xFFFF9000001040F0
new_block->size=0x0x0000000000033F30
new_block->magic=0x0x00000000DEADC0DE
new_block->next=0x0xFFFF900000138040
[heap] SPLIT block=0x0xFFFF9000000F8020 alloc=0x0x000000000000C0B0 remainder=0x0xFFFF9000001040F0 rem_size=0x0x0000000000033F30
[heap] KMALLOC ptr=0x0xFFFF9000000F8040 size=0x0x000000000000C0B0 ra0=0x0xFFFFFFFF80002DDD ra1=0x0xFFFFFFFF800113CB ra2=0x0xFFFFFFFF800164D6
[BEFORE SPLIT]
current=0x0xFFFF900000002020
current->size=0x0x0000000000000FC0
request=0x0x0000000000000200
header=0x0x0000000000000020
[AFTER SPLIT]
new_block=0x0xFFFF900000002240
new_block->size=0x0x0000000000000DA0
new_block->magic=0x0x00000000DEADC0DE
new_block->next=0x0xFFFF900000003000
[heap] SPLIT block=0x0xFFFF900000002020 alloc=0x0x0000000000000200 remainder=0x0xFFFF900000002240 rem_size=0x0x0000000000000DA0
[heap] KMALLOC ptr=0x0xFFFF900000002040 size=0x0x0000000000000200 ra0=0x0xFFFFFFFF8000868D ra1=0x0xFFFFFFFF80002DF3 ra2=0x0xFFFFFFFF800113CB
[heap] KFREE ptr=0x0xFFFF900000002040 size=0x0x0000000000000200 ra0=0x0xFFFFFFFF80008737
[MERGE CHECK]
current=0x0xFFFF900000002020
expected_next=0x0xFFFF900000002240
actual_next=0x0xFFFF900000002240
[heap] MERGE into=0x0xFFFF900000002020 absorb=0x0xFFFF900000002240 new_size=0x0x0000000000000FC0
[BEFORE SPLIT]
current=0x0xFFFF900000002020
current->size=0x0x0000000000000FC0
request=0x0x0000000000000200
header=0x0x0000000000000020
[AFTER SPLIT]
new_block=0x0xFFFF900000002240
new_block->size=0x0x0000000000000DA0
new_block->magic=0x0x00000000DEADC0DE
new_block->next=0x0xFFFF900000003000
[heap] SPLIT block=0x0xFFFF900000002020 alloc=0x0x0000000000000200 remainder=0x0xFFFF900000002240 rem_size=0x0x0000000000000DA0
[heap] KMALLOC ptr=0x0xFFFF900000002040 size=0x0x0000000000000200 ra0=0x0xFFFFFFFF80008765 ra1=0x0xFFFFFFFF80002DF3 ra2=0x0xFFFFFFFF800113CB
[heap] KFREE ptr=0x0xFFFF900000002040 size=0x0x0000000000000200 ra0=0x0xFFFFFFFF800087D4
[MERGE CHECK]
current=0x0xFFFF900000002020
expected_next=0x0xFFFF900000002240
actual_next=0x0xFFFF900000002240
[heap] MERGE into=0x0xFFFF900000002020 absorb=0x0xFFFF900000002240 new_size=0x0x0000000000000FC0
[heap] KFREE ptr=0x0xFFFF9000000F8040 size=0x0x000000000000C0B0 ra0=0x0xFFFFFFFF80003012
[MERGE CHECK]
current=0x0xFFFF9000000F8020
expected_next=0x0xFFFF9000001040F0
actual_next=0x0xFFFF9000001040F0
[heap] MERGE into=0x0xFFFF9000000F8020 absorb=0x0xFFFF9000001040F0 new_size=0x0x0000000000040000
[BEFORE SPLIT]
current=0x0xFFFF9000000F8020
current->size=0x0x0000000000040000
request=0x0x0000000000040000
header=0x0x0000000000000020
[heap] KMALLOC ptr=0x0xFFFF9000000F8040 size=0x0x0000000000040000 ra0=0x0xFFFFFFFF80003021 ra1=0x0xFFFFFFFF800113CB ra2=0x0xFFFFFFFF800164D6
[heap] KFREE ptr=0x0xFFFF900000138060 size=0x0x0000000000040000 ra0=0x0xFFFFFFFF80010D87
[MERGE CHECK]
current=0x0xFFFF900000138040
expected_next=0x0xFFFF900000178060
actual_next=0x0xFFFF900000178060
[heap] MERGE into=0x0xFFFF900000138040 absorb=0x0xFFFF900000178060 new_size=0x0x0000000000B5BFA0
[BEFORE SPLIT]
current=0x0xFFFF900000002020
current->size=0x0x0000000000000FC0
request=0x0x0000000000000080
header=0x0x0000000000000020
[AFTER SPLIT]
new_block=0x0xFFFF9000000020C0
new_block->size=0x0x0000000000000F20
new_block->magic=0x0x00000000DEADC0DE
new_block->next=0x0xFFFF900000003000
[heap] SPLIT block=0x0xFFFF900000002020 alloc=0x0x0000000000000080 remainder=0x0xFFFF9000000020C0 rem_size=0x0x0000000000000F20
[heap] KMALLOC ptr=0x0xFFFF900000002040 size=0x0x0000000000000080 ra0=0x0xFFFFFFFF80011074 ra1=0x0xFFFFFFFF800164D6 ra2=0x0x00000000040069D1
[BEFORE SPLIT]
current=0x0xFFFF900000138040
current->size=0x0x0000000000B5BFA0
request=0x0x00000000000BB800
header=0x0x0000000000000020
[AFTER SPLIT]
new_block=0x0xFFFF9000001F3860
new_block->size=0x0x0000000000AA0780
new_block->magic=0x0x00000000DEADC0DE
new_block->next=0x0x0000000000000000
[heap] SPLIT block=0x0xFFFF900000138040 alloc=0x0x00000000000BB800 remainder=0x0xFFFF9000001F3860 rem_size=0x0x0000000000AA0780
[heap] KMALLOC ptr=0x0xFFFF900000138060 size=0x0x00000000000BB800 ra0=0x0xFFFFFFFF80011074 ra1=0x0xFFFFFFFF800164D6 ra2=0x0x00000000040069EC
[BEFORE SPLIT]
current=0x0xFFFF9000001F3860
current->size=0x0x0000000000AA0780
request=0x0x00000000000BB800
header=0x0x0000000000000020
[AFTER SPLIT]
new_block=0x0xFFFF9000002AF080
new_block->size=0x0x00000000009E4F60
new_block->magic=0x0x00000000DEADC0DE
new_block->next=0x0x0000000000000000
[heap] SPLIT block=0x0xFFFF9000001F3860 alloc=0x0x00000000000BB800 remainder=0x0xFFFF9000002AF080 rem_size=0x0x00000000009E4F60
[heap] KMALLOC ptr=0x0xFFFF9000001F3880 size=0x0x00000000000BB800 ra0=0x0xFFFFFFFF800056AB ra1=0x0xFFFFFFFF80010F7B ra2=0x0xFFFFFFFF800164D6
[BEFORE SPLIT]
current=0x0xFFFF9000000020C0
current->size=0x0x0000000000000F20
request=0x0x0000000000000200
header=0x0x0000000000000020
[AFTER SPLIT]
new_block=0x0xFFFF9000000022E0
new_block->size=0x0x0000000000000D00
new_block->magic=0x0x00000000DEADC0DE
new_block->next=0x0xFFFF900000003000
[heap] SPLIT block=0x0xFFFF9000000020C0 alloc=0x0x0000000000000200 remainder=0x0xFFFF9000000022E0 rem_size=0x0x0000000000000D00
[heap] KMALLOC ptr=0x0xFFFF9000000020E0 size=0x0x0000000000000200 ra0=0x0xFFFFFFFF80008FE4 ra1=0x0xFFFFFFFF80010F96 ra2=0x0xFFFFFFFF800164D6
[heap] KFREE ptr=0x0xFFFF9000000020E0 size=0x0x0000000000000200 ra0=0x0xFFFFFFFF800092D9
[MERGE CHECK]
current=0x0xFFFF9000000020C0
expected_next=0x0xFFFF9000000022E0
actual_next=0x0xFFFF9000000022E0
[heap] MERGE into=0x0xFFFF9000000020C0 absorb=0x0xFFFF9000000022E0 new_size=0x0x0000000000000F20
[BEFORE SPLIT]
current=0x0xFFFF9000000020C0
current->size=0x0x0000000000000F20
request=0x0x0000000000000200
header=0x0x0000000000000020
[AFTER SPLIT]
new_block=0x0xFFFF9000000022E0
new_block->size=0x0x0000000000000D00
new_block->magic=0x0x00000000DEADC0DE
new_block->next=0x0xFFFF900000003000
[heap] SPLIT block=0x0xFFFF9000000020C0 alloc=0x0x0000000000000200 remainder=0x0xFFFF9000000022E0 rem_size=0x0x0000000000000D00
[heap] KMALLOC ptr=0x0xFFFF9000000020E0 size=0x0x0000000000000200 ra0=0x0xFFFFFFFF80008457 ra1=0x0xFFFFFFFF80011156 ra2=0x0xFFFFFFFF800164D6
[heap] KFREE ptr=0x0xFFFF9000000020E0 size=0x0x0000000000000200 ra0=0x0xFFFFFFFF800084D3
[MERGE CHECK]
current=0x0xFFFF9000000020C0
expected_next=0x0xFFFF9000000022E0
actual_next=0x0xFFFF9000000022E0
[heap] MERGE into=0x0xFFFF9000000020C0 absorb=0x0xFFFF9000000022E0 new_size=0x0x0000000000000F20
[heap] KFREE ptr=0x0xFFFF9000001F3880 size=0x0x00000000000BB800 ra0=0x0xFFFFFFFF80005949
[MERGE CHECK]
current=0x0xFFFF9000001F3860
expected_next=0x0xFFFF9000002AF080
actual_next=0x0xFFFF9000002AF080
[heap] MERGE into=0x0xFFFF9000001F3860 absorb=0x0xFFFF9000002AF080 new_size=0x0x0000000000AA0780
[heap] KFREE ptr=0x0xFFFF900000138060 size=0x0x00000000000BB800 ra0=0x0xFFFFFFFF80011042
[MERGE CHECK]
current=0x0xFFFF900000138040
expected_next=0x0xFFFF9000001F3860
actual_next=0x0xFFFF9000001F3860
[heap] MERGE into=0x0xFFFF900000138040 absorb=0x0xFFFF9000001F3860 new_size=0x0x0000000000B5BFA0
[heap] KFREE ptr=0x0xFFFF900000002040 size=0x0x0000000000000080 ra0=0x0xFFFFFFFF80011042
[MERGE CHECK]
current=0x0xFFFF900000002020
expected_next=0x0xFFFF9000000020C0
actual_next=0x0xFFFF9000000020C0
[heap] MERGE into=0x0xFFFF900000002020 absorb=0x0xFFFF9000000020C0 new_size=0x0x0000000000000FC0
[heap] KFREE ptr=0x0xFFFF9000000F8040 size=0x0x0000000000040000 ra0=0x0xFFFFFFFF80010D87
[MERGE CHECK]
current=0x0xFFFF9000000F8020
expected_next=0x0xFFFF900000138040
actual_next=0x0xFFFF900000138040
[heap] MERGE into=0x0xFFFF9000000F8020 absorb=0x0xFFFF900000138040 new_size=0x0x0000000000B9BFC0
[ping] Resolving: google.com
[e1000] RX pkt len=64
[e1000] RX pkt len=166
[ping] Pinging 74.125.68.113 (google.com) from 10.0.2.15 with 32 bytes of data:
[e1000] RX pkt len=74
Reply from 74.125.68.113: bytes=32 time=50ms TTL=64
[e1000] RX pkt len=74
Reply from 74.125.68.113: bytes=32 time=50ms TTL=64
[e1000] RX pkt len=74
Reply from 74.125.68.113: bytes=32 time=33ms TTL=64
[e1000] RX pkt len=74
Reply from 74.125.68.113: bytes=32 time=117ms TTL=64

Ping statistics for 74.125.68.113:
  Packets: Sent=4, Received=4, Lost=0 (0% loss)
Approximate round trip times:
  Average = 62ms
[BEFORE SPLIT]
current=0x0xFFFF900000002020
current->size=0x0x0000000000000FC0
request=0x0x0000000000000200
header=0x0x0000000000000020
[AFTER SPLIT]
new_block=0x0xFFFF900000002240
new_block->size=0x0x0000000000000DA0
new_block->magic=0x0x00000000DEADC0DE
new_block->next=0x0xFFFF900000003000
[heap] SPLIT block=0x0xFFFF900000002020 alloc=0x0x0000000000000200 remainder=0x0xFFFF900000002240 rem_size=0x0x0000000000000DA0
[heap] KMALLOC ptr=0x0xFFFF900000002040 size=0x0x0000000000000200 ra0=0x0xFFFFFFFF80008560 ra1=0x0xFFFFFFFF80002DCF ra2=0x0xFFFFFFFF80015B71
[heap] KFREE ptr=0x0xFFFF900000002040 size=0x0x0000000000000200 ra0=0x0xFFFFFFFF800085F2
[MERGE CHECK]
current=0x0xFFFF900000002020
expected_next=0x0xFFFF900000002240
actual_next=0x0xFFFF900000002240
[heap] MERGE into=0x0xFFFF900000002020 absorb=0x0xFFFF900000002240 new_size=0x0x0000000000000FC0
[BEFORE SPLIT]
current=0x0xFFFF9000000F8020
current->size=0x0x0000000000B9BFC0
request=0x0x00000000000047F0
header=0x0x0000000000000020
[AFTER SPLIT]
new_block=0x0xFFFF9000000FC830
new_block->size=0x0x0000000000B977B0
new_block->magic=0x0x00000000DEADC0DE
new_block->next=0x0x0000000000000000
[heap] SPLIT block=0x0xFFFF9000000F8020 alloc=0x0x00000000000047F0 remainder=0x0xFFFF9000000FC830 rem_size=0x0x0000000000B977B0
[heap] KMALLOC ptr=0x0xFFFF9000000F8040 size=0x0x00000000000047F0 ra0=0x0xFFFFFFFF80002DDD ra1=0x0xFFFFFFFF80015B71 ra2=0x0x2E6E616D656C6966
[BEFORE SPLIT]
current=0x0xFFFF900000002020
current->size=0x0x0000000000000FC0
request=0x0x0000000000000200
header=0x0x0000000000000020
[AFTER SPLIT]
new_block=0x0xFFFF900000002240
new_block->size=0x0x0000000000000DA0
new_block->magic=0x0x00000000DEADC0DE
new_block->next=0x0xFFFF900000003000
[heap] SPLIT block=0x0xFFFF900000002020 alloc=0x0x0000000000000200 remainder=0x0xFFFF900000002240 rem_size=0x0x0000000000000DA0
[heap] KMALLOC ptr=0x0xFFFF900000002040 size=0x0x0000000000000200 ra0=0x0xFFFFFFFF8000868D ra1=0x0xFFFFFFFF80002DF3 ra2=0x0xFFFFFFFF80015B71
[heap] KFREE ptr=0x0xFFFF900000002040 size=0x0x0000000000000200 ra0=0x0xFFFFFFFF80008737
[MERGE CHECK]
current=0x0xFFFF900000002020
expected_next=0x0xFFFF900000002240
actual_next=0x0xFFFF900000002240
[heap] MERGE into=0x0xFFFF900000002020 absorb=0x0xFFFF900000002240 new_size=0x0x0000000000000FC0
[BEFORE SPLIT]
current=0x0xFFFF900000002020
current->size=0x0x0000000000000FC0
request=0x0x0000000000000200
header=0x0x0000000000000020
[AFTER SPLIT]
new_block=0x0xFFFF900000002240
new_block->size=0x0x0000000000000DA0
new_block->magic=0x0x00000000DEADC0DE
new_block->next=0x0xFFFF900000003000
[heap] SPLIT block=0x0xFFFF900000002020 alloc=0x0x0000000000000200 remainder=0x0xFFFF900000002240 rem_size=0x0x0000000000000DA0
[heap] KMALLOC ptr=0x0xFFFF900000002040 size=0x0x0000000000000200 ra0=0x0xFFFFFFFF80008765 ra1=0x0xFFFFFFFF80002DF3 ra2=0x0xFFFFFFFF80015B71
[heap] KFREE ptr=0x0xFFFF900000002040 size=0x0x0000000000000200 ra0=0x0xFFFFFFFF800087D4
[MERGE CHECK]
current=0x0xFFFF900000002020
expected_next=0x0xFFFF900000002240
actual_next=0x0xFFFF900000002240
[heap] MERGE into=0x0xFFFF900000002020 absorb=0x0xFFFF900000002240 new_size=0x0x0000000000000FC0
[heap] KFREE ptr=0x0xFFFF9000000F8040 size=0x0x00000000000047F0 ra0=0x0xFFFFFFFF80003012
[MERGE CHECK]
current=0x0xFFFF9000000F8020
expected_next=0x0xFFFF9000000FC830
actual_next=0x0xFFFF9000000FC830
[heap] MERGE into=0x0xFFFF9000000F8020 absorb=0x0xFFFF9000000FC830 new_size=0x0x0000000000B9BFC0
[BEFORE SPLIT]
current=0x0xFFFF900000002020
current->size=0x0x0000000000000FC0
request=0x0x0000000000000080
header=0x0x0000000000000020
[AFTER SPLIT]
new_block=0x0xFFFF9000000020C0
new_block->size=0x0x0000000000000F20
new_block->magic=0x0x00000000DEADC0DE
new_block->next=0x0xFFFF900000003000
[heap] SPLIT block=0x0xFFFF900000002020 alloc=0x0x0000000000000080 remainder=0x0xFFFF9000000020C0 rem_size=0x0x0000000000000F20
[heap] KMALLOC ptr=0x0xFFFF900000002040 size=0x0x0000000000000080 ra0=0x0xFFFFFFFF80011074 ra1=0x0xFFFFFFFF800164D6 ra2=0x0x00000000040010E1
[BEFORE SPLIT]
current=0x0xFFFF9000000F8020
current->size=0x0x0000000000B9BFC0
request=0x0x000000000002EE00
header=0x0x0000000000000020
[AFTER SPLIT]
new_block=0x0xFFFF900000126E40
new_block->size=0x0x0000000000B6D1A0
new_block->magic=0x0x00000000DEADC0DE
new_block->next=0x0x0000000000000000
[heap] SPLIT block=0x0xFFFF9000000F8020 alloc=0x0x000000000002EE00 remainder=0x0xFFFF900000126E40 rem_size=0x0x0000000000B6D1A0
[heap] KMALLOC ptr=0x0xFFFF9000000F8040 size=0x0x000000000002EE00 ra0=0x0xFFFFFFFF80011074 ra1=0x0xFFFFFFFF800164D6 ra2=0x0x00000000040010FC
[BEFORE SPLIT]
current=0x0xFFFF900000126E40
current->size=0x0x0000000000B6D1A0
request=0x0x000000000002EE00
header=0x0x0000000000000020
[AFTER SPLIT]
new_block=0x0xFFFF900000155C60
new_block->size=0x0x0000000000B3E380
new_block->magic=0x0x00000000DEADC0DE
new_block->next=0x0x0000000000000000
[heap] SPLIT block=0x0xFFFF900000126E40 alloc=0x0x000000000002EE00 remainder=0x0xFFFF900000155C60 rem_size=0x0x0000000000B3E380
[heap] KMALLOC ptr=0x0xFFFF900000126E60 size=0x0x000000000002EE00 ra0=0x0xFFFFFFFF800056AB ra1=0x0xFFFFFFFF80010F7B ra2=0x0xFFFFFFFF800164D6
[heap] KFREE ptr=0x0xFFFF900000126E60 size=0x0x000000000002EE00 ra0=0x0xFFFFFFFF80005949
[MERGE CHECK]
current=0x0xFFFF900000126E40
expected_next=0x0xFFFF900000155C60
actual_next=0x0xFFFF900000155C60
[heap] MERGE into=0x0xFFFF900000126E40 absorb=0x0xFFFF900000155C60 new_size=0x0x0000000000B6D1A0
[heap] KFREE ptr=0x0xFFFF9000000F8040 size=0x0x000000000002EE00 ra0=0x0xFFFFFFFF80011042
[MERGE CHECK]
current=0x0xFFFF9000000F8020
expected_next=0x0xFFFF900000126E40
actual_next=0x0xFFFF900000126E40
[heap] MERGE into=0x0xFFFF9000000F8020 absorb=0x0xFFFF900000126E40 new_size=0x0x0000000000B9BFC0
[heap] KFREE ptr=0x0xFFFF900000002040 size=0x0x0000000000000080 ra0=0x0xFFFFFFFF80011042
[MERGE CHECK]
current=0x0xFFFF900000002020
expected_next=0x0xFFFF9000000020C0
actual_next=0x0xFFFF9000000020C0
[heap] MERGE into=0x0xFFFF900000002020 absorb=0x0xFFFF9000000020C0 new_size=0x0x0000000000000FC0
[BEFORE SPLIT]
current=0x0xFFFF900000002020
current->size=0x0x0000000000000FC0
request=0x0x0000000000000200
header=0x0x0000000000000020
[AFTER SPLIT]
new_block=0x0xFFFF900000002240
new_block->size=0x0x0000000000000DA0
new_block->magic=0x0x00000000DEADC0DE
new_block->next=0x0xFFFF900000003000
[heap] SPLIT block=0x0xFFFF900000002020 alloc=0x0x0000000000000200 remainder=0x0xFFFF900000002240 rem_size=0x0x0000000000000DA0
[heap] KMALLOC ptr=0x0xFFFF900000002040 size=0x0x0000000000000200 ra0=0x0xFFFFFFFF80008560 ra1=0x0xFFFFFFFF80002DCF ra2=0x0xFFFFFFFF80015B71
[heap] KFREE ptr=0x0xFFFF900000002040 size=0x0x0000000000000200 ra0=0x0xFFFFFFFF800085F2
[MERGE CHECK]
current=0x0xFFFF900000002020
expected_next=0x0xFFFF900000002240
actual_next=0x0xFFFF900000002240
[heap] MERGE into=0x0xFFFF900000002020 absorb=0x0xFFFF900000002240 new_size=0x0x0000000000000FC0
[BEFORE SPLIT]
current=0x0xFFFF9000000F8020
current->size=0x0x0000000000B9BFC0
request=0x0x0000000000005920
header=0x0x0000000000000020
[AFTER SPLIT]
new_block=0x0xFFFF9000000FD960
new_block->size=0x0x0000000000B96680
new_block->magic=0x0x00000000DEADC0DE
new_block->next=0x0x0000000000000000
[heap] SPLIT block=0x0xFFFF9000000F8020 alloc=0x0x0000000000005920 remainder=0x0xFFFF9000000FD960 rem_size=0x0x0000000000B96680
[heap] KMALLOC ptr=0x0xFFFF9000000F8040 size=0x0x0000000000005920 ra0=0x0xFFFFFFFF80002DDD ra1=0x0xFFFFFFFF80015B71 ra2=0x0x6C652E6B636F6C63
[BEFORE SPLIT]
current=0x0xFFFF900000002020
current->size=0x0x0000000000000FC0
request=0x0x0000000000000200
header=0x0x0000000000000020
[AFTER SPLIT]
new_block=0x0xFFFF900000002240
new_block->size=0x0x0000000000000DA0
new_block->magic=0x0x00000000DEADC0DE
new_block->next=0x0xFFFF900000003000
[heap] SPLIT block=0x0xFFFF900000002020 alloc=0x0x0000000000000200 remainder=0x0xFFFF900000002240 rem_size=0x0x0000000000000DA0
[heap] KMALLOC ptr=0x0xFFFF900000002040 size=0x0x0000000000000200 ra0=0x0xFFFFFFFF8000868D ra1=0x0xFFFFFFFF80002DF3 ra2=0x0xFFFFFFFF80015B71
[heap] KFREE ptr=0x0xFFFF900000002040 size=0x0x0000000000000200 ra0=0x0xFFFFFFFF80008737
[MERGE CHECK]
current=0x0xFFFF900000002020
expected_next=0x0xFFFF900000002240
actual_next=0x0xFFFF900000002240
[heap] MERGE into=0x0xFFFF900000002020 absorb=0x0xFFFF900000002240 new_size=0x0x0000000000000FC0
[BEFORE SPLIT]
current=0x0xFFFF900000002020
current->size=0x0x0000000000000FC0
request=0x0x0000000000000200
header=0x0x0000000000000020
[AFTER SPLIT]
new_block=0x0xFFFF900000002240
new_block->size=0x0x0000000000000DA0
new_block->magic=0x0x00000000DEADC0DE
new_block->next=0x0xFFFF900000003000
[heap] SPLIT block=0x0xFFFF900000002020 alloc=0x0x0000000000000200 remainder=0x0xFFFF900000002240 rem_size=0x0x0000000000000DA0
[heap] KMALLOC ptr=0x0xFFFF900000002040 size=0x0x0000000000000200 ra0=0x0xFFFFFFFF80008765 ra1=0x0xFFFFFFFF80002DF3 ra2=0x0xFFFFFFFF80015B71
[heap] KFREE ptr=0x0xFFFF900000002040 size=0x0x0000000000000200 ra0=0x0xFFFFFFFF800087D4
[MERGE CHECK]
current=0x0xFFFF900000002020
expected_next=0x0xFFFF900000002240
actual_next=0x0xFFFF900000002240
[heap] MERGE into=0x0xFFFF900000002020 absorb=0x0xFFFF900000002240 new_size=0x0x0000000000000FC0
[heap] KFREE ptr=0x0xFFFF9000000F8040 size=0x0x0000000000005920 ra0=0x0xFFFFFFFF80003012
[MERGE CHECK]
current=0x0xFFFF9000000F8020
expected_next=0x0xFFFF9000000FD960
actual_next=0x0xFFFF9000000FD960
[heap] MERGE into=0x0xFFFF9000000F8020 absorb=0x0xFFFF9000000FD960 new_size=0x0x0000000000B9BFC0
[BEFORE SPLIT]
current=0x0xFFFF900000002020
current->size=0x0x0000000000000FC0
request=0x0x0000000000000080
header=0x0x0000000000000020
[AFTER SPLIT]
new_block=0x0xFFFF9000000020C0
new_block->size=0x0x0000000000000F20
new_block->magic=0x0x00000000DEADC0DE
new_block->next=0x0xFFFF900000003000
[heap] SPLIT block=0x0xFFFF900000002020 alloc=0x0x0000000000000080 remainder=0x0xFFFF9000000020C0 rem_size=0x0x0000000000000F20
[heap] KMALLOC ptr=0x0xFFFF900000002040 size=0x0x0000000000000080 ra0=0x0xFFFFFFFF80011074 ra1=0x0xFFFFFFFF800164D6 ra2=0x0x0000000004001B11
[BEFORE SPLIT]
current=0x0xFFFF9000000F8020
current->size=0x0x0000000000B9BFC0
request=0x0x000000000008CA00
header=0x0x0000000000000020
[AFTER SPLIT]
new_block=0x0xFFFF900000184A40
new_block->size=0x0x0000000000B0F5A0
new_block->magic=0x0x00000000DEADC0DE
new_block->next=0x0x0000000000000000
[heap] SPLIT block=0x0xFFFF9000000F8020 alloc=0x0x000000000008CA00 remainder=0x0xFFFF900000184A40 rem_size=0x0x0000000000B0F5A0
[heap] KMALLOC ptr=0x0xFFFF9000000F8040 size=0x0x000000000008CA00 ra0=0x0xFFFFFFFF80011074 ra1=0x0xFFFFFFFF800164D6 ra2=0x0x0000000004001B2C
[BEFORE SPLIT]
current=0x0xFFFF900000184A40
current->size=0x0x0000000000B0F5A0
request=0x0x000000000008CA00
header=0x0x0000000000000020
[AFTER SPLIT]
new_block=0x0xFFFF900000211460
new_block->size=0x0x0000000000A82B80
new_block->magic=0x0x00000000DEADC0DE
new_block->next=0x0x0000000000000000
[heap] SPLIT block=0x0xFFFF900000184A40 alloc=0x0x000000000008CA00 remainder=0x0xFFFF900000211460 rem_size=0x0x0000000000A82B80
[heap] KMALLOC ptr=0x0xFFFF900000184A60 size=0x0x000000000008CA00 ra0=0x0xFFFFFFFF800056AB ra1=0x0xFFFFFFFF80010F7B ra2=0x0xFFFFFFFF800164D6
[heap] KFREE ptr=0x0xFFFF900000184A60 size=0x0x000000000008CA00 ra0=0x0xFFFFFFFF80005949
[MERGE CHECK]
current=0x0xFFFF900000184A40
expected_next=0x0xFFFF900000211460
actual_next=0x0xFFFF900000211460
[heap] MERGE into=0x0xFFFF900000184A40 absorb=0x0xFFFF900000211460 new_size=0x0x0000000000B0F5A0
[heap] KFREE ptr=0x0xFFFF9000000F8040 size=0x0x000000000008CA00 ra0=0x0xFFFFFFFF80011042
[MERGE CHECK]
current=0x0xFFFF9000000F8020
expected_next=0x0xFFFF900000184A40
actual_next=0x0xFFFF900000184A40
[heap] MERGE into=0x0xFFFF9000000F8020 absorb=0x0xFFFF900000184A40 new_size=0x0x0000000000B9BFC0
[heap] KFREE ptr=0x0xFFFF900000002040 size=0x0x0000000000000080 ra0=0x0xFFFFFFFF80011042
[MERGE CHECK]
current=0x0xFFFF900000002020
expected_next=0x0xFFFF9000000020C0
actual_next=0x0xFFFF9000000020C0
[heap] MERGE into=0x0xFFFF900000002020 absorb=0x0xFFFF9000000020C0 new_size=0x0x0000000000000FC0
